id_kel,nama_provinsi,nama_kota,nama_kecamatan,nama_kelurahan,suspek,perawatan_rs,isolasi_di_rumah,suspek_meninggal,selesai_isolasi,probable,perawatan_rs,isolasi_di_rumah,probable_meninggal,selesai_isolasi,pelaku_perjalanan,perawatan_rs,isolasi_di_rumah,selesai_isolasi,kontak_erat,isolasi_di_rumah,selesai_isolasi,discarded,meninggal,selesai_isolasi,positif,dirawat,sembuh,meninggal,self_isolation,keterangan
3172051003,DKI JAKARTA,JAKARTA UTARA,PADEMANGAN,ANCOL,404,1,29,0,374,4,0,0,0,4,10,0,1,9,572,26,546,7,0,7,232,3,188,3,38,
3173041007,DKI JAKARTA,JAKARTA BARAT,TAMBORA,ANGKE,369,3,29,2,335,1,0,0,1,0,0,0,0,0,451,17,434,25,0,25,141,10,113,2,16,
3175041005,DKI JAKARTA,JAKARTA TIMUR,KRAMAT JATI,BALE KAMBANG,237,3,26,1,207,1,0,0,0,1,5,0,0,5,449,36,413,23,0,23,131,5,105,3,18,
3175031003,DKI JAKARTA,JAKARTA TIMUR,JATINEGARA,BALI MESTER,86,0,3,1,82,0,0,0,0,0,0,0,0,0,108,17,91,4,0,4,34,0,24,1,9,
3175101006,DKI JAKARTA,JAKARTA TIMUR,CIPAYUNG,BAMBU APUS,319,10,31,1,277,0,0,0,0,0,4,0,0,4,499,61,438,17,0,17,128,2,104,2,20,
3174031002,DKI JAKARTA,JAKARTA SELATAN,MAMPANG PRAPATAN,BANGKA,221,6,24,2,189,5,1,0,1,3,18,0,0,18,596,42,554,8,0,8,138,4,111,2,21,
3175051002,DKI JAKARTA,JAKARTA TIMUR,PASAR REBO,BARU,310,3,58,1,248,0,0,0,0,0,4,0,0,4,362,34,328,17,0,17,143,2,95,0,46,
3175041004,DKI JAKARTA,JAKARTA TIMUR,KRAMAT JATI,BATU AMPAR,387,1,39,1,346,2,0,0,0,2,3,0,1,2,793,65,728,25,0,25,180,13,139,4,24,
3171071002,DKI JAKARTA,JAKARTA PUSAT,TANAH ABANG,BENDUNGAN HILIR,349,0,12,0,337,0,0,0,0,0,4,0,0,4,592,64,528,9,0,9,226,17,157,3,49,
3175031002,DKI JAKARTA,JAKARTA TIMUR,JATINEGARA,BIDARA CINA,314,5,41,3,265,0,0,0,0,0,5,0,0,5,376,57,319,31,0,31,229,6,189,9,25,
3174101002,DKI JAKARTA,JAKARTA SELATAN,PESANGGRAHAN,BINTARO,613,12,39,2,560,4,0,0,0,4,9,0,0,9,1291,137,1154,24,0,24,255,12,190,8,45,
3174011005,DKI JAKARTA,JAKARTA SELATAN,TEBET,BUKIT DURI,328,5,44,3,276,1,0,0,0,1,13,0,0,13,504,58,446,13,0,13,182,8,128,7,39,
3171041006,DKI JAKARTA,JAKARTA PUSAT,SENEN,BUNGUR,198,1,10,2,185,1,0,0,0,1,13,0,0,13,476,26,450,12,0,12,155,3,136,2,14,
3175061007,DKI JAKARTA,JAKARTA TIMUR,CAKUNG,CAKUNG BARAT,278,9,38,1,230,1,0,0,0,1,0,0,0,0,622,75,547,41,0,41,216,4,160,4,48,
3175061004,DKI JAKARTA,JAKARTA TIMUR,CAKUNG,CAKUNG TIMUR,341,17,40,2,282,2,0,0,1,1,5,0,0,5,710,118,592,35,0,35,225,10,176,3,36,
3175041007,DKI JAKARTA,JAKARTA TIMUR,KRAMAT JATI,CAWANG,268,8,34,0,226,1,0,0,0,1,5,0,0,5,671,151,520,15,0,15,208,11,143,4,50,
3175101008,DKI JAKARTA,JAKARTA TIMUR,CIPAYUNG,CEGER,207,8,21,0,178,0,0,0,0,0,1,0,0,1,337,76,261,8,0,8,95,3,71,3,18,
3171031006,DKI JAKARTA,JAKARTA PUSAT,KEMAYORAN,CEMPAKA BARU,568,8,81,2,477,1,0,0,0,1,7,0,0,7,846,159,687,33,0,33,354,12,254,15,73,
3171051002,DKI JAKARTA,JAKARTA PUSAT,CEMPAKA PUTIH,CEMPAKA PUTIH BARAT,807,12,31,2,762,3,1,0,0,2,15,0,1,14,1782,133,1649,49,0,49,612,23,526,11,52,
3171051001,DKI JAKARTA,JAKARTA PUSAT,CEMPAKA PUTIH,CEMPAKA PUTIH TIMUR,554,7,28,1,518,1,1,0,0,0,10,0,0,10,1262,71,1191,54,0,54,330,19,278,5,28,
3173011001,DKI JAKARTA,JAKARTA BARAT,CENGKARENG,CENGKARENG BARAT,541,11,99,1,430,0,0,0,0,0,6,0,0,6,1111,88,1023,12,0,12,307,9,242,5,51,
3173011006,DKI JAKARTA,JAKARTA BARAT,CENGKARENG,CENGKARENG TIMUR,712,8,87,7,610,1,0,0,0,1,4,0,0,4,1493,166,1327,17,0,17,505,14,403,13,75,
3175091002,DKI JAKARTA,JAKARTA TIMUR,CIRACAS,CIBUBUR,757,6,104,4,643,1,0,0,0,1,30,0,0,30,1691,66,1625,88,0,88,269,11,216,6,36,
3171011002,DKI JAKARTA,JAKARTA PUSAT,GAMBIR,CIDENG,256,4,21,2,229,0,0,0,0,0,10,0,1,9,532,64,468,13,0,13,173,4,149,6,14,
3174091003,DKI JAKARTA,JAKARTA SELATAN,JAGAKARSA,CIGANJUR,574,7,35,1,531,2,0,0,0,2,12,0,0,12,542,90,452,13,0,13,153,2,123,4,24,
3175051003,DKI JAKARTA,JAKARTA TIMUR,PASAR REBO,CIJANTUNG,634,9,113,3,509,0,0,0,0,0,2,0,0,2,470,38,432,9,0,9,222,8,167,7,40,
3171061003,DKI JAKARTA,JAKARTA PUSAT,MENTENG,CIKINI,132,3,9,0,120,0,0,0,0,0,1,0,0,1,185,9,176,11,0,11,48,1,37,2,8,
3174081006,DKI JAKARTA,JAKARTA SELATAN,PANCORAN,CIKOKO,155,1,6,0,148,1,0,0,0,1,10,0,0,10,258,22,236,0,0,0,56,2,47,1,6,
3174061001,DKI JAKARTA,JAKARTA SELATAN,CILANDAK,CILANDAK BARAT,777,12,102,5,658,1,0,0,0,1,97,0,1,96,1251,190,1061,37,0,37,276,14,219,7,36,
3174041003,DKI JAKARTA,JAKARTA SELATAN,PASAR MINGGU,CILANDAK TIMUR,407,7,62,1,337,4,0,0,0,4,17,0,0,17,378,49,329,86,0,86,228,4,197,7,20,
3175101002,DKI JAKARTA,JAKARTA TIMUR,CIPAYUNG,CILANGKAP,290,6,32,1,251,1,0,0,0,1,2,0,0,2,519,73,446,20,0,20,144,6,109,0,29,
3175041006,DKI JAKARTA,JAKARTA TIMUR,KRAMAT JATI,CILILITAN,271,4,27,1,239,0,0,0,0,0,6,0,0,6,679,76,603,45,0,45,213,5,168,4,36,
3172041001,DKI JAKARTA,JAKARTA UTARA,CILINCING,CILINCING,499,16,54,1,428,0,0,0,0,0,6,0,0,6,1086,48,1038,79,0,79,328,10,293,8,17,
3175101001,DKI JAKARTA,JAKARTA TIMUR,CIPAYUNG,CIPAYUNG,425,7,41,2,375,3,0,0,1,2,7,0,0,7,544,99,445,24,0,24,178,6,148,2,22,
3174091006,DKI JAKARTA,JAKARTA SELATAN,JAGAKARSA,CIPEDAK,491,9,25,0,457,2,0,0,0,2,1,0,0,1,635,225,410,6,0,6,224,4,112,2,106,
3174061005,DKI JAKARTA,JAKARTA SELATAN,CILANDAK,CIPETE SELATAN,230,2,28,1,199,2,0,0,0,2,45,0,0,45,428,80,348,6,0,6,99,5,67,7,20,
3174071010,DKI JAKARTA,JAKARTA SELATAN,KEBAYORAN BARU,CIPETE UTARA,475,5,73,3,394,0,0,0,0,0,9,0,0,9,472,94,378,5,0,5,119,4,86,3,26,
3175021003,DKI JAKARTA,JAKARTA TIMUR,PULO GADUNG,CIPINANG,261,8,21,2,230,1,0,0,0,1,3,0,0,3,801,91,710,37,0,37,273,6,228,9,30,
3175031007,DKI JAKARTA,JAKARTA TIMUR,JATINEGARA,CIPINANG BESAR SELATAN,212,6,17,2,187,2,0,0,0,2,1,0,0,1,418,64,354,16,0,16,145,3,115,2,25,
3175031008,DKI JAKARTA,JAKARTA TIMUR,JATINEGARA,CIPINANG BESAR UTARA,343,6,29,0,308,1,0,0,0,1,3,0,0,3,574,86,488,17,0,17,248,8,208,5,27,
3175031005,DKI JAKARTA,JAKARTA TIMUR,JATINEGARA,CIPINANG CEMPEDAK,224,4,21,2,197,0,0,0,0,0,3,0,0,3,387,48,339,17,0,17,139,0,108,3,28,
3175081005,DKI JAKARTA,JAKARTA TIMUR,MAKASAR,CIPINANG MELAYU,323,7,41,2,273,3,1,0,0,2,3,0,0,3,642,63,579,20,0,20,229,10,186,5,28,
3175031006,DKI JAKARTA,JAKARTA TIMUR,JATINEGARA,CIPINANG MUARA,365,10,41,1,313,5,0,0,0,5,6,0,0,6,741,102,639,25,0,25,259,13,211,4,31,
3174051003,DKI JAKARTA,JAKARTA SELATAN,KEBAYORAN LAMA,CIPULIR,269,3,22,4,240,6,0,0,0,6,6,0,0,6,488,27,461,8,0,8,179,6,137,4,32,
3175091001,DKI JAKARTA,JAKARTA TIMUR,CIRACAS,CIRACAS,768,13,96,9,650,3,0,0,0,3,22,0,0,22,1412,74,1338,44,0,44,369,12,288,10,59,
3175041003,DKI JAKARTA,JAKARTA TIMUR,KRAMAT JATI,DUKUH,229,7,35,1,186,0,0,0,0,0,1,0,0,1,578,98,480,13,0,13,126,2,96,2,26,
3175071001,DKI JAKARTA,JAKARTA TIMUR,DUREN SAWIT,DUREN SAWIT,784,9,39,3,733,17,2,0,0,15,2,0,0,2,945,103,842,29,0,29,472,8,400,12,52,
3174081004,DKI JAKARTA,JAKARTA SELATAN,PANCORAN,DUREN TIGA,339,3,21,0,315,2,0,0,0,2,6,0,2,4,540,57,483,3,0,3,149,3,114,0,32,
3173051005,DKI JAKARTA,JAKARTA BARAT,KEBON JERUK,DURI KEPA,432,5,39,2,386,3,0,0,0,3,12,0,0,12,1137,99,1038,70,0,70,344,13,264,9,58,
3173011002,DKI JAKARTA,JAKARTA BARAT,CENGKARENG,DURI KOSAMBI,487,5,63,3,416,0,0,0,0,0,4,0,0,4,893,87,806,11,0,11,305,15,222,4,64,
3171011006,DKI JAKARTA,JAKARTA PUSAT,GAMBIR,DURI PULO,164,1,20,3,140,0,0,0,0,0,1,0,0,1,373,53,320,7,0,7,151,2,127,5,17,
3173041011,DKI JAKARTA,JAKARTA BARAT,TAMBORA,DURI SELATAN,132,4,16,1,111,0,0,0,0,0,2,0,0,2,138,12,126,4,0,4,64,0,53,3,8,
3173041003,DKI JAKARTA,JAKARTA BARAT,TAMBORA,DURI UTARA,175,1,19,2,153,1,0,0,0,1,2,0,0,2,205,13,192,3,0,3,113,2,92,4,15,
3171081003,DKI JAKARTA,JAKARTA PUSAT,JOHAR BARU,GALUR,195,2,12,0,181,3,0,0,0,3,3,0,0,3,474,57,417,46,0,46,204,1,181,9,13,
3171011001,DKI JAKARTA,JAKARTA PUSAT,GAMBIR,GAMBIR,79,4,5,0,70,1,0,0,0,1,17,0,0,17,394,12,382,6,0,6,165,0,151,0,14,
3174061004,DKI JAKARTA,JAKARTA SELATAN,CILANDAK,GANDARIA SELATAN,178,6,15,0,157,2,0,0,0,2,20,0,0,20,594,55,539,3,0,3,134,6,92,3,33,
3174071009,DKI JAKARTA,JAKARTA SELATAN,KEBAYORAN BARU,GANDARIA UTARA,488,4,78,2,404,0,0,0,0,0,3,0,0,3,542,60,482,5,0,5,172,4,122,3,43,
3175051001,DKI JAKARTA,JAKARTA TIMUR,PASAR REBO,GEDONG,653,9,47,0,597,0,0,0,0,0,4,0,0,4,351,57,294,24,0,24,193,7,155,2,29,
3171071001,DKI JAKARTA,JAKARTA PUSAT,TANAH ABANG,GELORA,55,1,2,1,51,0,0,0,0,0,5,0,0,5,171,28,143,0,0,0,116,2,96,2,16,
3173031007,DKI JAKARTA,JAKARTA BARAT,TAMAN SARI,GLODOK,102,0,17,0,85,0,0,0,0,0,1,0,0,1,159,16,143,0,0,0,32,1,19,1,11,
3171061004,DKI JAKARTA,JAKARTA PUSAT,MENTENG,GONDANGDIA,54,1,3,1,49,0,0,0,0,0,7,0,0,7,125,14,111,7,0,7,54,1,48,3,2,
3173021001,DKI JAKARTA,JAKARTA BARAT,GROGOL PETAMBURAN,GROGOL,430,4,69,4,353,1,0,0,0,1,43,0,0,43,828,121,707,36,0,36,196,9,158,1,28,
3174051005,DKI JAKARTA,JAKARTA SELATAN,KEBAYORAN LAMA,GROGOL SELATAN,311,3,34,5,269,0,0,0,0,0,12,0,0,12,564,47,517,11,0,11,203,9,147,7,40,
3174051004,DKI JAKARTA,JAKARTA SELATAN,KEBAYORAN LAMA,GROGOL UTARA,331,4,24,4,299,0,0,0,0,0,24,0,0,24,567,53,514,16,0,16,252,9,202,8,33,
3174021007,DKI JAKARTA,JAKARTA SELATAN,SETIA BUDI,GUNTUR,55,2,5,0,48,0,0,0,0,0,1,0,0,1,178,14,164,1,0,1,33,0,27,0,6,
3174071002,DKI JAKARTA,JAKARTA SELATAN,KEBAYORAN BARU,GUNUNG,228,0,18,3,207,0,0,0,0,0,7,0,0,7,326,25,301,0,0,0,93,4,59,2,28,
3171031005,DKI JAKARTA,JAKARTA PUSAT,KEMAYORAN,GUNUNG SAHARI SELATAN,262,2,15,1,244,0,0,0,0,0,4,0,0,4,419,37,382,1,0,1,145,2,114,5,24,
3171021004,DKI JAKARTA,JAKARTA PUSAT,SAWAH BESAR,GUNUNG SAHARI UTARA,259,3,12,1,243,0,0,0,0,0,6,0,0,6,487,40,447,8,0,8,150,5,130,9,6,
3175081004,DKI JAKARTA,JAKARTA TIMUR,MAKASAR,HALIM PERDANA KUSUMAH,224,5,38,2,179,0,0,0,0,0,5,0,0,5,483,57,426,9,0,9,350,6,282,4,58,
3171031003,DKI JAKARTA,JAKARTA PUSAT,KEMAYORAN,HARAPAN MULIA,318,1,27,3,287,0,0,0,0,0,6,0,0,6,495,66,429,30,0,30,225,1,172,8,44,
3174091001,DKI JAKARTA,JAKARTA SELATAN,JAGAKARSA,JAGAKARSA,811,7,61,2,741,8,0,0,0,8,8,0,0,8,982,158,824,18,0,18,342,12,261,5,64,
3175021007,DKI JAKARTA,JAKARTA TIMUR,PULO GADUNG,JATI,327,5,23,1,298,0,0,0,0,0,7,0,0,7,843,80,763,34,0,34,231,7,200,1,23,
3174041002,DKI JAKARTA,JAKARTA SELATAN,PASAR MINGGU,JATI PADANG,436,9,72,2,353,0,0,0,0,0,3,0,0,3,557,73,484,67,0,67,167,6,115,5,41,
3173071004,DKI JAKARTA,JAKARTA BARAT,PALMERAH,JATI PULO,466,3,45,4,414,1,0,0,0,1,3,0,0,3,698,53,645,62,0,62,262,7,215,6,34,
3175061001,DKI JAKARTA,JAKARTA TIMUR,CAKUNG,JATINEGARA,561,6,124,3,428,1,0,0,0,1,3,0,0,3,1248,232,1016,43,0,43,440,14,315,7,104,
3175021004,DKI JAKARTA,JAKARTA TIMUR,PULO GADUNG,JATINEGARA KAUM,107,2,6,0,99,1,0,0,1,0,3,0,0,3,317,56,261,11,0,11,81,3,58,3,17,
3173021004,DKI JAKARTA,JAKARTA BARAT,GROGOL PETAMBURAN,JELAMBAR,365,5,33,5,322,2,0,0,0,2,25,0,0,25,679,58,621,12,0,12,192,15,140,6,31,
3173021006,DKI JAKARTA,JAKARTA BARAT,GROGOL PETAMBURAN,JELAMBAR BARU,339,2,28,2,307,2,0,0,0,2,4,0,0,4,569,72,497,18,0,18,130,2,103,4,21,
3173041006,DKI JAKARTA,JAKARTA BARAT,TAMBORA,JEMBATAN BESI,526,0,31,1,494,0,0,0,0,0,5,0,0,5,451,8,443,7,0,7,210,3,180,7,20,
3173041008,DKI JAKARTA,JAKARTA BARAT,TAMBORA,JEMBATAN LIMA,183,1,27,0,155,0,0,0,0,0,1,0,0,1,192,15,177,4,0,4,106,14,73,4,15,
3173081005,DKI JAKARTA,JAKARTA BARAT,KEMBANGAN,JOGLO,381,4,79,4,294,0,0,0,0,0,5,0,0,5,670,94,576,14,0,14,198,8,157,2,31,
3171081001,DKI JAKARTA,JAKARTA PUSAT,JOHAR BARU,JOHAR BARU,593,4,28,3,558,3,1,0,0,2,6,0,0,6,1630,131,1499,95,0,95,450,6,382,16,46,
3173041002,DKI JAKARTA,JAKARTA BARAT,TAMBORA,KALI ANYAR,344,1,27,0,316,1,0,0,0,1,3,0,0,3,337,12,325,14,0,14,166,2,143,5,16,
3172041004,DKI JAKARTA,JAKARTA UTARA,CILINCING,KALI BARU,429,12,46,5,366,0,0,0,0,0,4,0,0,4,615,27,588,43,0,43,313,2,248,7,56,
3174081002,DKI JAKARTA,JAKARTA SELATAN,PANCORAN,KALIBATA,476,8,39,4,425,7,0,0,0,7,11,0,0,11,738,73,665,12,0,12,255,1,218,5,31,
3173061001,DKI JAKARTA,JAKARTA BARAT,KALI DERES,KALIDERES,962,28,102,4,828,1,0,0,0,1,6,0,1,5,2066,224,1842,30,0,30,337,17,258,5,57,
3175051004,DKI JAKARTA,JAKARTA TIMUR,PASAR REBO,KALISARI,938,15,154,0,769,0,0,0,0,0,3,0,0,3,434,37,397,10,0,10,204,6,154,4,40,
3173061004,DKI JAKARTA,JAKARTA BARAT,KALI DERES,KAMAL,302,6,28,3,265,0,0,0,0,0,1,0,0,1,511,34,477,4,0,4,52,5,37,6,4,
3172011002,DKI JAKARTA,JAKARTA UTARA,PENJARINGAN,KAMAL MUARA,76,0,6,0,70,0,0,0,0,0,4,0,0,4,168,20,148,1,0,1,65,2,59,2,2,
3171071007,DKI JAKARTA,JAKARTA PUSAT,TANAH ABANG,KAMPUNG BALI,137,2,6,2,127,1,0,0,0,1,2,0,0,2,244,41,203,2,0,2,63,1,50,3,9,
3175031001,DKI JAKARTA,JAKARTA TIMUR,JATINEGARA,KAMPUNG MELAYU,185,4,12,5,164,2,0,0,0,2,5,0,0,5,266,55,211,4,0,4,183,5,144,3,31,
3171081002,DKI JAKARTA,JAKARTA PUSAT,JOHAR BARU,KAMPUNG RAWA,280,3,9,0,268,1,0,0,0,1,0,0,0,0,689,70,619,65,0,65,256,4,226,13,13,
3175041002,DKI JAKARTA,JAKARTA TIMUR,KRAMAT JATI,KAMPUNG TENGAH,489,14,50,1,424,1,0,0,0,1,9,0,0,9,1041,108,933,50,0,50,254,8,209,11,26,
3173011005,DKI JAKARTA,JAKARTA BARAT,CENGKARENG,KAPUK,656,12,98,16,530,1,0,0,0,1,11,0,1,10,1323,160,1163,13,0,13,457,19,321,11,106,
3172011003,DKI JAKARTA,JAKARTA UTARA,PENJARINGAN,KAPUK MUARA,195,1,22,0,172,1,0,0,0,1,10,0,0,10,501,70,431,20,0,20,136,5,97,7,27,
3171021002,DKI JAKARTA,JAKARTA PUSAT,SAWAH BESAR,KARANG ANYAR,426,5,19,5,397,1,0,0,0,1,4,0,0,4,812,53,759,9,0,9,168,1,139,6,22,
3174021004,DKI JAKARTA,JAKARTA SELATAN,SETIA BUDI,KARET,120,3,11,0,106,0,0,0,0,0,11,0,0,11,371,38,333,4,0,4,112,2,89,0,21,
3174021003,DKI JAKARTA,JAKARTA SELATAN,SETIA BUDI,KARET KUNINGAN,203,1,24,1,177,0,0,0,0,0,21,0,0,21,357,51,306,4,0,4,149,19,86,2,42,
3174021002,DKI JAKARTA,JAKARTA SELATAN,SETIA BUDI,KARET SEMANGGI,49,0,0,1,48,0,0,0,0,0,3,0,0,3,77,4,73,2,0,2,24,0,22,2,0,
3171071003,DKI JAKARTA,JAKARTA PUSAT,TANAH ABANG,KARET TENGSIN,223,0,13,0,210,0,0,0,0,0,7,0,0,7,433,55,378,2,0,2,123,5,100,2,16,
3171021003,DKI JAKARTA,JAKARTA PUSAT,SAWAH BESAR,KARTINI,305,3,15,1,286,1,0,0,0,1,0,0,0,0,651,89,562,17,0,17,205,4,172,5,24,
3175011003,DKI JAKARTA,JAKARTA TIMUR,MATRAMAN,KAYU MANIS,324,5,22,0,297,3,0,0,0,3,1,0,0,1,630,41,589,29,0,29,182,8,140,4,30,
3175021006,DKI JAKARTA,JAKARTA TIMUR,PULO GADUNG,KAYU PUTIH,410,4,24,4,378,1,0,0,1,0,11,0,0,11,992,64,928,44,0,44,262,11,221,7,23,
3173031006,DKI JAKARTA,JAKARTA BARAT,TAMAN SARI,KEAGUNGAN,280,2,25,0,253,0,0,0,0,0,3,0,0,3,470,28,442,10,0,10,156,6,138,1,11,
3174041007,DKI JAKARTA,JAKARTA SELATAN,PASAR MINGGU,KEBAGUSAN,511,7,56,1,447,3,0,0,0,3,2,0,0,2,634,46,588,39,0,39,165,5,131,0,29,
3174051006,DKI JAKARTA,JAKARTA SELATAN,KEBAYORAN LAMA,KEBAYORAN LAMA SELATAN,475,15,49,0,411,5,1,0,0,4,2,0,0,2,716,33,683,14,0,14,242,12,175,5,50,
3174051001,DKI JAKARTA,JAKARTA SELATAN,KEBAYORAN LAMA,KEBAYORAN LAMA UTARA,331,7,28,1,295,1,0,0,0,1,15,0,0,15,456,35,421,4,0,4,160,12,121,4,23,
3174011004,DKI JAKARTA,JAKARTA SELATAN,TEBET,KEBON BARU,339,1,65,2,271,0,0,0,0,0,15,0,0,15,625,85,540,18,0,18,177,9,121,3,44,
3172021005,DKI JAKARTA,JAKARTA UTARA,TANJUNG PRIOK,KEBON BAWANG,621,15,57,1,548,0,0,0,0,0,15,0,0,15,1087,63,1024,77,0,77,394,8,326,4,56,
3173051001,DKI JAKARTA,JAKARTA BARAT,KEBON JERUK,KEBON JERUK,613,6,77,6,524,2,0,0,0,2,13,0,0,13,1682,189,1493,58,0,58,557,17,452,14,74,
3171071006,DKI JAKARTA,JAKARTA PUSAT,TANAH ABANG,KEBON KACANG,412,3,13,1,395,1,0,0,0,1,0,0,0,0,454,36,418,6,0,6,279,5,246,11,17,
3171011005,DKI JAKARTA,JAKARTA PUSAT,GAMBIR,KEBON KELAPA,139,0,16,1,122,3,0,0,0,3,4,0,0,4,256,42,214,2,0,2,83,0,72,1,10,
3171031002,DKI JAKARTA,JAKARTA PUSAT,KEMAYORAN,KEBON KOSONG,341,3,31,5,302,0,0,0,0,0,8,0,0,8,409,38,371,30,0,30,222,6,178,7,31,
3175011005,DKI JAKARTA,JAKARTA TIMUR,MATRAMAN,KEBON MANGGIS,168,2,12,4,150,0,0,0,0,0,2,0,0,2,235,19,216,23,0,23,129,3,112,2,12,
3171071005,DKI JAKARTA,JAKARTA PUSAT,TANAH ABANG,KEBON MELATI,447,5,23,3,416,1,1,0,0,0,5,0,0,5,727,111,616,10,0,10,436,3,400,8,25,
3175081003,DKI JAKARTA,JAKARTA TIMUR,MAKASAR,KEBON PALA,298,3,54,1,240,1,0,0,0,1,5,0,0,5,870,86,784,16,0,16,266,12,226,5,23,
3171061005,DKI JAKARTA,JAKARTA PUSAT,MENTENG,KEBON SIRIH,149,1,11,2,135,0,0,0,0,0,2,0,0,2,282,19,263,14,0,14,127,2,118,2,5,
3173011004,DKI JAKARTA,JAKARTA BARAT,CENGKARENG,KEDAUNG KALI ANGKE,418,6,54,0,358,0,0,0,0,0,1,0,0,1,491,67,424,6,0,6,262,5,211,3,43,
3173051007,DKI JAKARTA,JAKARTA BARAT,KEBON JERUK,KEDOYA SELATAN,300,4,49,5,242,2,0,0,0,2,6,0,0,6,603,94,509,20,0,20,177,11,120,5,41,
3173051006,DKI JAKARTA,JAKARTA BARAT,KEBON JERUK,KEDOYA UTARA,324,6,57,2,259,1,0,0,0,1,15,0,0,15,776,89,687,21,0,21,240,8,178,5,49,
3173051004,DKI JAKARTA,JAKARTA BARAT,KEBON JERUK,KELAPA DUA,244,6,31,0,207,0,0,0,0,0,5,0,0,5,534,88,446,22,0,22,134,4,100,2,28,
3175091003,DKI JAKARTA,JAKARTA TIMUR,CIRACAS,KELAPA DUA WETAN,520,3,52,1,464,1,0,0,0,1,7,0,0,7,997,80,917,36,0,36,183,7,157,2,17,
3172061003,DKI JAKARTA,JAKARTA UTARA,KELAPA GADING,KELAPA GADING BARAT,793,14,44,3,732,2,0,0,0,2,48,0,1,47,1194,75,1119,112,0,112,339,11,294,5,29,
3172061001,DKI JAKARTA,JAKARTA UTARA,KELAPA GADING,KELAPA GADING TIMUR,656,15,30,2,609,2,1,0,0,1,22,0,1,21,1186,71,1115,81,0,81,249,6,174,9,60,
3173071005,DKI JAKARTA,JAKARTA BARAT,PALMERAH,KEMANGGISAN,540,6,61,6,467,0,0,0,0,0,8,0,0,8,840,85,755,50,0,50,267,12,211,9,35,
3171031001,DKI JAKARTA,JAKARTA PUSAT,KEMAYORAN,KEMAYORAN,350,3,27,3,317,0,0,0,0,0,1,0,0,1,520,37,483,22,0,22,310,3,235,10,62,
3173081006,DKI JAKARTA,JAKARTA BARAT,KEMBANGAN,KEMBANGAN SELATAN,234,3,37,1,193,0,0,0,0,0,6,0,0,6,516,48,468,52,0,52,170,13,132,4,21,
3173081001,DKI JAKARTA,JAKARTA BARAT,KEMBANGAN,KEMBANGAN UTARA,513,12,73,3,425,4,0,0,1,3,3,0,0,3,1415,128,1287,10,0,10,262,11,191,5,55,
3171041002,DKI JAKARTA,JAKARTA PUSAT,SENEN,KENARI,191,4,12,1,174,1,0,0,0,1,4,0,0,4,467,46,421,46,0,46,168,2,156,2,8,
3173041005,DKI JAKARTA,JAKARTA BARAT,TAMBORA,KERENDANG,248,4,22,2,220,1,0,0,0,1,0,0,0,0,193,23,170,7,0,7,122,0,100,7,15,
3175071003,DKI JAKARTA,JAKARTA TIMUR,DUREN SAWIT,KLENDER,589,3,38,2,546,4,1,0,0,3,5,0,1,4,877,95,782,27,0,27,340,6,258,12,64,
3172031001,DKI JAKARTA,JAKARTA UTARA,KOJA,KOJA,281,1,18,0,262,0,0,0,0,0,4,0,0,4,412,19,393,38,0,38,266,2,207,5,52,
3173071006,DKI JAKARTA,JAKARTA BARAT,PALMERAH,KOTA BAMBU SELATAN,452,9,40,5,398,0,0,0,0,0,1,0,0,1,807,62,745,71,0,71,227,3,197,5,22,
3173071003,DKI JAKARTA,JAKARTA BARAT,PALMERAH,KOTA BAMBU UTARA,367,2,30,11,324,1,1,0,0,0,3,0,0,3,542,38,504,54,0,54,208,3,188,6,11,
3171041004,DKI JAKARTA,JAKARTA PUSAT,SENEN,KRAMAT,371,4,23,6,338,0,0,0,0,0,7,0,0,7,860,54,806,33,0,33,255,2,213,10,30,
3175041001,DKI JAKARTA,JAKARTA TIMUR,KRAMAT JATI,KRAMAT JATI,361,3,55,1,302,0,0,0,0,0,10,0,0,10,795,151,644,22,0,22,298,9,205,6,78,
3174071003,DKI JAKARTA,JAKARTA SELATAN,KEBAYORAN BARU,KRAMAT PELA,217,2,21,0,194,0,0,0,0,0,0,0,0,0,486,19,467,6,0,6,126,2,105,0,19,
3173031002,DKI JAKARTA,JAKARTA BARAT,TAMAN SARI,KRUKUT,253,3,38,6,206,1,0,0,0,1,3,0,0,3,413,66,347,12,0,12,162,7,129,4,22,
3174031005,DKI JAKARTA,JAKARTA SELATAN,MAMPANG PRAPATAN,KUNINGAN BARAT,114,3,20,1,90,0,0,0,0,0,0,0,0,0,451,37,414,5,0,5,104,5,77,0,22,
3174021008,DKI JAKARTA,JAKARTA SELATAN,SETIA BUDI,KUNINGAN TIMUR,114,0,3,1,110,1,0,0,0,1,20,0,0,20,156,25,131,1,0,1,89,1,67,2,19,
3171041005,DKI JAKARTA,JAKARTA PUSAT,SENEN,KWITANG,220,1,15,0,204,2,0,0,0,2,6,0,0,6,421,29,392,10,0,10,111,1,95,5,10,
3172031003,DKI JAKARTA,JAKARTA UTARA,KOJA,LAGOA,552,4,33,1,514,0,0,0,0,0,5,0,0,5,634,31,603,65,0,65,568,10,499,10,49,
3174061002,DKI JAKARTA,JAKARTA SELATAN,CILANDAK,LEBAK BULUS,352,1,64,2,285,3,0,0,0,3,27,0,0,27,845,264,581,22,0,22,416,3,141,9,263,
3174091004,DKI JAKARTA,JAKARTA SELATAN,JAGAKARSA,LENTENG AGUNG,563,7,40,0,516,3,0,0,0,3,6,0,0,6,588,87,501,14,0,14,186,4,147,2,33,
LUAR DKI JAKARTA,LUAR DKI JAKARTA,LUAR DKI JAKARTA,LUAR DKI JAKARTA,LUAR DKI JAKARTA,31209,578,4042,98,26491,74,12,0,0,62,598,0,11,587,49375,10031,39344,1763,0,1763,7242,314,6257,118,553,
3175101007,DKI JAKARTA,JAKARTA TIMUR,CIPAYUNG,LUBANG BUAYA,694,19,142,3,530,2,0,0,0,2,7,0,0,7,689,77,612,29,0,29,316,22,217,2,75,
3175081001,DKI JAKARTA,JAKARTA TIMUR,MAKASAR,MAKASAR,286,8,52,1,225,0,0,0,0,0,8,0,0,8,1021,114,907,23,0,23,239,9,196,0,34,
3175071006,DKI JAKARTA,JAKARTA TIMUR,DUREN SAWIT,MALAKA JAYA,305,7,19,2,277,1,0,0,0,1,2,0,0,2,527,49,478,15,0,15,205,6,162,1,36,
3175071005,DKI JAKARTA,JAKARTA TIMUR,DUREN SAWIT,MALAKA SARI,283,3,31,1,248,0,0,0,0,0,1,0,0,1,461,57,404,13,0,13,171,3,135,3,30,
3174031001,DKI JAKARTA,JAKARTA SELATAN,MAMPANG PRAPATAN,MAMPANG PRAPATAN,274,4,29,2,239,1,1,0,0,0,0,0,0,0,945,75,870,10,0,10,273,6,234,8,25,
3173031005,DKI JAKARTA,JAKARTA BARAT,TAMAN SARI,MANGGA BESAR,128,4,11,1,112,1,0,0,0,1,0,0,0,0,154,14,140,6,0,6,55,2,47,1,5,
3171021005,DKI JAKARTA,JAKARTA PUSAT,SAWAH BESAR,MANGGA DUA SELATAN,373,4,31,1,337,3,0,0,0,3,1,0,0,1,753,63,690,9,0,9,204,4,172,4,24,
3174011007,DKI JAKARTA,JAKARTA SELATAN,TEBET,MANGGARAI,369,9,41,0,319,4,0,0,0,4,4,0,0,4,485,41,444,23,0,23,179,3,139,1,36,
3174011006,DKI JAKARTA,JAKARTA SELATAN,TEBET,MANGGARAI SELATAN,244,9,43,2,190,0,0,0,0,0,6,0,0,6,444,40,404,21,0,21,104,5,76,2,21,
3173031003,DKI JAKARTA,JAKARTA BARAT,TAMAN SARI,MAPHAR,199,0,22,1,176,0,0,0,0,0,6,0,0,6,362,44,318,38,0,38,183,2,168,1,12,
3172041003,DKI JAKARTA,JAKARTA UTARA,CILINCING,MARUNDA,251,4,23,0,224,3,1,0,0,2,0,0,0,0,339,21,318,13,0,13,94,0,90,1,3,
3174071001,DKI JAKARTA,JAKARTA SELATAN,KEBAYORAN BARU,MELAWAI,55,0,7,0,48,0,0,0,0,0,1,0,0,1,72,12,60,0,0,0,16,1,12,1,2,
3171061001,DKI JAKARTA,JAKARTA PUSAT,MENTENG,MENTENG,370,3,37,2,328,2,0,0,0,2,2,0,0,2,685,59,626,27,0,27,250,7,212,10,21,
3174021005,DKI JAKARTA,JAKARTA SELATAN,SETIA BUDI,MENTENG ATAS,320,6,27,3,284,1,0,0,0,1,47,0,1,46,1223,149,1074,37,0,37,237,5,169,3,60,
3174011003,DKI JAKARTA,JAKARTA SELATAN,TEBET,MENTENG DALAM,523,5,34,4,480,3,0,0,0,3,13,0,0,13,680,40,640,39,0,39,195,5,151,7,32,
3173081003,DKI JAKARTA,JAKARTA BARAT,KEMBANGAN,MERUYA SELATAN,321,8,40,1,272,0,0,0,0,0,3,0,0,3,706,105,601,17,0,17,181,3,130,3,45,
3173081002,DKI JAKARTA,JAKARTA BARAT,KEMBANGAN,MERUYA UTARA,495,9,85,6,395,1,0,0,1,0,7,0,0,7,872,96,776,10,0,10,209,9,166,2,32,
3175101004,DKI JAKARTA,JAKARTA TIMUR,CIPAYUNG,MUNJUL,242,4,31,0,207,0,0,0,0,0,3,0,0,3,308,43,265,24,0,24,90,4,66,1,19,
3172051002,DKI JAKARTA,JAKARTA UTARA,PADEMANGAN,PADEMANGAN BARAT,1718,6,81,5,1626,5,1,0,0,4,15,0,1,14,2364,95,2269,34,0,34,659,10,593,21,35,
3172051001,DKI JAKARTA,JAKARTA UTARA,PADEMANGAN,PADEMANGAN TIMUR,555,2,40,3,510,2,0,0,0,2,13,0,0,13,817,51,766,16,0,16,253,4,185,4,60,
3175011004,DKI JAKARTA,JAKARTA TIMUR,MATRAMAN,PAL MERIAM,233,5,18,2,208,2,0,0,0,2,2,0,0,2,584,48,536,58,0,58,190,4,147,6,33,
3173071001,DKI JAKARTA,JAKARTA BARAT,PALMERAH,PALMERAH,1068,7,191,2,868,0,0,0,0,0,2,0,0,2,1691,211,1480,78,0,78,436,21,345,18,52,
3174081001,DKI JAKARTA,JAKARTA SELATAN,PANCORAN,PANCORAN,334,6,35,0,293,1,0,0,0,1,9,0,0,9,548,35,513,6,0,6,213,5,173,4,31,
3172021003,DKI JAKARTA,JAKARTA UTARA,TANJUNG PRIOK,PAPANGGO,403,5,54,0,344,1,0,0,0,1,7,0,0,7,786,88,698,56,0,56,258,3,198,2,55,
3171021001,DKI JAKARTA,JAKARTA PUSAT,SAWAH BESAR,PASAR BARU,220,1,10,2,207,1,0,0,0,1,5,0,0,5,440,26,414,9,0,9,154,2,140,1,11,
3174021006,DKI JAKARTA,JAKARTA SELATAN,SETIA BUDI,PASAR MANGGIS,215,2,11,3,199,4,1,0,0,3,27,0,0,27,897,83,814,17,0,17,200,6,151,8,35,
3174041001,DKI JAKARTA,JAKARTA SELATAN,PASAR MINGGU,PASAR MINGGU,374,2,42,1,329,2,0,0,0,2,5,0,0,5,546,106,440,20,0,20,206,2,172,5,27,
3171041003,DKI JAKARTA,JAKARTA PUSAT,SENEN,PASEBAN,491,4,39,1,447,2,0,0,0,2,12,0,0,12,871,112,759,61,0,61,265,7,219,8,31,
3173061005,DKI JAKARTA,JAKARTA BARAT,KALI DERES,PEGADUNGAN,655,6,67,7,575,0,0,0,0,0,10,0,0,10,1377,130,1247,17,0,17,236,17,179,6,34,
3171061002,DKI JAKARTA,JAKARTA PUSAT,MENTENG,PEGANGSAAN,343,2,29,2,310,1,0,0,0,1,2,0,0,2,832,38,794,51,0,51,349,13,306,4,26,
3172061002,DKI JAKARTA,JAKARTA UTARA,KELAPA GADING,PEGANGSAAN DUA,751,15,49,1,686,1,0,0,0,1,41,0,0,41,1548,95,1453,143,0,143,365,11,295,8,51,
3172011004,DKI JAKARTA,JAKARTA UTARA,PENJARINGAN,PEJAGALAN,496,9,62,2,423,3,0,0,0,3,8,0,1,7,855,88,767,28,0,28,244,7,191,5,41,
3174041006,DKI JAKARTA,JAKARTA SELATAN,PASAR MINGGU,PEJATEN BARAT,411,14,41,2,354,8,1,0,0,7,2,0,1,1,636,69,567,73,0,73,210,7,164,2,37,
3174041005,DKI JAKARTA,JAKARTA SELATAN,PASAR MINGGU,PEJATEN TIMUR,442,6,50,1,385,4,0,0,0,4,3,0,0,3,588,65,523,40,0,40,195,11,154,9,21,
3175051005,DKI JAKARTA,JAKARTA TIMUR,PASAR REBO,PEKAYON,777,6,100,1,670,1,1,0,0,0,3,0,0,3,308,37,271,12,0,12,174,6,137,2,29,
3173041009,DKI JAKARTA,JAKARTA BARAT,TAMBORA,PEKOJAN,273,2,19,2,250,0,0,0,0,0,2,0,0,2,237,15,222,17,0,17,110,5,94,3,8,
3174031003,DKI JAKARTA,JAKARTA SELATAN,MAMPANG PRAPATAN,PELA MAMPANG,329,5,42,2,280,4,0,0,0,4,14,0,0,14,1351,154,1197,6,0,6,271,9,205,5,52,
3174081005,DKI JAKARTA,JAKARTA SELATAN,PANCORAN,PENGADEGAN,183,2,20,2,159,0,0,0,0,0,8,0,0,8,367,28,339,10,0,10,96,7,78,1,10,
3175061003,DKI JAKARTA,JAKARTA TIMUR,CAKUNG,PENGGILINGAN,559,12,67,1,479,1,0,0,0,1,7,0,0,7,1505,205,1300,76,0,76,491,15,393,10,73,
3172011001,DKI JAKARTA,JAKARTA UTARA,PENJARINGAN,PENJARINGAN,1013,25,132,4,852,1,0,0,0,1,23,0,0,23,2802,143,2659,120,0,120,565,10,450,15,90,
3174101001,DKI JAKARTA,JAKARTA SELATAN,PESANGGRAHAN,PESANGGRAHAN,398,6,23,4,365,2,0,0,1,1,0,0,0,0,790,86,704,19,0,19,147,4,111,3,29,
3171071004,DKI JAKARTA,JAKARTA PUSAT,TANAH ABANG,PETAMBURAN,534,5,27,7,495,0,0,0,0,0,7,0,0,7,715,135,580,9,0,9,412,17,358,12,25,
3174071008,DKI JAKARTA,JAKARTA SELATAN,KEBAYORAN BARU,PETOGOGAN,179,1,60,0,118,0,0,0,0,0,3,0,0,3,249,41,208,0,0,0,59,2,49,0,8,
3171011004,DKI JAKARTA,JAKARTA PUSAT,GAMBIR,PETOJO SELATAN,216,2,16,1,197,0,0,0,0,0,25,0,1,24,704,97,607,15,0,15,250,3,219,8,20,
3171011003,DKI JAKARTA,JAKARTA PUSAT,GAMBIR,PETOJO UTARA,180,0,17,3,160,1,0,0,0,1,11,0,0,11,368,46,322,25,0,25,138,4,119,3,12,
3174101004,DKI JAKARTA,JAKARTA SELATAN,PESANGGRAHAN,PETUKANGAN SELATAN,397,7,24,2,364,0,0,0,0,0,2,0,0,2,791,70,721,8,0,8,155,8,102,4,41,
3174101003,DKI JAKARTA,JAKARTA SELATAN,PESANGGRAHAN,PETUKANGAN UTARA,495,7,69,4,415,2,0,0,0,2,5,0,0,5,1540,151,1389,9,0,9,275,9,199,2,65,
3175081002,DKI JAKARTA,JAKARTA TIMUR,MAKASAR,PINANG RANTI,218,5,38,1,174,0,0,0,0,0,0,0,0,0,606,52,554,28,0,28,141,7,106,4,24,
3173031008,DKI JAKARTA,JAKARTA BARAT,TAMAN SARI,PINANGSIA,131,2,16,1,112,0,0,0,0,0,2,0,0,2,218,15,203,2,0,2,87,7,74,0,6,
3175011001,DKI JAKARTA,JAKARTA TIMUR,MATRAMAN,PISANGAN BARU,323,8,22,3,290,1,0,0,0,1,3,0,0,3,431,49,382,31,0,31,167,2,136,7,22,
3175021002,DKI JAKARTA,JAKARTA TIMUR,PULO GADUNG,PISANGAN TIMUR,311,1,31,4,275,1,0,0,0,1,10,0,0,10,687,127,560,29,0,29,198,9,153,5,31,
3172011005,DKI JAKARTA,JAKARTA UTARA,PENJARINGAN,PLUIT,353,2,47,4,300,0,0,0,0,0,12,0,0,12,1170,108,1062,17,0,17,197,11,158,9,19,
3175071002,DKI JAKARTA,JAKARTA TIMUR,DUREN SAWIT,PONDOK BAMBU,916,5,43,1,867,5,0,0,0,5,3,0,0,3,956,115,841,29,0,29,363,3,294,6,60,
3175071004,DKI JAKARTA,JAKARTA TIMUR,DUREN SAWIT,PONDOK KELAPA,640,8,59,0,573,0,0,0,0,0,11,0,0,11,1063,113,950,22,0,22,338,11,269,10,48,
3175071007,DKI JAKARTA,JAKARTA TIMUR,DUREN SAWIT,PONDOK KOPI,403,0,53,1,349,0,0,0,0,0,2,0,0,2,437,29,408,13,0,13,230,6,169,8,47,
3174061003,DKI JAKARTA,JAKARTA SELATAN,CILANDAK,PONDOK LABU,430,15,68,1,346,6,0,0,0,6,73,0,0,73,988,132,856,37,0,37,176,2,129,1,44,
3174051002,DKI JAKARTA,JAKARTA SELATAN,KEBAYORAN LAMA,PONDOK PINANG,518,3,51,4,460,0,0,0,0,0,44,0,0,44,785,96,689,11,0,11,258,7,203,9,39,
3175101003,DKI JAKARTA,JAKARTA TIMUR,CIPAYUNG,PONDOK RANGGON,252,2,30,3,217,0,0,0,0,0,3,0,0,3,336,53,283,21,0,21,150,4,100,1,45,
PROSES UPDATE DATA,PROSES UPDATE DATA,PROSES UPDATE DATA,PROSES UPDATE DATA,PROSES UPDATE DATA,13221,87,754,1696,10684,2996,0,0,2994,2,104,0,0,104,13491,2892,10599,68,1,67,21366,571,18778,449,1568,
3101011003,DKI JAKARTA,KAB.ADM.KEP.SERIBU,KEP. SERIBU UTARA,PULAU HARAPAN,62,0,1,0,61,0,0,0,0,0,0,0,0,0,64,2,62,0,0,0,4,0,4,0,0,
3101011002,DKI JAKARTA,KAB.ADM.KEP.SERIBU,KEP. SERIBU UTARA,PULAU KELAPA,61,0,1,1,59,0,0,0,0,0,3,0,0,3,155,8,147,1,0,1,7,0,6,0,1,
3101011001,DKI JAKARTA,KAB.ADM.KEP.SERIBU,KEP. SERIBU UTARA,PULAU PANGGANG,132,0,39,1,92,0,0,0,0,0,0,0,0,0,171,7,164,4,0,4,23,0,19,0,4,
3101021003,DKI JAKARTA,KAB.ADM.KEP.SERIBU,KEP. SERIBU SELATAN,PULAU PARI,6,0,0,0,6,0,0,0,0,0,0,0,0,0,173,2,171,1,0,1,5,0,4,0,1,
3101021002,DKI JAKARTA,KAB.ADM.KEP.SERIBU,KEP. SERIBU SELATAN,PULAU TIDUNG,36,0,0,0,36,1,0,0,1,0,0,0,0,0,373,18,355,1,0,1,36,0,33,0,3,
3101021001,DKI JAKARTA,KAB.ADM.KEP.SERIBU,KEP. SERIBU SELATAN,PULAU UNTUNG JAWA,25,0,0,0,25,0,0,0,0,0,0,0,0,0,109,5,104,0,0,0,5,1,4,0,0,
3174071007,DKI JAKARTA,JAKARTA SELATAN,KEBAYORAN BARU,PULO,264,3,28,1,232,1,0,0,0,1,1,0,0,1,200,21,179,0,0,0,49,0,39,0,10,
3175021001,DKI JAKARTA,JAKARTA TIMUR,PULO GADUNG,PULO GADUNG,368,5,42,2,319,0,0,0,0,0,11,0,0,11,807,80,727,31,0,31,244,10,195,5,34,
3175061005,DKI JAKARTA,JAKARTA TIMUR,CAKUNG,PULO GEBANG,495,4,76,2,413,1,0,0,0,1,8,0,2,6,1249,142,1107,61,0,61,337,10,263,8,56,
3174041004,DKI JAKARTA,JAKARTA SELATAN,PASAR MINGGU,RAGUNAN,581,18,109,2,452,1,0,0,0,1,2,0,0,2,643,80,563,24,0,24,184,10,137,5,32,
3175091005,DKI JAKARTA,JAKARTA TIMUR,CIRACAS,RAMBUTAN,403,3,41,1,358,2,0,0,0,2,12,0,0,12,668,40,628,29,0,29,150,13,111,1,25,
3172031006,DKI JAKARTA,JAKARTA UTARA,KOJA,RAWA BADAK SELATAN,445,4,13,2,426,2,0,0,0,2,2,0,0,2,528,30,498,48,0,48,283,0,269,4,10,
3172031004,DKI JAKARTA,JAKARTA UTARA,KOJA,RAWA BADAK UTARA,402,6,24,1,371,0,0,0,0,0,2,0,0,2,471,30,441,72,0,72,222,2,204,4,12,
3174071005,DKI JAKARTA,JAKARTA SELATAN,KEBAYORAN BARU,RAWA BARAT,83,1,9,2,71,0,0,0,0,0,1,0,0,1,147,15,132,0,0,0,24,0,17,1,6,
3173011003,DKI JAKARTA,JAKARTA BARAT,CENGKARENG,RAWA BUAYA,331,5,55,2,269,1,1,0,0,0,4,0,0,4,722,117,605,5,0,5,261,4,192,10,55,
3175031004,DKI JAKARTA,JAKARTA TIMUR,JATINEGARA,RAWA BUNGA,146,3,18,1,124,0,0,0,0,0,1,0,0,1,212,33,179,12,0,12,115,1,87,2,25,
3174081003,DKI JAKARTA,JAKARTA SELATAN,PANCORAN,RAWA JATI,261,1,21,0,239,2,0,0,0,2,11,0,0,11,443,29,414,7,0,7,86,5,66,0,15,
3175061002,DKI JAKARTA,JAKARTA TIMUR,CAKUNG,RAWA TERATE,124,4,28,0,92,0,0,0,0,0,2,0,0,2,331,56,275,5,0,5,141,2,95,1,43,
3175021005,DKI JAKARTA,JAKARTA TIMUR,PULO GADUNG,RAWAMANGUN,313,2,24,0,287,0,0,0,0,0,7,0,0,7,796,103,693,30,0,30,255,12,191,6,46,
3171051003,DKI JAKARTA,JAKARTA PUSAT,CEMPAKA PUTIH,RAWASARI,651,3,31,2,615,3,0,0,1,2,7,0,0,7,1217,118,1099,32,0,32,396,18,348,5,25,
3173041010,DKI JAKARTA,JAKARTA BARAT,TAMBORA,ROA MALAKA,35,2,3,0,30,1,0,0,0,1,0,0,0,0,41,4,37,1,0,1,14,1,13,0,0,
3172041006,DKI JAKARTA,JAKARTA UTARA,CILINCING,ROROTAN,343,8,35,2,298,0,0,0,0,0,4,0,0,4,587,38,549,73,0,73,143,6,125,2,10,
3174071004,DKI JAKARTA,JAKARTA SELATAN,KEBAYORAN BARU,SELONG,64,0,17,0,47,0,0,0,0,0,3,0,0,3,112,14,98,2,0,2,27,0,20,1,6,
3173061002,DKI JAKARTA,JAKARTA BARAT,KALI DERES,SEMANAN,463,11,92,3,357,1,1,0,0,0,3,0,0,3,984,115,869,7,0,7,158,8,104,1,45,
3172041007,DKI JAKARTA,JAKARTA UTARA,CILINCING,SEMPER BARAT,653,7,78,1,567,3,1,0,0,2,12,0,0,12,1098,82,1016,100,0,100,418,8,340,7,63,
3172041005,DKI JAKARTA,JAKARTA UTARA,CILINCING,SEMPER TIMUR,387,5,47,1,334,1,0,0,0,1,4,0,0,4,647,36,611,47,0,47,200,4,171,3,22,
3174071006,DKI JAKARTA,JAKARTA SELATAN,KEBAYORAN BARU,SENAYAN,209,1,166,0,42,0,0,0,0,0,9,0,0,9,312,113,199,0,0,0,111,2,60,0,49,
3171041001,DKI JAKARTA,JAKARTA PUSAT,SENEN,SENEN,181,3,14,0,164,1,0,0,0,1,7,0,0,7,656,47,609,26,0,26,149,2,130,2,15,
3171031004,DKI JAKARTA,JAKARTA PUSAT,KEMAYORAN,SERDANG,407,5,29,2,371,0,0,0,0,0,5,0,0,5,648,89,559,29,0,29,240,2,186,6,46,
3174021001,DKI JAKARTA,JAKARTA SELATAN,SETIA BUDI,SETIA BUDI,78,1,7,0,70,0,0,0,0,0,4,0,0,4,316,16,300,6,0,6,29,2,25,0,2,
3175101005,DKI JAKARTA,JAKARTA TIMUR,CIPAYUNG,SETU,238,4,11,0,223,1,0,0,0,1,2,0,0,2,357,64,293,14,0,14,97,1,80,1,15,
3173071002,DKI JAKARTA,JAKARTA BARAT,PALMERAH,SLIPI,489,3,42,2,442,0,0,0,0,0,2,0,0,2,921,112,809,40,0,40,273,14,209,3,47,
3173081004,DKI JAKARTA,JAKARTA BARAT,KEMBANGAN,SRENGSENG,475,3,95,3,374,1,0,0,0,1,6,0,1,5,1129,185,944,22,0,22,257,7,196,4,50,
3174091002,DKI JAKARTA,JAKARTA SELATAN,JAGAKARSA,SRENGSENG SAWAH,661,11,77,0,573,8,0,0,0,8,11,0,0,11,787,147,640,26,0,26,206,6,154,7,39,
3173051003,DKI JAKARTA,JAKARTA BARAT,KEBON JERUK,SUKABUMI SELATAN,260,5,19,4,232,1,0,0,0,1,1,0,0,1,624,102,522,24,0,24,162,6,125,4,27,
3173051002,DKI JAKARTA,JAKARTA BARAT,KEBON JERUK,SUKABUMI UTARA,274,4,31,3,236,0,0,0,0,0,19,0,0,19,651,109,542,45,0,45,186,7,134,7,38,
3172041002,DKI JAKARTA,JAKARTA UTARA,CILINCING,SUKAPURA,534,8,41,2,483,0,0,0,0,0,6,0,0,6,849,41,808,89,0,89,308,9,273,5,21,
3171031007,DKI JAKARTA,JAKARTA PUSAT,KEMAYORAN,SUMUR BATU,377,6,26,1,344,1,0,0,0,1,5,0,0,5,502,57,445,28,0,28,205,8,169,2,26,
3172021004,DKI JAKARTA,JAKARTA UTARA,TANJUNG PRIOK,SUNGAI BAMBU,314,9,42,0,263,0,0,0,0,0,7,0,1,6,580,60,520,34,0,34,148,4,114,4,26,
3172021006,DKI JAKARTA,JAKARTA UTARA,TANJUNG PRIOK,SUNTER AGUNG,872,6,91,1,774,3,0,0,0,3,20,0,0,20,1801,143,1658,75,0,75,527,20,408,15,84,
3172021002,DKI JAKARTA,JAKARTA UTARA,TANJUNG PRIOK,SUNTER JAYA,784,11,99,6,668,1,1,0,0,0,9,0,0,9,1477,166,1311,161,0,161,492,13,386,17,76,
3175091004,DKI JAKARTA,JAKARTA TIMUR,CIRACAS,SUSUKAN,440,3,75,1,361,0,0,0,0,0,16,0,0,16,1100,42,1058,69,0,69,145,5,111,6,23,
3173031001,DKI JAKARTA,JAKARTA BARAT,TAMAN SARI,TAMAN SARI,259,3,21,0,235,2,0,0,0,2,0,0,0,0,365,52,313,15,0,15,162,6,133,4,19,
3173041001,DKI JAKARTA,JAKARTA BARAT,TAMBORA,TAMBORA,179,2,11,3,163,0,0,0,0,0,1,0,0,1,275,14,261,2,0,2,75,3,59,3,10,
3173041004,DKI JAKARTA,JAKARTA BARAT,TAMBORA,TANAH SEREAL,277,6,22,2,247,1,0,0,0,1,4,0,0,4,243,17,226,5,0,5,148,7,121,6,14,
3171081004,DKI JAKARTA,JAKARTA PUSAT,JOHAR BARU,TANAH TINGGI,417,7,19,3,388,2,0,0,0,2,2,0,0,2,938,104,834,35,0,35,364,3,321,17,23,
3173031004,DKI JAKARTA,JAKARTA BARAT,TAMAN SARI,TANGKI,230,2,21,1,206,1,0,0,0,1,3,0,0,3,278,29,249,2,0,2,97,3,84,1,9,
3174091005,DKI JAKARTA,JAKARTA SELATAN,JAGAKARSA,TANJUNG BARAT,517,14,57,1,445,1,0,0,0,1,2,0,0,2,490,75,415,11,0,11,219,7,163,5,44,
3173021005,DKI JAKARTA,JAKARTA BARAT,GROGOL PETAMBURAN,TANJUNG DUREN SELATAN,369,5,32,1,331,0,0,0,0,0,19,0,0,19,597,56,541,19,0,19,249,5,200,8,36,
3173021002,DKI JAKARTA,JAKARTA BARAT,GROGOL PETAMBURAN,TANJUNG DUREN UTARA,250,1,21,0,228,1,0,0,0,1,20,0,0,20,467,58,409,18,0,18,133,9,77,7,40,
3172021001,DKI JAKARTA,JAKARTA UTARA,TANJUNG PRIOK,TANJUNG PRIOK,457,6,41,6,404,0,0,0,0,0,10,0,0,10,701,69,632,64,0,64,316,4,273,9,30,
3174011002,DKI JAKARTA,JAKARTA SELATAN,TEBET,TEBET BARAT,413,8,37,0,368,1,0,0,0,1,8,0,0,8,584,54,530,23,0,23,277,1,233,6,37,
3174011001,DKI JAKARTA,JAKARTA SELATAN,TEBET,TEBET TIMUR,340,3,33,2,302,0,0,0,0,0,6,0,0,6,506,62,444,33,0,33,173,6,116,4,47,
3173061003,DKI JAKARTA,JAKARTA BARAT,KALI DERES,TEGAL ALUR,618,4,62,6,546,0,0,0,0,0,7,0,0,7,1137,120,1017,11,0,11,173,8,128,3,34,
3174031004,DKI JAKARTA,JAKARTA SELATAN,MAMPANG PRAPATAN,TEGAL PARANG,294,5,28,3,258,5,0,0,1,4,4,0,0,4,900,112,788,11,0,11,247,3,214,5,25,
3173021003,DKI JAKARTA,JAKARTA BARAT,GROGOL PETAMBURAN,TOMANG,391,5,39,2,345,0,0,0,0,0,15,0,1,14,653,61,592,74,0,74,242,6,203,6,27,
3172031005,DKI JAKARTA,JAKARTA UTARA,KOJA,TUGU SELATAN,377,10,28,1,338,0,0,0,0,0,2,0,0,2,410,24,386,68,0,68,214,4,161,6,43,
3172031002,DKI JAKARTA,JAKARTA UTARA,KOJA,TUGU UTARA,799,21,41,0,737,3,0,0,0,3,7,0,0,7,776,48,728,83,0,83,372,12,285,10,65,
3175061006,DKI JAKARTA,JAKARTA TIMUR,CAKUNG,UJUNG MENTENG,145,0,21,2,122,1,0,0,0,1,0,0,0,0,412,52,360,18,0,18,114,4,87,3,20,
3174101005,DKI JAKARTA,JAKARTA SELATAN,PESANGGRAHAN,ULUJAMI,504,4,35,2,463,0,0,0,0,0,0,0,0,0,1090,105,985,26,0,26,211,7,160,5,39,
3175011006,DKI JAKARTA,JAKARTA TIMUR,MATRAMAN,UTAN KAYU SELATAN,444,3,28,8,405,2,0,0,0,2,2,0,0,2,746,57,689,85,0,85,238,5,197,8,28,
3175011002,DKI JAKARTA,JAKARTA TIMUR,MATRAMAN,UTAN KAYU UTARA,365,6,26,0,333,2,0,0,0,2,3,0,0,3,596,45,551,45,0,45,183,4,143,9,27,
3171031008,DKI JAKARTA,JAKARTA PUSAT,KEMAYORAN,UTAN PANJANG,349,2,31,2,314,0,0,0,0,0,3,0,0,3,477,113,364,25,0,25,248,7,176,8,57,
3172021007,DKI JAKARTA,JAKARTA UTARA,TANJUNG PRIOK,WARAKAS,442,4,73,2,363,0,0,0,0,0,10,0,0,10,814,55,759,51,0,51,227,5,196,5,21,
3173021007,DKI JAKARTA,JAKARTA BARAT,GROGOL PETAMBURAN,WIJAYA KUSUMA,344,1,43,2,298,1,0,0,0,1,7,0,0,7,752,96,656,23,0,23,225,13,153,6,53,
