id_kel,nama_provinsi,nama_kota,nama_kecamatan,nama_kelurahan,suspek,perawatan_rs,isolasi_di_rumah,suspek_meninggal,selesai_isolasi,probable,perawatan_rs,isolasi_di_rumah,probable_meninggal,selesai_isolasi,pelaku_perjalanan,perawatan_rs,isolasi_di_rumah,selesai_isolasi,kontak_erat,isolasi_di_rumah,selesai_isolasi,discarded,meninggal,selesai_isolasi,positif,dirawat,sembuh,meninggal,self_isolation,keterangan
3172051003,DKI JAKARTA,JAKARTA UTARA,PADEMANGAN,ANCOL,389,1,20,0,368,4,0,0,0,4,9,0,0,9,557,19,538,7,0,7,224,1,186,3,34,
3173041007,DKI JAKARTA,JAKARTA BARAT,TAMBORA,ANGKE,362,3,24,2,333,1,0,0,1,0,0,0,0,0,448,17,431,25,0,25,136,9,113,2,12,
3175041005,DKI JAKARTA,JAKARTA TIMUR,KRAMAT JATI,BALE KAMBANG,234,3,24,1,206,1,0,0,0,1,5,0,0,5,443,34,409,23,0,23,127,6,100,3,18,
3175031003,DKI JAKARTA,JAKARTA TIMUR,JATINEGARA,BALI MESTER,84,0,1,1,82,0,0,0,0,0,0,0,0,0,106,16,90,4,0,4,33,1,23,1,8,
3175101006,DKI JAKARTA,JAKARTA TIMUR,CIPAYUNG,BAMBU APUS,307,10,30,1,266,0,0,0,0,0,4,0,0,4,475,57,418,17,0,17,125,3,98,2,22,
3174031002,DKI JAKARTA,JAKARTA SELATAN,MAMPANG PRAPATAN,BANGKA,212,6,21,2,183,5,1,0,1,3,18,0,0,18,581,40,541,8,0,8,130,2,108,2,18,
3175051002,DKI JAKARTA,JAKARTA TIMUR,PASAR REBO,BARU,298,3,55,1,239,0,0,0,0,0,4,0,0,4,354,31,323,17,0,17,132,3,88,0,41,
3175041004,DKI JAKARTA,JAKARTA TIMUR,KRAMAT JATI,BATU AMPAR,368,1,24,1,342,2,0,0,0,2,3,0,1,2,774,52,722,25,0,25,173,14,133,4,22,
3171071002,DKI JAKARTA,JAKARTA PUSAT,TANAH ABANG,BENDUNGAN HILIR,341,0,9,0,332,0,0,0,0,0,4,0,0,4,516,61,455,9,0,9,211,18,153,3,37,
3175031002,DKI JAKARTA,JAKARTA TIMUR,JATINEGARA,BIDARA CINA,310,5,43,3,259,0,0,0,0,0,5,0,0,5,365,49,316,31,0,31,226,4,185,9,28,
3174101002,DKI JAKARTA,JAKARTA SELATAN,PESANGGRAHAN,BINTARO,607,11,42,2,552,4,0,0,0,4,9,0,0,9,1270,126,1144,24,0,24,249,14,180,8,47,
3174011005,DKI JAKARTA,JAKARTA SELATAN,TEBET,BUKIT DURI,317,5,38,3,271,1,0,0,0,1,13,0,0,13,490,50,440,13,0,13,180,7,127,7,39,
3171041006,DKI JAKARTA,JAKARTA PUSAT,SENEN,BUNGUR,195,1,8,2,184,1,0,0,0,1,13,0,0,13,462,18,444,12,0,12,154,4,133,2,15,
3175061007,DKI JAKARTA,JAKARTA TIMUR,CAKUNG,CAKUNG BARAT,270,9,39,1,221,1,0,0,0,1,0,0,0,0,616,74,542,40,0,40,208,5,155,3,45,
3175061004,DKI JAKARTA,JAKARTA TIMUR,CAKUNG,CAKUNG TIMUR,328,16,34,2,276,2,0,0,1,1,5,0,0,5,683,97,586,35,0,35,215,16,165,2,32,
3175041007,DKI JAKARTA,JAKARTA TIMUR,KRAMAT JATI,CAWANG,256,7,26,0,223,1,0,0,0,1,5,0,0,5,632,122,510,15,0,15,198,10,137,4,47,
3175101008,DKI JAKARTA,JAKARTA TIMUR,CIPAYUNG,CEGER,202,7,23,0,172,0,0,0,0,0,1,0,0,1,296,54,242,8,0,8,92,5,60,3,24,
3171031006,DKI JAKARTA,JAKARTA PUSAT,KEMAYORAN,CEMPAKA BARU,521,7,41,2,471,1,0,0,0,1,7,0,0,7,780,111,669,33,0,33,311,12,240,15,44,
3171051002,DKI JAKARTA,JAKARTA PUSAT,CEMPAKA PUTIH,CEMPAKA PUTIH BARAT,789,10,21,2,756,3,1,0,0,2,14,0,1,13,1751,113,1638,48,0,48,601,21,510,10,60,
3171051001,DKI JAKARTA,JAKARTA PUSAT,CEMPAKA PUTIH,CEMPAKA PUTIH TIMUR,542,7,25,1,509,0,0,0,0,0,10,0,0,10,1241,57,1184,54,0,54,313,18,269,5,21,
3173011001,DKI JAKARTA,JAKARTA BARAT,CENGKARENG,CENGKARENG BARAT,507,11,73,1,422,0,0,0,0,0,6,0,0,6,1078,66,1012,12,0,12,294,9,239,4,42,
3173011006,DKI JAKARTA,JAKARTA BARAT,CENGKARENG,CENGKARENG TIMUR,685,8,74,7,596,1,0,0,0,1,4,0,0,4,1430,111,1319,17,0,17,495,16,389,13,77,
3175091002,DKI JAKARTA,JAKARTA TIMUR,CIRACAS,CIBUBUR,736,6,103,4,623,1,0,0,0,1,30,0,0,30,1664,58,1606,88,0,88,262,11,192,6,53,
3171011002,DKI JAKARTA,JAKARTA PUSAT,GAMBIR,CIDENG,249,4,16,2,227,0,0,0,0,0,10,0,1,9,517,55,462,13,0,13,171,4,148,6,13,
3174091003,DKI JAKARTA,JAKARTA SELATAN,JAGAKARSA,CIGANJUR,569,7,37,1,524,2,0,0,0,2,12,0,0,12,522,77,445,12,0,12,149,3,119,4,23,
3175051003,DKI JAKARTA,JAKARTA TIMUR,PASAR REBO,CIJANTUNG,621,9,106,3,503,0,0,0,0,0,2,0,0,2,461,35,426,9,0,9,210,8,161,7,34,
3171061003,DKI JAKARTA,JAKARTA PUSAT,MENTENG,CIKINI,128,3,7,0,118,0,0,0,0,0,1,0,0,1,180,9,171,11,0,11,42,3,34,2,3,
3174081006,DKI JAKARTA,JAKARTA SELATAN,PANCORAN,CIKOKO,155,1,7,0,147,1,0,0,0,1,10,0,0,10,254,21,233,0,0,0,56,2,47,1,6,
3174061001,DKI JAKARTA,JAKARTA SELATAN,CILANDAK,CILANDAK BARAT,743,9,86,5,643,1,0,0,0,1,97,0,1,96,1224,184,1040,37,0,37,267,13,202,7,45,
3174041003,DKI JAKARTA,JAKARTA SELATAN,PASAR MINGGU,CILANDAK TIMUR,379,7,39,1,332,4,0,0,0,4,17,0,0,17,369,44,325,86,0,86,220,5,195,7,13,
3175101002,DKI JAKARTA,JAKARTA TIMUR,CIPAYUNG,CILANGKAP,282,6,29,1,246,1,0,0,0,1,2,0,0,2,493,59,434,20,0,20,139,8,105,0,26,
3175041006,DKI JAKARTA,JAKARTA TIMUR,KRAMAT JATI,CILILITAN,266,4,26,1,235,0,0,0,0,0,6,0,0,6,666,65,601,45,0,45,207,6,161,3,37,
3172041001,DKI JAKARTA,JAKARTA UTARA,CILINCING,CILINCING,482,14,45,1,422,0,0,0,0,0,6,0,0,6,1072,38,1034,79,0,79,323,8,293,7,15,
3175101001,DKI JAKARTA,JAKARTA TIMUR,CIPAYUNG,CIPAYUNG,408,6,46,2,354,3,0,0,1,2,6,0,0,6,525,92,433,24,0,24,172,7,139,2,24,
3174091006,DKI JAKARTA,JAKARTA SELATAN,JAGAKARSA,CIPEDAK,480,8,19,0,453,2,0,0,0,2,1,0,0,1,614,226,388,6,0,6,223,5,104,2,112,
3174061005,DKI JAKARTA,JAKARTA SELATAN,CILANDAK,CIPETE SELATAN,220,2,27,1,190,2,0,0,0,2,45,0,0,45,420,84,336,6,0,6,97,8,63,7,19,
3174071010,DKI JAKARTA,JAKARTA SELATAN,KEBAYORAN BARU,CIPETE UTARA,457,5,58,3,391,0,0,0,0,0,9,0,0,9,460,86,374,5,0,5,110,2,84,3,21,
3175021003,DKI JAKARTA,JAKARTA TIMUR,PULO GADUNG,CIPINANG,260,8,21,2,229,1,0,0,0,1,3,0,0,3,779,72,707,37,0,37,267,11,217,9,30,
3175031007,DKI JAKARTA,JAKARTA TIMUR,JATINEGARA,CIPINANG BESAR SELATAN,206,5,15,2,184,2,0,0,0,2,1,0,0,1,407,61,346,16,0,16,138,2,108,2,26,
3175031008,DKI JAKARTA,JAKARTA TIMUR,JATINEGARA,CIPINANG BESAR UTARA,334,4,27,0,303,1,0,0,0,1,3,0,0,3,555,74,481,17,0,17,234,7,199,5,23,
3175031005,DKI JAKARTA,JAKARTA TIMUR,JATINEGARA,CIPINANG CEMPEDAK,218,3,21,2,192,0,0,0,0,0,3,0,0,3,378,42,336,15,0,15,130,0,103,3,24,
3175081005,DKI JAKARTA,JAKARTA TIMUR,MAKASAR,CIPINANG MELAYU,311,5,40,2,264,2,0,0,0,2,3,0,0,3,623,51,572,20,0,20,219,6,176,5,32,
3175031006,DKI JAKARTA,JAKARTA TIMUR,JATINEGARA,CIPINANG MUARA,348,9,36,1,302,5,0,0,0,5,6,0,0,6,705,78,627,25,0,25,247,12,204,4,27,
3174051003,DKI JAKARTA,JAKARTA SELATAN,KEBAYORAN LAMA,CIPULIR,265,1,25,4,235,6,0,0,0,6,6,0,0,6,479,20,459,8,0,8,172,7,134,4,27,
3175091001,DKI JAKARTA,JAKARTA TIMUR,CIRACAS,CIRACAS,736,12,83,9,632,3,0,0,0,3,22,0,0,22,1372,63,1309,44,0,44,358,16,270,10,62,
3175041003,DKI JAKARTA,JAKARTA TIMUR,KRAMAT JATI,DUKUH,223,7,29,1,186,0,0,0,0,0,1,0,0,1,560,91,469,13,0,13,115,2,92,2,19,
3175071001,DKI JAKARTA,JAKARTA TIMUR,DUREN SAWIT,DUREN SAWIT,767,8,30,3,726,15,0,0,0,15,2,0,0,2,916,87,829,29,0,29,461,10,382,12,57,
3174081004,DKI JAKARTA,JAKARTA SELATAN,PANCORAN,DUREN TIGA,333,2,21,0,310,2,0,0,0,2,6,0,2,4,530,57,473,3,0,3,146,4,109,0,33,
3173051005,DKI JAKARTA,JAKARTA BARAT,KEBON JERUK,DURI KEPA,415,4,27,2,382,3,0,0,0,3,12,0,0,12,1106,95,1011,70,0,70,331,15,258,9,49,
3173011002,DKI JAKARTA,JAKARTA BARAT,CENGKARENG,DURI KOSAMBI,467,5,52,3,407,0,0,0,0,0,4,0,0,4,869,74,795,11,0,11,297,21,212,4,60,
3171011006,DKI JAKARTA,JAKARTA PUSAT,GAMBIR,DURI PULO,158,1,16,3,138,0,0,0,0,0,1,0,0,1,355,41,314,7,0,7,147,2,126,5,14,
3173041011,DKI JAKARTA,JAKARTA BARAT,TAMBORA,DURI SELATAN,129,3,15,1,110,0,0,0,0,0,2,0,0,2,135,9,126,4,0,4,62,0,53,3,6,
3173041003,DKI JAKARTA,JAKARTA BARAT,TAMBORA,DURI UTARA,168,0,17,2,149,1,0,0,0,1,2,0,0,2,199,10,189,3,0,3,112,2,90,4,16,
3171081003,DKI JAKARTA,JAKARTA PUSAT,JOHAR BARU,GALUR,188,0,9,0,179,3,1,0,0,2,3,0,0,3,452,53,399,46,0,46,203,1,181,9,12,
3171011001,DKI JAKARTA,JAKARTA PUSAT,GAMBIR,GAMBIR,79,4,5,0,70,1,0,0,0,1,17,0,0,17,284,14,270,6,0,6,158,0,151,0,7,
3174061004,DKI JAKARTA,JAKARTA SELATAN,CILANDAK,GANDARIA SELATAN,171,4,12,0,155,2,0,0,0,2,20,0,0,20,588,52,536,3,0,3,130,6,91,3,30,
3174071009,DKI JAKARTA,JAKARTA SELATAN,KEBAYORAN BARU,GANDARIA UTARA,477,4,70,2,401,0,0,0,0,0,3,0,0,3,534,54,480,5,0,5,167,6,119,3,39,
3175051001,DKI JAKARTA,JAKARTA TIMUR,PASAR REBO,GEDONG,643,8,50,0,585,0,0,0,0,0,4,0,0,4,337,49,288,24,0,24,183,7,145,2,29,
3171071001,DKI JAKARTA,JAKARTA PUSAT,TANAH ABANG,GELORA,53,1,2,1,49,0,0,0,0,0,5,0,0,5,150,27,123,0,0,0,116,2,93,2,19,
3173031007,DKI JAKARTA,JAKARTA BARAT,TAMAN SARI,GLODOK,99,0,16,0,83,0,0,0,0,0,1,0,0,1,159,28,131,0,0,0,30,1,18,1,10,
3171061004,DKI JAKARTA,JAKARTA PUSAT,MENTENG,GONDANGDIA,52,1,2,1,48,0,0,0,0,0,7,0,0,7,119,8,111,7,0,7,53,1,47,3,2,
3173021001,DKI JAKARTA,JAKARTA BARAT,GROGOL PETAMBURAN,GROGOL,385,4,32,4,345,1,0,0,0,1,43,0,0,43,790,91,699,36,0,36,195,10,151,1,33,
3174051005,DKI JAKARTA,JAKARTA SELATAN,KEBAYORAN LAMA,GROGOL SELATAN,302,2,34,5,261,0,0,0,0,0,12,0,0,12,551,39,512,11,0,11,195,7,144,7,37,
3174051004,DKI JAKARTA,JAKARTA SELATAN,KEBAYORAN LAMA,GROGOL UTARA,321,2,21,4,294,0,0,0,0,0,24,0,0,24,548,38,510,16,0,16,249,9,196,8,36,
3174021007,DKI JAKARTA,JAKARTA SELATAN,SETIA BUDI,GUNTUR,53,1,5,0,47,0,0,0,0,0,1,0,0,1,178,17,161,1,0,1,31,0,24,0,7,
3174071002,DKI JAKARTA,JAKARTA SELATAN,KEBAYORAN BARU,GUNUNG,222,0,22,3,197,0,0,0,0,0,7,0,0,7,315,23,292,0,0,0,69,4,57,2,6,
3171031005,DKI JAKARTA,JAKARTA PUSAT,KEMAYORAN,GUNUNG SAHARI SELATAN,252,2,8,1,241,0,0,0,0,0,4,0,0,4,410,29,381,1,0,1,136,2,109,5,20,
3171021004,DKI JAKARTA,JAKARTA PUSAT,SAWAH BESAR,GUNUNG SAHARI UTARA,252,1,9,1,241,0,0,0,0,0,6,0,0,6,467,21,446,8,0,8,152,3,130,9,10,
3175081004,DKI JAKARTA,JAKARTA TIMUR,MAKASAR,HALIM PERDANA KUSUMAH,215,5,33,2,175,0,0,0,0,0,5,0,0,5,475,52,423,9,0,9,336,3,254,4,75,
3171031003,DKI JAKARTA,JAKARTA PUSAT,KEMAYORAN,HARAPAN MULIA,308,1,21,3,283,0,0,0,0,0,6,0,0,6,478,54,424,30,0,30,221,2,170,8,41,
3174091001,DKI JAKARTA,JAKARTA SELATAN,JAGAKARSA,JAGAKARSA,787,7,54,2,724,8,0,0,0,8,8,0,0,8,955,151,804,18,0,18,328,14,256,5,53,
3175021007,DKI JAKARTA,JAKARTA TIMUR,PULO GADUNG,JATI,322,5,22,1,294,0,0,0,0,0,7,0,0,7,827,80,747,34,0,34,222,5,194,1,22,
3174041002,DKI JAKARTA,JAKARTA SELATAN,PASAR MINGGU,JATI PADANG,425,9,65,2,349,0,0,0,0,0,3,0,0,3,541,62,479,67,0,67,160,6,106,5,43,
3173071004,DKI JAKARTA,JAKARTA BARAT,PALMERAH,JATI PULO,454,3,47,4,400,1,0,0,0,1,3,0,0,3,682,59,623,62,0,62,258,5,209,6,38,
3175061001,DKI JAKARTA,JAKARTA TIMUR,CAKUNG,JATINEGARA,546,5,126,3,412,1,0,0,0,1,3,0,0,3,1194,196,998,43,0,43,416,20,288,6,102,
3175021004,DKI JAKARTA,JAKARTA TIMUR,PULO GADUNG,JATINEGARA KAUM,106,1,6,0,99,1,0,0,1,0,3,0,0,3,310,55,255,11,0,11,78,2,50,3,23,
3173021004,DKI JAKARTA,JAKARTA BARAT,GROGOL PETAMBURAN,JELAMBAR,344,4,14,5,321,2,0,0,0,2,25,0,0,25,666,51,615,12,0,12,189,13,135,6,35,
3173021006,DKI JAKARTA,JAKARTA BARAT,GROGOL PETAMBURAN,JELAMBAR BARU,327,1,23,2,301,2,0,0,0,2,4,0,0,4,553,59,494,18,0,18,128,2,94,4,28,
3173041006,DKI JAKARTA,JAKARTA BARAT,TAMBORA,JEMBATAN BESI,519,0,34,1,484,0,0,0,0,0,5,0,0,5,448,12,436,7,0,7,208,2,179,7,20,
3173041008,DKI JAKARTA,JAKARTA BARAT,TAMBORA,JEMBATAN LIMA,178,1,24,0,153,0,0,0,0,0,1,0,0,1,192,15,177,3,0,3,101,12,71,4,14,
3173081005,DKI JAKARTA,JAKARTA BARAT,KEMBANGAN,JOGLO,360,3,76,4,277,0,0,0,0,0,5,0,0,5,647,118,529,14,0,14,190,6,151,2,31,
3171081001,DKI JAKARTA,JAKARTA PUSAT,JOHAR BARU,JOHAR BARU,580,3,24,3,550,3,1,0,0,2,6,0,0,6,1596,123,1473,95,0,95,436,6,375,16,39,
3173041002,DKI JAKARTA,JAKARTA BARAT,TAMBORA,KALI ANYAR,342,1,27,0,314,1,0,0,0,1,3,0,0,3,334,11,323,14,0,14,162,1,141,5,15,
3172041004,DKI JAKARTA,JAKARTA UTARA,CILINCING,KALI BARU,412,11,37,5,359,0,0,0,0,0,4,0,0,4,608,23,585,43,0,43,295,2,247,7,39,
3174081002,DKI JAKARTA,JAKARTA SELATAN,PANCORAN,KALIBATA,469,8,38,4,419,7,0,0,0,7,11,0,0,11,729,70,659,12,0,12,251,4,212,5,30,
3173061001,DKI JAKARTA,JAKARTA BARAT,KALI DERES,KALIDERES,927,27,84,4,812,1,0,0,0,1,5,0,0,5,2021,190,1831,30,0,30,327,17,255,5,50,
3175051004,DKI JAKARTA,JAKARTA TIMUR,PASAR REBO,KALISARI,897,14,120,0,763,0,0,0,0,0,3,0,0,3,423,35,388,10,0,10,194,8,144,4,38,
3173061004,DKI JAKARTA,JAKARTA BARAT,KALI DERES,KAMAL,300,7,27,3,263,0,0,0,0,0,1,0,0,1,506,33,473,4,0,4,49,2,37,6,4,
3172011002,DKI JAKARTA,JAKARTA UTARA,PENJARINGAN,KAMAL MUARA,76,0,6,0,70,0,0,0,0,0,4,0,0,4,165,17,148,1,0,1,64,1,58,2,3,
3171071007,DKI JAKARTA,JAKARTA PUSAT,TANAH ABANG,KAMPUNG BALI,134,2,5,2,125,1,0,0,0,1,2,0,0,2,220,37,183,2,0,2,62,1,49,3,9,
3175031001,DKI JAKARTA,JAKARTA TIMUR,JATINEGARA,KAMPUNG MELAYU,175,4,4,5,162,2,0,0,0,2,5,0,0,5,245,43,202,4,0,4,178,4,144,3,27,
3171081002,DKI JAKARTA,JAKARTA PUSAT,JOHAR BARU,KAMPUNG RAWA,278,3,7,0,268,1,0,0,0,1,0,0,0,0,663,57,606,65,0,65,253,4,222,13,14,
3175041002,DKI JAKARTA,JAKARTA TIMUR,KRAMAT JATI,KAMPUNG TENGAH,478,12,45,1,420,1,0,0,0,1,9,0,0,9,1012,83,929,50,0,50,243,7,207,11,18,
3173011005,DKI JAKARTA,JAKARTA BARAT,CENGKARENG,KAPUK,621,10,71,16,524,1,0,0,0,1,11,0,1,10,1269,119,1150,13,0,13,438,20,307,11,100,
3172011003,DKI JAKARTA,JAKARTA UTARA,PENJARINGAN,KAPUK MUARA,189,2,23,0,164,1,0,0,0,1,9,0,0,9,479,64,415,20,0,20,130,4,94,7,25,
3171021002,DKI JAKARTA,JAKARTA PUSAT,SAWAH BESAR,KARANG ANYAR,420,5,18,5,392,1,0,0,0,1,4,0,0,4,799,42,757,8,0,8,173,3,142,5,23,
3174021004,DKI JAKARTA,JAKARTA SELATAN,SETIA BUDI,KARET,117,3,10,0,104,0,0,0,0,0,11,0,1,10,362,32,330,4,0,4,103,2,85,0,16,
3174021003,DKI JAKARTA,JAKARTA SELATAN,SETIA BUDI,KARET KUNINGAN,198,1,23,1,173,0,0,0,0,0,21,0,0,21,335,32,303,4,0,4,130,10,75,2,43,
3174021002,DKI JAKARTA,JAKARTA SELATAN,SETIA BUDI,KARET SEMANGGI,49,0,0,1,48,0,0,0,0,0,3,0,0,3,76,4,72,2,0,2,24,0,19,2,3,
3171071003,DKI JAKARTA,JAKARTA PUSAT,TANAH ABANG,KARET TENGSIN,211,0,5,0,206,0,0,0,0,0,7,0,0,7,355,45,310,2,0,2,117,5,100,2,10,
3171021003,DKI JAKARTA,JAKARTA PUSAT,SAWAH BESAR,KARTINI,301,2,14,1,284,1,0,0,0,1,0,0,0,0,641,98,543,17,0,17,203,4,170,4,25,
3175011003,DKI JAKARTA,JAKARTA TIMUR,MATRAMAN,KAYU MANIS,318,4,21,0,293,3,0,0,0,3,1,0,0,1,620,32,588,29,0,29,170,7,130,4,29,
3175021006,DKI JAKARTA,JAKARTA TIMUR,PULO GADUNG,KAYU PUTIH,403,4,23,4,372,1,0,0,1,0,11,0,0,11,968,56,912,44,0,44,258,10,215,7,26,
3173031006,DKI JAKARTA,JAKARTA BARAT,TAMAN SARI,KEAGUNGAN,275,1,22,0,252,0,0,0,0,0,3,0,0,3,468,32,436,10,0,10,153,5,135,1,12,
3174041007,DKI JAKARTA,JAKARTA SELATAN,PASAR MINGGU,KEBAGUSAN,495,5,53,1,436,3,1,0,0,2,2,0,0,2,623,37,586,39,0,39,161,8,125,0,28,
3174051006,DKI JAKARTA,JAKARTA SELATAN,KEBAYORAN LAMA,KEBAYORAN LAMA SELATAN,450,14,34,0,402,5,1,0,0,4,2,0,0,2,708,25,683,14,0,14,237,12,174,5,46,
3174051001,DKI JAKARTA,JAKARTA SELATAN,KEBAYORAN LAMA,KEBAYORAN LAMA UTARA,321,6,26,1,288,1,0,0,0,1,15,0,0,15,445,30,415,4,0,4,159,16,115,4,24,
3174011004,DKI JAKARTA,JAKARTA SELATAN,TEBET,KEBON BARU,326,1,58,2,265,0,0,0,0,0,15,0,0,15,588,59,529,18,0,18,172,8,121,3,40,
3172021005,DKI JAKARTA,JAKARTA UTARA,TANJUNG PRIOK,KEBON BAWANG,611,14,57,1,539,0,0,0,0,0,15,0,0,15,1066,58,1008,77,0,77,390,8,320,4,58,
3173051001,DKI JAKARTA,JAKARTA BARAT,KEBON JERUK,KEBON JERUK,582,6,63,6,507,2,0,0,0,2,13,0,0,13,1631,169,1462,58,0,58,541,16,420,14,91,
3171071006,DKI JAKARTA,JAKARTA PUSAT,TANAH ABANG,KEBON KACANG,405,3,7,1,394,1,0,0,0,1,0,0,0,0,421,33,388,6,0,6,269,5,241,11,12,
3171011005,DKI JAKARTA,JAKARTA PUSAT,GAMBIR,KEBON KELAPA,138,0,17,1,120,3,0,0,0,3,4,0,0,4,243,32,211,2,0,2,82,0,67,1,14,
3171031002,DKI JAKARTA,JAKARTA PUSAT,KEMAYORAN,KEBON KOSONG,327,3,20,5,299,0,0,0,0,0,8,0,0,8,395,29,366,30,0,30,219,6,179,7,27,
3175011005,DKI JAKARTA,JAKARTA TIMUR,MATRAMAN,KEBON MANGGIS,161,2,7,4,148,0,0,0,0,0,2,0,0,2,230,14,216,23,0,23,127,3,111,2,11,
3171071005,DKI JAKARTA,JAKARTA PUSAT,TANAH ABANG,KEBON MELATI,431,4,16,3,408,0,0,0,0,0,5,0,0,5,652,90,562,10,0,10,433,3,400,7,23,
3175081003,DKI JAKARTA,JAKARTA TIMUR,MAKASAR,KEBON PALA,292,3,67,1,221,1,0,0,0,1,5,0,0,5,849,71,778,16,0,16,259,8,214,5,32,
3171061005,DKI JAKARTA,JAKARTA PUSAT,MENTENG,KEBON SIRIH,143,0,8,2,133,0,0,0,0,0,2,0,0,2,276,13,263,14,0,14,126,2,118,2,4,
3173011004,DKI JAKARTA,JAKARTA BARAT,CENGKARENG,KEDAUNG KALI ANGKE,406,5,47,0,354,0,0,0,0,0,1,0,0,1,457,38,419,6,0,6,256,6,208,3,39,
3173051007,DKI JAKARTA,JAKARTA BARAT,KEBON JERUK,KEDOYA SELATAN,267,4,23,5,235,2,0,0,0,2,6,0,0,6,586,86,500,20,0,20,165,7,119,5,34,
3173051006,DKI JAKARTA,JAKARTA BARAT,KEBON JERUK,KEDOYA UTARA,298,2,49,2,245,1,0,0,0,1,15,0,0,15,764,103,661,20,0,20,231,6,176,5,44,
3173051004,DKI JAKARTA,JAKARTA BARAT,KEBON JERUK,KELAPA DUA,239,6,30,0,203,0,0,0,0,0,5,0,0,5,516,81,435,22,0,22,127,4,98,2,23,
3175091003,DKI JAKARTA,JAKARTA TIMUR,CIRACAS,KELAPA DUA WETAN,506,3,42,1,460,1,0,0,0,1,7,0,0,7,966,68,898,36,0,36,178,7,142,2,27,
3172061003,DKI JAKARTA,JAKARTA UTARA,KELAPA GADING,KELAPA GADING BARAT,776,14,33,3,726,2,0,0,0,2,48,0,1,47,1173,63,1110,112,0,112,332,10,292,5,25,
3172061001,DKI JAKARTA,JAKARTA UTARA,KELAPA GADING,KELAPA GADING TIMUR,650,15,31,2,602,1,0,0,0,1,22,0,1,21,1166,60,1106,78,0,78,240,4,169,9,58,
3173071005,DKI JAKARTA,JAKARTA BARAT,PALMERAH,KEMANGGISAN,520,6,51,6,457,0,0,0,0,0,8,0,0,8,819,69,750,50,0,50,263,13,209,9,32,
3171031001,DKI JAKARTA,JAKARTA PUSAT,KEMAYORAN,KEMAYORAN,337,3,19,3,312,0,0,0,0,0,1,0,0,1,507,32,475,21,0,21,300,4,234,10,52,
3173081006,DKI JAKARTA,JAKARTA BARAT,KEMBANGAN,KEMBANGAN SELATAN,225,3,30,1,191,0,0,0,0,0,6,0,0,6,512,51,461,52,0,52,160,7,126,4,23,
3173081001,DKI JAKARTA,JAKARTA BARAT,KEMBANGAN,KEMBANGAN UTARA,495,12,63,3,417,4,0,0,1,3,3,0,0,3,1392,120,1272,10,0,10,237,8,185,5,39,
3171041002,DKI JAKARTA,JAKARTA PUSAT,SENEN,KENARI,189,4,11,1,173,1,0,0,0,1,4,0,0,4,453,39,414,46,0,46,166,3,151,2,10,
3173041005,DKI JAKARTA,JAKARTA BARAT,TAMBORA,KERENDANG,246,4,23,2,217,1,0,0,0,1,0,0,0,0,190,23,167,3,0,3,121,0,97,7,17,
3175071003,DKI JAKARTA,JAKARTA TIMUR,DUREN SAWIT,KLENDER,577,3,42,2,530,3,0,0,0,3,4,0,0,4,856,87,769,27,0,27,332,6,255,10,61,
3172031001,DKI JAKARTA,JAKARTA UTARA,KOJA,KOJA,277,1,18,0,258,0,0,0,0,0,4,0,0,4,406,15,391,38,0,38,248,3,204,5,36,
3173071006,DKI JAKARTA,JAKARTA BARAT,PALMERAH,KOTA BAMBU SELATAN,436,8,28,5,395,0,0,0,0,0,1,0,0,1,782,48,734,71,0,71,222,2,194,5,21,
3173071003,DKI JAKARTA,JAKARTA BARAT,PALMERAH,KOTA BAMBU UTARA,360,2,29,11,318,0,0,0,0,0,3,0,0,3,533,35,498,54,0,54,207,3,188,6,10,
3171041004,DKI JAKARTA,JAKARTA PUSAT,SENEN,KRAMAT,367,4,23,6,334,0,0,0,0,0,7,0,0,7,846,49,797,33,0,33,244,2,211,10,21,
3175041001,DKI JAKARTA,JAKARTA TIMUR,KRAMAT JATI,KRAMAT JATI,340,2,39,1,298,0,0,0,0,0,10,0,0,10,769,135,634,22,0,22,284,14,191,6,73,
3174071003,DKI JAKARTA,JAKARTA SELATAN,KEBAYORAN BARU,KRAMAT PELA,213,2,67,0,144,0,0,0,0,0,0,0,0,0,484,28,456,6,0,6,125,4,100,0,21,
3173031002,DKI JAKARTA,JAKARTA BARAT,TAMAN SARI,KRUKUT,248,3,35,6,204,1,0,0,0,1,3,0,0,3,400,61,339,12,0,12,156,4,127,4,21,
3174031005,DKI JAKARTA,JAKARTA SELATAN,MAMPANG PRAPATAN,KUNINGAN BARAT,111,3,18,1,89,0,0,0,0,0,0,0,0,0,445,33,412,5,0,5,103,5,74,0,24,
3174021008,DKI JAKARTA,JAKARTA SELATAN,SETIA BUDI,KUNINGAN TIMUR,111,0,1,1,109,1,0,0,0,1,20,0,0,20,150,21,129,1,0,1,76,3,62,2,9,
3171041005,DKI JAKARTA,JAKARTA PUSAT,SENEN,KWITANG,218,1,15,0,202,2,0,0,0,2,6,0,0,6,416,28,388,10,0,10,108,1,95,5,7,
3172031003,DKI JAKARTA,JAKARTA UTARA,KOJA,LAGOA,538,4,23,1,510,0,0,0,0,0,5,0,0,5,628,36,592,64,0,64,551,7,489,10,45,
3174061002,DKI JAKARTA,JAKARTA SELATAN,CILANDAK,LEBAK BULUS,344,1,61,2,280,3,0,0,0,3,27,0,0,27,829,253,576,22,0,22,417,3,140,9,265,
3174091004,DKI JAKARTA,JAKARTA SELATAN,JAGAKARSA,LENTENG AGUNG,558,5,44,0,509,3,0,0,0,3,6,0,0,6,568,93,475,14,0,14,184,5,136,2,41,
LUAR DKI JAKARTA,LUAR DKI JAKARTA,LUAR DKI JAKARTA,LUAR DKI JAKARTA,LUAR DKI JAKARTA,29667,548,3303,98,25718,70,9,0,0,61,595,0,14,581,47237,8962,38275,1730,0,1730,7155,329,6116,116,594,
3175101007,DKI JAKARTA,JAKARTA TIMUR,CIPAYUNG,LUBANG BUAYA,677,20,139,3,515,2,0,0,0,2,7,0,0,7,667,73,594,29,0,29,302,25,202,2,73,
3175081001,DKI JAKARTA,JAKARTA TIMUR,MAKASAR,MAKASAR,278,8,58,1,211,0,0,0,0,0,8,0,0,8,990,92,898,23,0,23,225,8,182,0,35,
3175071006,DKI JAKARTA,JAKARTA TIMUR,DUREN SAWIT,MALAKA JAYA,301,7,19,2,273,1,0,0,0,1,2,0,0,2,510,40,470,15,0,15,199,3,159,1,36,
3175071005,DKI JAKARTA,JAKARTA TIMUR,DUREN SAWIT,MALAKA SARI,271,3,22,1,245,0,0,0,0,0,1,0,0,1,437,46,391,13,0,13,169,4,131,3,31,
3174031001,DKI JAKARTA,JAKARTA SELATAN,MAMPANG PRAPATAN,MAMPANG PRAPATAN,266,3,24,2,237,1,1,0,0,0,0,0,0,0,935,73,862,10,0,10,268,6,221,8,33,
3173031005,DKI JAKARTA,JAKARTA BARAT,TAMAN SARI,MANGGA BESAR,126,4,13,1,108,1,0,0,0,1,0,0,0,0,150,12,138,6,0,6,52,1,45,1,5,
3171021005,DKI JAKARTA,JAKARTA PUSAT,SAWAH BESAR,MANGGA DUA SELATAN,363,4,27,1,331,3,0,0,0,3,1,0,0,1,736,49,687,9,0,9,192,3,162,3,24,
3174011007,DKI JAKARTA,JAKARTA SELATAN,TEBET,MANGGARAI,349,9,28,0,312,4,0,0,0,4,4,0,0,4,473,35,438,23,0,23,177,3,136,1,37,
3174011006,DKI JAKARTA,JAKARTA SELATAN,TEBET,MANGGARAI SELATAN,237,8,40,2,187,0,0,0,0,0,6,0,0,6,429,27,402,21,0,21,99,6,73,2,18,
3173031003,DKI JAKARTA,JAKARTA BARAT,TAMAN SARI,MAPHAR,197,0,20,1,176,0,0,0,0,0,6,0,0,6,348,31,317,38,0,38,180,1,164,1,14,
3172041003,DKI JAKARTA,JAKARTA UTARA,CILINCING,MARUNDA,243,2,18,0,223,3,1,0,0,2,0,0,0,0,333,17,316,13,0,13,94,0,88,1,5,
3174071001,DKI JAKARTA,JAKARTA SELATAN,KEBAYORAN BARU,MELAWAI,49,0,2,0,47,0,0,0,0,0,1,0,0,1,68,10,58,0,0,0,16,1,11,1,3,
3171061001,DKI JAKARTA,JAKARTA PUSAT,MENTENG,MENTENG,353,1,30,2,320,2,0,0,0,2,2,0,0,2,675,55,620,27,0,27,261,14,214,9,24,
3174021005,DKI JAKARTA,JAKARTA SELATAN,SETIA BUDI,MENTENG ATAS,313,7,22,3,281,1,0,0,0,1,47,0,1,46,1198,135,1063,37,0,37,224,4,164,3,53,
3174011003,DKI JAKARTA,JAKARTA SELATAN,TEBET,MENTENG DALAM,510,4,31,4,471,3,0,0,0,3,13,0,0,13,675,39,636,39,0,39,187,3,149,6,29,
3173081003,DKI JAKARTA,JAKARTA BARAT,KEMBANGAN,MERUYA SELATAN,308,6,34,1,267,0,0,0,0,0,2,0,0,2,695,117,578,17,0,17,176,3,119,3,51,
3173081002,DKI JAKARTA,JAKARTA BARAT,KEMBANGAN,MERUYA UTARA,471,8,72,6,385,1,0,0,1,0,7,0,0,7,856,88,768,10,0,10,200,6,159,2,33,
3175101004,DKI JAKARTA,JAKARTA TIMUR,CIPAYUNG,MUNJUL,236,4,27,0,205,0,0,0,0,0,3,0,0,3,280,29,251,24,0,24,88,5,64,1,18,
3172051002,DKI JAKARTA,JAKARTA UTARA,PADEMANGAN,PADEMANGAN BARAT,1683,5,57,5,1616,5,1,0,0,4,14,0,0,14,2313,48,2265,34,0,34,649,9,589,20,31,
3172051001,DKI JAKARTA,JAKARTA UTARA,PADEMANGAN,PADEMANGAN TIMUR,540,2,30,3,505,2,0,0,0,2,13,0,0,13,809,57,752,15,0,15,241,3,185,4,49,
3175011004,DKI JAKARTA,JAKARTA TIMUR,MATRAMAN,PAL MERIAM,226,4,13,2,207,2,0,0,0,2,2,0,0,2,575,41,534,58,0,58,176,4,147,6,19,
3173071001,DKI JAKARTA,JAKARTA BARAT,PALMERAH,PALMERAH,1025,7,152,2,864,0,0,0,0,0,2,0,0,2,1650,191,1459,77,0,77,427,19,328,16,64,
3174081001,DKI JAKARTA,JAKARTA SELATAN,PANCORAN,PANCORAN,326,5,33,0,288,1,0,0,0,1,9,0,0,9,547,43,504,6,0,6,212,4,171,4,33,
3172021003,DKI JAKARTA,JAKARTA UTARA,TANJUNG PRIOK,PAPANGGO,391,5,50,0,336,1,0,0,0,1,6,0,0,6,759,66,693,56,0,56,257,3,195,2,57,
3171021001,DKI JAKARTA,JAKARTA PUSAT,SAWAH BESAR,PASAR BARU,215,0,11,2,202,1,0,0,0,1,5,0,0,5,432,27,405,9,0,9,148,2,137,1,8,
3174021006,DKI JAKARTA,JAKARTA SELATAN,SETIA BUDI,PASAR MANGGIS,214,2,10,3,199,3,0,0,0,3,27,0,0,27,880,93,787,17,0,17,193,6,139,8,40,
3174041001,DKI JAKARTA,JAKARTA SELATAN,PASAR MINGGU,PASAR MINGGU,367,2,43,1,321,2,0,0,0,2,5,0,0,5,527,89,438,20,0,20,202,3,171,4,24,
3171041003,DKI JAKARTA,JAKARTA PUSAT,SENEN,PASEBAN,477,4,29,1,443,2,0,0,0,2,12,0,0,12,843,106,737,61,0,61,260,6,211,7,36,
3173061005,DKI JAKARTA,JAKARTA BARAT,KALI DERES,PEGADUNGAN,641,6,64,7,564,0,0,0,0,0,10,0,0,10,1353,112,1241,17,0,17,224,12,173,6,33,
3171061002,DKI JAKARTA,JAKARTA PUSAT,MENTENG,PEGANGSAAN,338,2,26,2,308,1,0,0,0,1,2,0,2,0,826,35,791,51,0,51,343,10,302,4,27,
3172061002,DKI JAKARTA,JAKARTA UTARA,KELAPA GADING,PEGANGSAAN DUA,734,14,40,1,679,1,0,0,0,1,41,0,0,41,1528,80,1448,139,0,139,353,5,283,8,57,
3172011004,DKI JAKARTA,JAKARTA UTARA,PENJARINGAN,PEJAGALAN,475,7,56,2,410,3,0,0,0,3,8,0,1,7,839,85,754,28,0,28,238,7,184,5,42,
3174041006,DKI JAKARTA,JAKARTA SELATAN,PASAR MINGGU,PEJATEN BARAT,405,13,42,2,348,8,1,0,0,7,2,0,1,1,620,59,561,73,0,73,201,9,153,2,37,
3174041005,DKI JAKARTA,JAKARTA SELATAN,PASAR MINGGU,PEJATEN TIMUR,431,6,44,1,380,4,0,0,0,4,3,0,0,3,568,52,516,40,0,40,192,11,149,8,24,
3175051005,DKI JAKARTA,JAKARTA TIMUR,PASAR REBO,PEKAYON,759,6,88,1,664,0,0,0,0,0,3,0,0,3,302,36,266,12,0,12,168,8,126,2,32,
3173041009,DKI JAKARTA,JAKARTA BARAT,TAMBORA,PEKOJAN,265,2,13,2,248,0,0,0,0,0,2,0,0,2,233,14,219,17,0,17,108,4,94,3,7,
3174031003,DKI JAKARTA,JAKARTA SELATAN,MAMPANG PRAPATAN,PELA MAMPANG,321,5,39,2,275,4,0,0,0,4,14,0,0,14,1325,149,1176,6,0,6,263,6,195,5,57,
3174081005,DKI JAKARTA,JAKARTA SELATAN,PANCORAN,PENGADEGAN,176,2,16,2,156,0,0,0,0,0,8,0,0,8,360,22,338,10,0,10,94,7,78,1,8,
3175061003,DKI JAKARTA,JAKARTA TIMUR,CAKUNG,PENGGILINGAN,536,11,58,1,466,1,0,0,0,1,7,0,0,7,1446,179,1267,76,0,76,476,31,365,10,70,
3172011001,DKI JAKARTA,JAKARTA UTARA,PENJARINGAN,PENJARINGAN,969,25,101,4,839,1,0,0,0,1,23,0,1,22,2763,124,2639,119,0,119,552,12,435,15,90,
3174101001,DKI JAKARTA,JAKARTA SELATAN,PESANGGRAHAN,PESANGGRAHAN,391,6,22,4,359,2,0,0,1,1,0,0,0,0,778,88,690,19,0,19,136,2,107,3,24,
3171071004,DKI JAKARTA,JAKARTA PUSAT,TANAH ABANG,PETAMBURAN,526,5,22,7,492,0,0,0,0,0,7,0,0,7,637,104,533,9,0,9,406,17,354,11,24,
3174071008,DKI JAKARTA,JAKARTA SELATAN,KEBAYORAN BARU,PETOGOGAN,130,0,15,0,115,0,0,0,0,0,3,0,0,3,226,22,204,0,0,0,58,2,49,0,7,
3171011004,DKI JAKARTA,JAKARTA PUSAT,GAMBIR,PETOJO SELATAN,215,2,17,1,195,0,0,0,0,0,25,0,1,24,695,95,600,15,0,15,248,4,206,8,30,
3171011003,DKI JAKARTA,JAKARTA PUSAT,GAMBIR,PETOJO UTARA,177,0,14,3,160,1,0,0,0,1,11,0,0,11,357,45,312,25,0,25,134,4,111,3,16,
3174101004,DKI JAKARTA,JAKARTA SELATAN,PESANGGRAHAN,PETUKANGAN SELATAN,389,6,42,2,339,0,0,0,0,0,2,0,0,2,774,89,685,8,0,8,147,9,87,4,47,
3174101003,DKI JAKARTA,JAKARTA SELATAN,PESANGGRAHAN,PETUKANGAN UTARA,487,7,75,4,401,2,0,0,0,2,5,0,0,5,1510,143,1367,9,0,9,272,11,175,2,84,
3175081002,DKI JAKARTA,JAKARTA TIMUR,MAKASAR,PINANG RANTI,212,5,38,1,168,0,0,0,0,0,0,0,0,0,591,38,553,28,0,28,129,3,100,4,22,
3173031008,DKI JAKARTA,JAKARTA BARAT,TAMAN SARI,PINANGSIA,123,0,10,1,112,0,0,0,0,0,2,0,0,2,215,12,203,2,0,2,83,5,70,0,8,
3175011001,DKI JAKARTA,JAKARTA TIMUR,MATRAMAN,PISANGAN BARU,316,7,16,3,290,1,0,0,0,1,3,0,0,3,420,43,377,31,0,31,166,2,134,7,23,
3175021002,DKI JAKARTA,JAKARTA TIMUR,PULO GADUNG,PISANGAN TIMUR,299,0,23,4,272,1,0,0,0,1,10,0,0,10,637,83,554,29,0,29,187,8,145,5,29,
3172011005,DKI JAKARTA,JAKARTA UTARA,PENJARINGAN,PLUIT,336,2,40,4,290,0,0,0,0,0,12,0,0,12,1142,96,1046,17,0,17,195,10,151,8,26,
3175071002,DKI JAKARTA,JAKARTA TIMUR,DUREN SAWIT,PONDOK BAMBU,899,4,32,1,862,5,0,0,0,5,3,0,0,3,930,106,824,28,0,28,353,4,280,6,63,
3175071004,DKI JAKARTA,JAKARTA TIMUR,DUREN SAWIT,PONDOK KELAPA,620,8,54,0,558,0,0,0,0,0,11,0,0,11,1031,99,932,22,0,22,331,11,249,10,61,
3175071007,DKI JAKARTA,JAKARTA TIMUR,DUREN SAWIT,PONDOK KOPI,386,0,40,1,345,0,0,0,0,0,2,0,0,2,412,24,388,12,0,12,209,3,163,8,35,
3174061003,DKI JAKARTA,JAKARTA SELATAN,CILANDAK,PONDOK LABU,413,12,57,1,343,6,0,0,0,6,73,0,0,73,951,108,843,37,0,37,165,3,122,1,39,
3174051002,DKI JAKARTA,JAKARTA SELATAN,KEBAYORAN LAMA,PONDOK PINANG,495,1,38,4,452,0,0,0,0,0,44,0,0,44,765,85,680,11,0,11,253,12,192,9,40,
3175101003,DKI JAKARTA,JAKARTA TIMUR,CIPAYUNG,PONDOK RANGGON,235,2,21,3,209,0,0,0,0,0,3,0,0,3,316,56,260,21,0,21,147,5,96,1,45,
PROSES UPDATE DATA,PROSES UPDATE DATA,PROSES UPDATE DATA,PROSES UPDATE DATA,PROSES UPDATE DATA,12999,90,650,1696,10563,2902,0,0,2900,2,104,0,0,104,12763,2595,10168,68,1,67,21223,464,18536,443,1780,
3101011003,DKI JAKARTA,KAB.ADM.KEP.SERIBU,KEP. SERIBU UTARA,PULAU HARAPAN,61,0,0,0,61,0,0,0,0,0,0,0,0,0,64,2,62,0,0,0,4,0,4,0,0,
3101011002,DKI JAKARTA,KAB.ADM.KEP.SERIBU,KEP. SERIBU UTARA,PULAU KELAPA,60,0,1,1,58,0,0,0,0,0,3,0,0,3,155,8,147,1,0,1,7,0,6,0,1,
3101011001,DKI JAKARTA,KAB.ADM.KEP.SERIBU,KEP. SERIBU UTARA,PULAU PANGGANG,123,0,30,1,92,0,0,0,0,0,0,0,0,0,168,5,163,4,0,4,23,0,19,0,4,
3101021003,DKI JAKARTA,KAB.ADM.KEP.SERIBU,KEP. SERIBU SELATAN,PULAU PARI,6,0,0,0,6,0,0,0,0,0,0,0,0,0,171,3,168,1,0,1,5,0,4,0,1,
3101021002,DKI JAKARTA,KAB.ADM.KEP.SERIBU,KEP. SERIBU SELATAN,PULAU TIDUNG,36,0,0,0,36,1,0,0,1,0,0,0,0,0,369,14,355,1,0,1,36,0,33,0,3,
3101021001,DKI JAKARTA,KAB.ADM.KEP.SERIBU,KEP. SERIBU SELATAN,PULAU UNTUNG JAWA,25,0,0,0,25,0,0,0,0,0,0,0,0,0,108,4,104,0,0,0,5,1,4,0,0,
3174071007,DKI JAKARTA,JAKARTA SELATAN,KEBAYORAN BARU,PULO,259,3,23,1,232,1,0,0,0,1,1,0,0,1,198,20,178,0,0,0,49,0,39,0,10,
3175021001,DKI JAKARTA,JAKARTA TIMUR,PULO GADUNG,PULO GADUNG,355,5,34,2,314,0,0,0,0,0,11,0,0,11,784,72,712,31,0,31,236,10,185,5,36,
3175061005,DKI JAKARTA,JAKARTA TIMUR,CAKUNG,PULO GEBANG,475,4,64,2,405,1,0,0,0,1,8,0,2,6,1215,119,1096,61,0,61,321,12,252,7,50,
3174041004,DKI JAKARTA,JAKARTA SELATAN,PASAR MINGGU,RAGUNAN,562,18,94,2,448,1,0,0,0,1,2,0,0,2,631,77,554,24,0,24,173,11,130,5,27,
3175091005,DKI JAKARTA,JAKARTA TIMUR,CIRACAS,RAMBUTAN,392,3,43,1,345,2,0,0,0,2,12,0,0,12,655,36,619,29,0,29,142,13,100,1,28,
3172031006,DKI JAKARTA,JAKARTA UTARA,KOJA,RAWA BADAK SELATAN,439,4,15,2,418,2,0,0,0,2,2,0,0,2,520,33,487,48,0,48,283,0,265,4,14,
3172031004,DKI JAKARTA,JAKARTA UTARA,KOJA,RAWA BADAK UTARA,393,5,22,1,365,0,0,0,0,0,2,0,0,2,462,31,431,71,0,71,222,2,203,4,13,
3174071005,DKI JAKARTA,JAKARTA SELATAN,KEBAYORAN BARU,RAWA BARAT,82,1,8,2,71,0,0,0,0,0,1,0,0,1,142,13,129,0,0,0,22,1,14,1,6,
3173011003,DKI JAKARTA,JAKARTA BARAT,CENGKARENG,RAWA BUAYA,313,5,45,2,261,0,0,0,0,0,4,0,0,4,679,83,596,5,0,5,255,12,180,10,53,
3175031004,DKI JAKARTA,JAKARTA TIMUR,JATINEGARA,RAWA BUNGA,139,3,14,1,121,0,0,0,0,0,1,0,0,1,205,30,175,12,0,12,107,1,85,2,19,
3174081003,DKI JAKARTA,JAKARTA SELATAN,PANCORAN,RAWA JATI,254,1,17,0,236,2,0,0,0,2,11,0,0,11,435,30,405,7,0,7,84,6,63,0,15,
3175061002,DKI JAKARTA,JAKARTA TIMUR,CAKUNG,RAWA TERATE,119,4,27,0,88,0,0,0,0,0,2,0,0,2,314,54,260,5,0,5,127,2,93,1,31,
3175021005,DKI JAKARTA,JAKARTA TIMUR,PULO GADUNG,RAWAMANGUN,304,1,20,0,283,0,0,0,0,0,7,0,0,7,773,88,685,30,0,30,241,14,184,5,38,
3171051003,DKI JAKARTA,JAKARTA PUSAT,CEMPAKA PUTIH,RAWASARI,643,3,26,2,612,3,0,0,1,2,7,0,0,7,1189,111,1078,32,0,32,388,19,333,5,31,
3173041010,DKI JAKARTA,JAKARTA BARAT,TAMBORA,ROA MALAKA,33,2,2,0,29,1,0,0,0,1,0,0,0,0,37,1,36,1,0,1,14,1,13,0,0,
3172041006,DKI JAKARTA,JAKARTA UTARA,CILINCING,ROROTAN,329,6,26,2,295,0,0,0,0,0,4,0,0,4,571,26,545,72,0,72,138,5,123,2,8,
3174071004,DKI JAKARTA,JAKARTA SELATAN,KEBAYORAN BARU,SELONG,57,0,13,0,44,0,0,0,0,0,3,0,0,3,110,14,96,2,0,2,23,0,20,1,2,
3173061002,DKI JAKARTA,JAKARTA BARAT,KALI DERES,SEMANAN,436,11,72,3,350,0,0,0,0,0,3,0,0,3,934,81,853,7,0,7,146,7,100,1,38,
3172041007,DKI JAKARTA,JAKARTA UTARA,CILINCING,SEMPER BARAT,636,7,73,1,555,3,1,0,0,2,12,0,0,12,1081,71,1010,97,0,97,409,6,338,6,59,
3172041005,DKI JAKARTA,JAKARTA UTARA,CILINCING,SEMPER TIMUR,377,5,43,1,328,1,0,0,0,1,4,0,0,4,637,35,602,47,0,47,200,5,168,3,24,
3174071006,DKI JAKARTA,JAKARTA SELATAN,KEBAYORAN BARU,SENAYAN,206,0,164,0,42,0,0,0,0,0,9,0,0,9,309,110,199,0,0,0,106,1,60,0,45,
3171041001,DKI JAKARTA,JAKARTA PUSAT,SENEN,SENEN,177,3,11,0,163,1,0,0,0,1,7,0,0,7,649,44,605,26,0,26,145,2,128,2,13,
3171031004,DKI JAKARTA,JAKARTA PUSAT,KEMAYORAN,SERDANG,397,4,28,2,363,0,0,0,0,0,5,0,0,5,620,78,542,28,0,28,235,2,176,6,51,
3174021001,DKI JAKARTA,JAKARTA SELATAN,SETIA BUDI,SETIA BUDI,76,1,6,0,69,0,0,0,0,0,4,0,0,4,307,7,300,6,0,6,29,2,24,0,3,
3175101005,DKI JAKARTA,JAKARTA TIMUR,CIPAYUNG,SETU,233,4,10,0,219,1,0,0,0,1,2,0,0,2,315,42,273,14,0,14,94,2,77,1,14,
3173071002,DKI JAKARTA,JAKARTA BARAT,PALMERAH,SLIPI,477,3,37,2,435,0,0,0,0,0,2,0,0,2,900,100,800,40,0,40,268,19,196,3,50,
3173081004,DKI JAKARTA,JAKARTA BARAT,KEMBANGAN,SRENGSENG,451,2,81,3,365,1,0,0,0,1,6,0,1,5,1107,180,927,22,0,22,242,6,192,4,40,
3174091002,DKI JAKARTA,JAKARTA SELATAN,JAGAKARSA,SRENGSENG SAWAH,646,10,84,0,552,8,0,0,0,8,11,0,1,10,748,128,620,26,0,26,202,9,147,7,39,
3173051003,DKI JAKARTA,JAKARTA BARAT,KEBON JERUK,SUKABUMI SELATAN,252,5,12,4,231,1,0,0,0,1,1,0,0,1,605,91,514,24,0,24,160,5,124,4,27,
3173051002,DKI JAKARTA,JAKARTA BARAT,KEBON JERUK,SUKABUMI UTARA,262,4,21,3,234,0,0,0,0,0,19,0,0,19,631,95,536,44,0,44,180,8,130,7,35,
3172041002,DKI JAKARTA,JAKARTA UTARA,CILINCING,SUKAPURA,527,8,39,2,478,0,0,0,0,0,6,0,0,6,841,37,804,89,0,89,299,3,273,5,18,
3171031007,DKI JAKARTA,JAKARTA PUSAT,KEMAYORAN,SUMUR BATU,364,5,18,1,340,1,0,0,0,1,5,0,0,5,485,49,436,28,0,28,197,5,167,2,23,
3172021004,DKI JAKARTA,JAKARTA UTARA,TANJUNG PRIOK,SUNGAI BAMBU,302,7,41,0,254,0,0,0,0,0,6,0,0,6,567,50,517,34,0,34,144,4,113,4,23,
3172021006,DKI JAKARTA,JAKARTA UTARA,TANJUNG PRIOK,SUNTER AGUNG,852,8,83,1,760,3,0,0,0,3,20,0,0,20,1753,105,1648,72,0,72,512,16,406,15,75,
3172021002,DKI JAKARTA,JAKARTA UTARA,TANJUNG PRIOK,SUNTER JAYA,760,11,84,6,659,0,0,0,0,0,9,0,0,9,1438,133,1305,160,0,160,481,11,367,17,86,
3175091004,DKI JAKARTA,JAKARTA TIMUR,CIRACAS,SUSUKAN,413,3,55,1,354,0,0,0,0,0,16,0,0,16,1086,37,1049,69,0,69,142,5,97,6,34,
3173031001,DKI JAKARTA,JAKARTA BARAT,TAMAN SARI,TAMAN SARI,256,3,22,0,231,2,0,0,0,2,0,0,0,0,357,52,305,15,0,15,155,4,126,4,21,
3173041001,DKI JAKARTA,JAKARTA BARAT,TAMBORA,TAMBORA,179,2,11,3,163,0,0,0,0,0,1,0,0,1,269,8,261,2,0,2,71,3,57,3,8,
3173041004,DKI JAKARTA,JAKARTA BARAT,TAMBORA,TANAH SEREAL,271,5,20,2,244,1,0,0,0,1,4,0,0,4,240,15,225,5,0,5,145,8,119,6,12,
3171081004,DKI JAKARTA,JAKARTA PUSAT,JOHAR BARU,TANAH TINGGI,407,7,14,3,383,2,0,0,0,2,2,0,0,2,913,106,807,35,0,35,361,3,319,17,22,
3173031004,DKI JAKARTA,JAKARTA BARAT,TAMAN SARI,TANGKI,227,2,20,1,204,1,0,0,0,1,3,0,0,3,271,25,246,2,0,2,93,2,80,1,10,
3174091005,DKI JAKARTA,JAKARTA SELATAN,JAGAKARSA,TANJUNG BARAT,499,12,43,1,443,1,0,0,0,1,2,0,0,2,474,74,400,11,0,11,212,6,153,5,48,
3173021005,DKI JAKARTA,JAKARTA BARAT,GROGOL PETAMBURAN,TANJUNG DUREN SELATAN,347,2,17,1,327,0,0,0,0,0,19,0,0,19,567,37,530,19,0,19,244,3,193,8,40,
3173021002,DKI JAKARTA,JAKARTA BARAT,GROGOL PETAMBURAN,TANJUNG DUREN UTARA,246,1,19,0,226,1,0,0,0,1,20,0,0,20,452,43,409,18,0,18,127,6,77,6,38,
3172021001,DKI JAKARTA,JAKARTA UTARA,TANJUNG PRIOK,TANJUNG PRIOK,449,5,46,6,392,0,0,0,0,0,10,0,0,10,681,55,626,64,0,64,313,3,260,9,41,
3174011002,DKI JAKARTA,JAKARTA SELATAN,TEBET,TEBET BARAT,402,6,35,0,361,1,0,0,0,1,8,0,0,8,577,56,521,23,0,23,274,1,220,5,48,
3174011001,DKI JAKARTA,JAKARTA SELATAN,TEBET,TEBET TIMUR,335,3,41,2,289,0,0,0,0,0,6,0,0,6,496,55,441,33,0,33,171,5,114,4,48,
3173061003,DKI JAKARTA,JAKARTA BARAT,KALI DERES,TEGAL ALUR,604,3,64,6,531,0,0,0,0,0,7,0,0,7,1106,117,989,10,0,10,167,5,125,3,34,
3174031004,DKI JAKARTA,JAKARTA SELATAN,MAMPANG PRAPATAN,TEGAL PARANG,289,5,25,3,256,5,0,0,1,4,4,0,0,4,890,115,775,10,0,10,246,3,211,5,27,
3173021003,DKI JAKARTA,JAKARTA BARAT,GROGOL PETAMBURAN,TOMANG,362,4,15,2,341,0,0,0,0,0,14,0,0,14,628,42,586,74,0,74,239,6,194,5,34,
3172031005,DKI JAKARTA,JAKARTA UTARA,KOJA,TUGU SELATAN,372,10,31,1,330,0,0,0,0,0,2,0,0,2,404,25,379,67,0,67,200,4,154,5,37,
3172031002,DKI JAKARTA,JAKARTA UTARA,KOJA,TUGU UTARA,784,19,39,0,726,3,0,0,0,3,7,0,0,7,772,54,718,82,0,82,360,10,280,10,60,
3175061006,DKI JAKARTA,JAKARTA TIMUR,CAKUNG,UJUNG MENTENG,141,0,21,2,118,1,0,0,0,1,0,0,0,0,398,40,358,18,0,18,108,4,85,3,16,
3174101005,DKI JAKARTA,JAKARTA SELATAN,PESANGGRAHAN,ULUJAMI,494,4,34,2,454,0,0,0,0,0,0,0,0,0,1071,94,977,26,0,26,201,8,155,5,33,
3175011006,DKI JAKARTA,JAKARTA TIMUR,MATRAMAN,UTAN KAYU SELATAN,437,3,24,8,402,2,0,0,0,2,2,0,0,2,737,55,682,84,0,84,230,4,188,8,30,
3175011002,DKI JAKARTA,JAKARTA TIMUR,MATRAMAN,UTAN KAYU UTARA,353,5,19,0,329,2,0,0,0,2,3,0,0,3,593,47,546,45,0,45,179,4,141,6,28,
3171031008,DKI JAKARTA,JAKARTA PUSAT,KEMAYORAN,UTAN PANJANG,336,3,17,2,314,0,0,0,0,0,3,0,0,3,452,90,362,25,0,25,242,7,166,8,61,
3172021007,DKI JAKARTA,JAKARTA UTARA,TANJUNG PRIOK,WARAKAS,420,3,60,2,355,0,0,0,0,0,10,0,0,10,805,49,756,51,0,51,224,5,193,5,21,
3173021007,DKI JAKARTA,JAKARTA BARAT,GROGOL PETAMBURAN,WIJAYA KUSUMA,331,0,32,2,297,1,0,0,0,1,7,0,0,7,726,77,649,23,0,23,208,8,145,6,49,
