id_kel,nama_provinsi,nama_kota,nama_kecamatan,nama_kelurahan,suspek,perawatan_rs,isolasi_di_rumah,suspek_meninggal,selesai_isolasi,probable,perawatan_rs,isolasi_di_rumah,probable_meninggal,selesai_isolasi,pelaku_perjalanan,perawatan_rs,isolasi_di_rumah,selesai_isolasi,kontak_erat,isolasi_di_rumah,selesai_isolasi,discarded,meninggal,selesai_isolasi,positif,dirawat,sembuh,meninggal,self_isolation,keterangan
3172051003,DKI JAKARTA,JAKARTA UTARA,PADEMANGAN,ANCOL,406,1,31,0,374,4,0,0,0,4,10,0,1,9,575,23,552,7,0,7,233,3,188,3,39,
3173041007,DKI JAKARTA,JAKARTA BARAT,TAMBORA,ANGKE,371,3,29,2,337,1,0,0,1,0,0,0,0,0,453,15,438,25,0,25,147,11,113,3,20,
3175041005,DKI JAKARTA,JAKARTA TIMUR,KRAMAT JATI,BALE KAMBANG,242,3,26,1,212,1,0,0,0,1,5,0,0,5,453,38,415,23,0,23,134,6,107,3,18,
3175031003,DKI JAKARTA,JAKARTA TIMUR,JATINEGARA,BALI MESTER,87,0,4,1,82,0,0,0,0,0,0,0,0,0,110,17,93,4,0,4,35,0,24,1,10,
3175101006,DKI JAKARTA,JAKARTA TIMUR,CIPAYUNG,BAMBU APUS,324,10,25,1,288,0,0,0,0,0,4,0,0,4,504,61,443,17,0,17,128,2,106,2,18,
3174031002,DKI JAKARTA,JAKARTA SELATAN,MAMPANG PRAPATAN,BANGKA,226,6,26,2,192,5,1,0,1,3,18,0,0,18,606,48,558,8,0,8,146,4,111,2,29,
3175051002,DKI JAKARTA,JAKARTA TIMUR,PASAR REBO,BARU,314,3,56,1,254,0,0,0,0,0,4,0,0,4,364,33,331,17,0,17,151,5,100,0,46,
3175041004,DKI JAKARTA,JAKARTA TIMUR,KRAMAT JATI,BATU AMPAR,392,1,41,1,349,2,0,0,0,2,3,0,1,2,808,72,736,25,0,25,182,14,140,4,24,
3171071002,DKI JAKARTA,JAKARTA PUSAT,TANAH ABANG,BENDUNGAN HILIR,353,0,14,0,339,0,0,0,0,0,4,0,0,4,598,61,537,9,0,9,209,23,159,3,24,
3175031002,DKI JAKARTA,JAKARTA TIMUR,JATINEGARA,BIDARA CINA,321,8,43,3,267,0,0,0,0,0,5,0,0,5,386,58,328,31,0,31,233,6,197,9,21,
3174101002,DKI JAKARTA,JAKARTA SELATAN,PESANGGRAHAN,BINTARO,618,12,42,2,562,4,0,0,0,4,9,0,0,9,1299,140,1159,24,0,24,260,16,198,8,38,
3174011005,DKI JAKARTA,JAKARTA SELATAN,TEBET,BUKIT DURI,337,5,46,3,283,1,0,0,0,1,13,0,0,13,507,54,453,13,0,13,187,7,131,7,42,
3171041006,DKI JAKARTA,JAKARTA PUSAT,SENEN,BUNGUR,201,1,13,2,185,1,0,0,0,1,13,0,0,13,481,31,450,12,0,12,159,6,140,2,11,
3175061007,DKI JAKARTA,JAKARTA TIMUR,CAKUNG,CAKUNG BARAT,281,10,32,1,238,1,0,0,0,1,0,0,0,0,623,61,562,41,0,41,219,4,170,4,41,
3175061004,DKI JAKARTA,JAKARTA TIMUR,CAKUNG,CAKUNG TIMUR,347,17,40,2,288,2,0,0,1,1,5,0,0,5,715,111,604,35,0,35,231,11,180,3,37,
3175041007,DKI JAKARTA,JAKARTA TIMUR,KRAMAT JATI,CAWANG,268,8,30,0,230,1,0,0,0,1,5,0,0,5,674,143,531,15,0,15,216,14,150,4,48,
3175101008,DKI JAKARTA,JAKARTA TIMUR,CIPAYUNG,CEGER,209,10,15,0,184,0,0,0,0,0,1,0,0,1,339,66,273,8,0,8,95,2,73,3,17,
3171031006,DKI JAKARTA,JAKARTA PUSAT,KEMAYORAN,CEMPAKA BARU,570,8,69,2,491,1,0,0,0,1,7,0,0,7,852,133,719,33,0,33,360,13,263,15,69,
3171051002,DKI JAKARTA,JAKARTA PUSAT,CEMPAKA PUTIH,CEMPAKA PUTIH BARAT,810,14,28,2,766,3,1,0,0,2,15,0,1,14,1791,133,1658,49,0,49,617,24,527,11,55,
3171051001,DKI JAKARTA,JAKARTA PUSAT,CEMPAKA PUTIH,CEMPAKA PUTIH TIMUR,555,7,26,1,521,1,1,0,0,0,10,0,0,10,1272,74,1198,54,0,54,331,18,280,5,28,
3173011001,DKI JAKARTA,JAKARTA BARAT,CENGKARENG,CENGKARENG BARAT,551,11,98,1,441,0,0,0,0,0,6,0,0,6,1119,88,1031,12,0,12,312,11,247,5,49,
3173011006,DKI JAKARTA,JAKARTA BARAT,CENGKARENG,CENGKARENG TIMUR,733,9,90,7,627,1,0,0,0,1,4,0,0,4,1508,172,1336,17,0,17,509,13,420,13,63,
3175091002,DKI JAKARTA,JAKARTA TIMUR,CIRACAS,CIBUBUR,766,6,105,4,651,1,0,0,0,1,30,0,0,30,1702,71,1631,88,0,88,273,11,218,6,38,
3171011002,DKI JAKARTA,JAKARTA PUSAT,GAMBIR,CIDENG,257,4,13,2,238,0,0,0,0,0,10,0,1,9,540,58,482,13,0,13,179,3,149,7,20,
3174091003,DKI JAKARTA,JAKARTA SELATAN,JAGAKARSA,CIGANJUR,580,7,38,1,534,2,0,0,0,2,12,0,0,12,560,95,465,13,0,13,156,0,125,4,27,
3175051003,DKI JAKARTA,JAKARTA TIMUR,PASAR REBO,CIJANTUNG,656,9,87,3,557,0,0,0,0,0,2,0,0,2,477,36,441,9,0,9,235,8,171,7,49,
3171061003,DKI JAKARTA,JAKARTA PUSAT,MENTENG,CIKINI,133,3,7,0,123,0,0,0,0,0,1,0,0,1,187,10,177,11,0,11,50,1,37,3,9,
3174081006,DKI JAKARTA,JAKARTA SELATAN,PANCORAN,CIKOKO,157,3,5,0,149,1,0,0,0,1,10,0,0,10,261,23,238,0,0,0,57,3,47,1,6,
3174061001,DKI JAKARTA,JAKARTA SELATAN,CILANDAK,CILANDAK BARAT,816,16,125,5,670,1,0,0,0,1,97,0,0,97,1270,172,1098,37,0,37,280,14,224,7,35,
3174041003,DKI JAKARTA,JAKARTA SELATAN,PASAR MINGGU,CILANDAK TIMUR,412,7,60,1,344,4,0,0,0,4,17,0,0,17,380,33,347,86,0,86,228,4,200,7,17,
3175101002,DKI JAKARTA,JAKARTA TIMUR,CIPAYUNG,CILANGKAP,294,6,32,1,255,1,0,0,0,1,2,0,0,2,531,73,458,20,0,20,145,6,112,0,27,
3175041006,DKI JAKARTA,JAKARTA TIMUR,KRAMAT JATI,CILILITAN,273,4,26,1,242,0,0,0,0,0,6,0,0,6,690,79,611,45,0,45,218,8,175,4,31,
3172041001,DKI JAKARTA,JAKARTA UTARA,CILINCING,CILINCING,507,19,53,1,434,0,0,0,0,0,6,0,0,6,1088,49,1039,79,0,79,333,12,296,8,17,
3175101001,DKI JAKARTA,JAKARTA TIMUR,CIPAYUNG,CIPAYUNG,428,7,37,2,382,3,0,0,1,2,7,0,0,7,548,81,467,24,0,24,180,6,151,2,21,
3174091006,DKI JAKARTA,JAKARTA SELATAN,JAGAKARSA,CIPEDAK,494,10,25,0,459,2,0,0,0,2,1,0,0,1,643,76,567,6,0,6,227,4,120,2,101,
3174061005,DKI JAKARTA,JAKARTA SELATAN,CILANDAK,CIPETE SELATAN,234,2,26,1,205,2,0,0,0,2,45,0,0,45,433,74,359,6,0,6,100,5,69,7,19,
3174071010,DKI JAKARTA,JAKARTA SELATAN,KEBAYORAN BARU,CIPETE UTARA,481,5,65,3,408,0,0,0,0,0,9,0,0,9,480,74,406,5,0,5,122,5,90,3,24,
3175021003,DKI JAKARTA,JAKARTA TIMUR,PULO GADUNG,CIPINANG,266,9,23,2,232,1,0,0,0,1,3,0,0,3,801,87,714,37,0,37,278,4,233,9,32,
3175031007,DKI JAKARTA,JAKARTA TIMUR,JATINEGARA,CIPINANG BESAR SELATAN,215,8,11,2,194,2,0,0,0,2,1,0,0,1,421,55,366,16,0,16,150,4,121,2,23,
3175031008,DKI JAKARTA,JAKARTA TIMUR,JATINEGARA,CIPINANG BESAR UTARA,354,8,32,0,314,1,0,0,0,1,3,0,0,3,596,103,493,17,0,17,259,9,217,5,28,
3175031005,DKI JAKARTA,JAKARTA TIMUR,JATINEGARA,CIPINANG CEMPEDAK,225,4,17,2,202,0,0,0,0,0,3,0,0,3,393,51,342,17,0,17,141,1,110,3,27,
3175081005,DKI JAKARTA,JAKARTA TIMUR,MAKASAR,CIPINANG MELAYU,326,7,36,2,281,3,1,0,0,2,3,0,0,3,648,64,584,20,0,20,234,11,187,5,31,
3175031006,DKI JAKARTA,JAKARTA TIMUR,JATINEGARA,CIPINANG MUARA,369,10,41,1,317,5,0,0,0,5,6,0,0,6,755,102,653,25,0,25,260,16,216,4,24,
3174051003,DKI JAKARTA,JAKARTA SELATAN,KEBAYORAN LAMA,CIPULIR,273,4,22,4,243,6,0,0,0,6,6,0,0,6,496,33,463,8,0,8,181,7,138,4,32,
3175091001,DKI JAKARTA,JAKARTA TIMUR,CIRACAS,CIRACAS,779,13,101,9,656,3,0,0,0,3,22,0,0,22,1422,77,1345,44,0,44,374,12,296,10,56,
3175041003,DKI JAKARTA,JAKARTA TIMUR,KRAMAT JATI,DUKUH,230,7,31,1,191,0,0,0,0,0,1,0,0,1,580,89,491,13,0,13,131,3,96,2,30,
3175071001,DKI JAKARTA,JAKARTA TIMUR,DUREN SAWIT,DUREN SAWIT,795,11,45,3,736,17,2,0,0,15,2,0,0,2,954,100,854,29,0,29,482,7,406,12,57,
3174081004,DKI JAKARTA,JAKARTA SELATAN,PANCORAN,DUREN TIGA,341,3,21,0,317,2,0,0,0,2,6,0,2,4,550,61,489,3,0,3,149,3,119,0,27,
3173051005,DKI JAKARTA,JAKARTA BARAT,KEBON JERUK,DURI KEPA,434,5,37,2,390,3,0,0,0,3,12,0,0,12,1151,95,1056,70,0,70,348,11,272,9,56,
3173011002,DKI JAKARTA,JAKARTA BARAT,CENGKARENG,DURI KOSAMBI,492,6,60,3,423,0,0,0,0,0,4,0,0,4,903,84,819,11,0,11,311,18,231,4,58,
3171011006,DKI JAKARTA,JAKARTA PUSAT,GAMBIR,DURI PULO,164,1,15,3,145,0,0,0,0,0,1,0,0,1,389,62,327,7,0,7,151,2,128,5,16,
3173041011,DKI JAKARTA,JAKARTA BARAT,TAMBORA,DURI SELATAN,133,4,16,1,112,0,0,0,0,0,2,0,0,2,140,10,130,4,0,4,64,0,53,3,8,
3173041003,DKI JAKARTA,JAKARTA BARAT,TAMBORA,DURI UTARA,177,1,19,2,155,1,0,0,0,1,2,0,0,2,206,13,193,3,0,3,114,2,93,4,15,
3171081003,DKI JAKARTA,JAKARTA PUSAT,JOHAR BARU,GALUR,196,2,13,0,181,3,0,0,0,3,3,0,0,3,481,61,420,46,0,46,204,1,184,9,10,
3171011001,DKI JAKARTA,JAKARTA PUSAT,GAMBIR,GAMBIR,79,4,2,0,73,1,0,0,0,1,17,0,0,17,395,11,384,6,0,6,166,0,151,0,15,
3174061004,DKI JAKARTA,JAKARTA SELATAN,CILANDAK,GANDARIA SELATAN,181,6,16,0,159,2,0,0,0,2,20,0,0,20,597,50,547,3,0,3,134,6,96,3,29,
3174071009,DKI JAKARTA,JAKARTA SELATAN,KEBAYORAN BARU,GANDARIA UTARA,490,4,54,2,430,0,0,0,0,0,3,0,0,3,560,67,493,5,0,5,172,3,133,3,33,
3175051001,DKI JAKARTA,JAKARTA TIMUR,PASAR REBO,GEDONG,659,10,45,0,604,0,0,0,0,0,4,0,0,4,355,49,306,24,0,24,197,7,159,3,28,
3171071001,DKI JAKARTA,JAKARTA PUSAT,TANAH ABANG,GELORA,55,1,2,1,51,0,0,0,0,0,5,0,0,5,171,28,143,0,0,0,117,2,99,2,14,
3173031007,DKI JAKARTA,JAKARTA BARAT,TAMAN SARI,GLODOK,102,0,5,0,97,0,0,0,0,0,1,0,0,1,160,14,146,0,0,0,33,2,25,1,5,
3171061004,DKI JAKARTA,JAKARTA PUSAT,MENTENG,GONDANGDIA,54,1,2,1,50,0,0,0,0,0,7,0,0,7,126,10,116,7,0,7,55,1,49,3,2,
3173021001,DKI JAKARTA,JAKARTA BARAT,GROGOL PETAMBURAN,GROGOL,432,4,68,4,356,1,0,0,0,1,43,0,0,43,849,123,726,36,0,36,210,10,161,1,38,
3174051005,DKI JAKARTA,JAKARTA SELATAN,KEBAYORAN LAMA,GROGOL SELATAN,320,3,37,5,275,0,0,0,0,0,12,0,0,12,571,53,518,11,0,11,206,8,156,7,35,
3174051004,DKI JAKARTA,JAKARTA SELATAN,KEBAYORAN LAMA,GROGOL UTARA,338,4,28,4,302,0,0,0,0,0,24,0,0,24,577,54,523,16,0,16,256,10,203,8,35,
3174021007,DKI JAKARTA,JAKARTA SELATAN,SETIA BUDI,GUNTUR,55,2,5,0,48,0,0,0,0,0,1,0,0,1,180,12,168,1,0,1,40,1,27,0,12,
3174071002,DKI JAKARTA,JAKARTA SELATAN,KEBAYORAN BARU,GUNUNG,229,0,16,3,210,0,0,0,0,0,7,0,0,7,330,24,306,0,0,0,93,4,60,2,27,
3171031005,DKI JAKARTA,JAKARTA PUSAT,KEMAYORAN,GUNUNG SAHARI SELATAN,263,2,15,1,245,0,0,0,0,0,4,0,0,4,428,43,385,1,0,1,145,1,119,5,20,
3171021004,DKI JAKARTA,JAKARTA PUSAT,SAWAH BESAR,GUNUNG SAHARI UTARA,262,3,12,1,246,0,0,0,0,0,6,0,0,6,490,41,449,8,0,8,160,6,132,9,13,
3175081004,DKI JAKARTA,JAKARTA TIMUR,MAKASAR,HALIM PERDANA KUSUMAH,225,5,37,2,181,0,0,0,0,0,5,0,0,5,493,60,433,9,0,9,351,7,285,4,55,
3171031003,DKI JAKARTA,JAKARTA PUSAT,KEMAYORAN,HARAPAN MULIA,322,3,23,3,293,0,0,0,0,0,6,0,0,6,499,65,434,30,0,30,224,1,173,8,42,
3174091001,DKI JAKARTA,JAKARTA SELATAN,JAGAKARSA,JAGAKARSA,816,7,55,2,752,8,0,0,0,8,8,0,0,8,989,144,845,18,0,18,347,12,280,5,50,
3175021007,DKI JAKARTA,JAKARTA TIMUR,PULO GADUNG,JATI,328,5,24,1,298,0,0,0,0,0,7,0,0,7,850,79,771,34,0,34,233,8,202,1,22,
3174041002,DKI JAKARTA,JAKARTA SELATAN,PASAR MINGGU,JATI PADANG,444,11,72,2,359,0,0,0,0,0,3,0,0,3,562,68,494,67,0,67,169,6,122,5,36,
3173071004,DKI JAKARTA,JAKARTA BARAT,PALMERAH,JATI PULO,474,4,46,4,420,1,0,0,0,1,3,0,0,3,700,48,652,62,0,62,268,8,222,6,32,
3175061001,DKI JAKARTA,JAKARTA TIMUR,CAKUNG,JATINEGARA,567,6,118,3,440,1,0,0,0,1,3,0,0,3,1259,223,1036,43,0,43,454,16,331,7,100,
3175021004,DKI JAKARTA,JAKARTA TIMUR,PULO GADUNG,JATINEGARA KAUM,110,3,8,0,99,1,0,0,1,0,3,0,0,3,320,56,264,11,0,11,82,4,60,3,15,
3173021004,DKI JAKARTA,JAKARTA BARAT,GROGOL PETAMBURAN,JELAMBAR,369,5,33,5,326,2,0,0,0,2,25,0,0,25,687,54,633,12,0,12,194,16,144,6,28,
3173021006,DKI JAKARTA,JAKARTA BARAT,GROGOL PETAMBURAN,JELAMBAR BARU,340,2,25,2,311,2,0,0,0,2,4,0,0,4,573,65,508,18,0,18,136,5,103,4,24,
3173041006,DKI JAKARTA,JAKARTA BARAT,TAMBORA,JEMBATAN BESI,526,0,26,1,499,0,0,0,0,0,5,0,0,5,453,10,443,7,0,7,213,3,182,7,21,
3173041008,DKI JAKARTA,JAKARTA BARAT,TAMBORA,JEMBATAN LIMA,183,1,26,0,156,0,0,0,0,0,1,0,0,1,194,17,177,4,0,4,108,14,73,4,17,
3173081005,DKI JAKARTA,JAKARTA BARAT,KEMBANGAN,JOGLO,390,7,72,4,307,0,0,0,0,0,5,0,0,5,677,93,584,14,0,14,202,6,163,2,31,
3171081001,DKI JAKARTA,JAKARTA PUSAT,JOHAR BARU,JOHAR BARU,596,4,27,3,562,3,1,0,0,2,6,0,0,6,1641,131,1510,95,0,95,453,7,389,16,41,
3173041002,DKI JAKARTA,JAKARTA BARAT,TAMBORA,KALI ANYAR,351,1,31,0,319,1,0,0,0,1,3,0,0,3,338,9,329,14,0,14,167,3,146,5,13,
3172041004,DKI JAKARTA,JAKARTA UTARA,CILINCING,KALI BARU,432,14,45,5,368,0,0,0,0,0,4,0,0,4,618,26,592,43,0,43,315,2,250,8,55,
3174081002,DKI JAKARTA,JAKARTA SELATAN,PANCORAN,KALIBATA,481,8,38,4,431,7,0,0,0,7,11,0,0,11,752,80,672,12,0,12,257,1,221,5,30,
3173061001,DKI JAKARTA,JAKARTA BARAT,KALI DERES,KALIDERES,971,29,104,4,834,1,0,0,0,1,6,0,1,5,2077,212,1865,30,0,30,351,18,262,5,66,
3175051004,DKI JAKARTA,JAKARTA TIMUR,PASAR REBO,KALISARI,961,16,165,0,780,0,0,0,0,0,3,0,0,3,445,38,407,10,0,10,214,5,169,4,36,
3173061004,DKI JAKARTA,JAKARTA BARAT,KALI DERES,KAMAL,303,6,25,3,269,0,0,0,0,0,1,0,0,1,511,28,483,4,0,4,54,5,37,6,6,
3172011002,DKI JAKARTA,JAKARTA UTARA,PENJARINGAN,KAMAL MUARA,77,0,7,0,70,0,0,0,0,0,4,0,0,4,176,24,152,1,0,1,66,2,59,2,3,
3171071007,DKI JAKARTA,JAKARTA PUSAT,TANAH ABANG,KAMPUNG BALI,137,2,4,2,129,1,0,0,0,1,2,0,0,2,245,32,213,2,0,2,63,1,51,3,8,
3175031001,DKI JAKARTA,JAKARTA TIMUR,JATINEGARA,KAMPUNG MELAYU,185,4,11,5,165,2,0,0,0,2,5,0,0,5,267,47,220,4,0,4,185,5,153,3,24,
3171081002,DKI JAKARTA,JAKARTA PUSAT,JOHAR BARU,KAMPUNG RAWA,280,3,8,0,269,1,0,0,0,1,0,0,0,0,690,67,623,65,0,65,256,3,232,13,8,
3175041002,DKI JAKARTA,JAKARTA TIMUR,KRAMAT JATI,KAMPUNG TENGAH,496,14,51,1,430,1,0,0,0,1,9,0,0,9,1046,110,936,50,0,50,257,7,212,11,27,
3173011005,DKI JAKARTA,JAKARTA BARAT,CENGKARENG,KAPUK,673,13,101,16,543,1,0,0,0,1,11,0,1,10,1335,159,1176,13,0,13,464,19,326,11,108,
3172011003,DKI JAKARTA,JAKARTA UTARA,PENJARINGAN,KAPUK MUARA,203,1,30,0,172,1,0,0,0,1,10,0,0,10,512,70,442,20,0,20,138,5,99,7,27,
3171021002,DKI JAKARTA,JAKARTA PUSAT,SAWAH BESAR,KARANG ANYAR,426,5,17,5,399,1,0,0,0,1,4,0,0,4,818,51,767,9,0,9,172,2,142,6,22,
3174021004,DKI JAKARTA,JAKARTA SELATAN,SETIA BUDI,KARET,121,3,10,0,108,0,0,0,0,0,11,0,0,11,373,38,335,4,0,4,112,2,94,0,16,
3174021003,DKI JAKARTA,JAKARTA SELATAN,SETIA BUDI,KARET KUNINGAN,206,1,25,1,179,0,0,0,0,0,21,0,0,21,359,51,308,4,0,4,151,20,94,2,35,
3174021002,DKI JAKARTA,JAKARTA SELATAN,SETIA BUDI,KARET SEMANGGI,51,0,2,1,48,0,0,0,0,0,3,0,0,3,78,5,73,2,0,2,24,0,22,2,0,
3171071003,DKI JAKARTA,JAKARTA PUSAT,TANAH ABANG,KARET TENGSIN,225,0,13,0,212,0,0,0,0,0,7,0,0,7,435,55,380,2,0,2,127,5,107,2,13,
3171021003,DKI JAKARTA,JAKARTA PUSAT,SAWAH BESAR,KARTINI,306,3,13,1,289,1,0,0,0,1,0,0,0,0,652,76,576,17,0,17,207,4,178,5,20,
3175011003,DKI JAKARTA,JAKARTA TIMUR,MATRAMAN,KAYU MANIS,327,5,21,0,301,3,0,0,0,3,1,0,0,1,638,47,591,29,0,29,184,9,142,4,29,
3175021006,DKI JAKARTA,JAKARTA TIMUR,PULO GADUNG,KAYU PUTIH,411,4,24,4,379,1,0,0,1,0,11,0,0,11,998,63,935,44,0,44,267,12,229,7,19,
3173031006,DKI JAKARTA,JAKARTA BARAT,TAMAN SARI,KEAGUNGAN,280,2,19,0,259,0,0,0,0,0,3,0,0,3,473,28,445,10,0,10,156,6,141,1,8,
3174041007,DKI JAKARTA,JAKARTA SELATAN,PASAR MINGGU,KEBAGUSAN,514,7,52,1,454,3,0,0,0,3,2,0,0,2,639,45,594,39,0,39,166,5,133,0,28,
3174051006,DKI JAKARTA,JAKARTA SELATAN,KEBAYORAN LAMA,KEBAYORAN LAMA SELATAN,477,15,44,0,418,5,1,0,0,4,2,0,0,2,728,40,688,14,0,14,244,10,189,5,40,
3174051001,DKI JAKARTA,JAKARTA SELATAN,KEBAYORAN LAMA,KEBAYORAN LAMA UTARA,339,6,32,1,300,1,0,0,0,1,15,0,0,15,467,43,424,4,0,4,160,11,124,4,21,
3174011004,DKI JAKARTA,JAKARTA SELATAN,TEBET,KEBON BARU,345,1,64,2,278,0,0,0,0,0,15,0,0,15,631,83,548,18,0,18,183,10,134,3,36,
3172021005,DKI JAKARTA,JAKARTA UTARA,TANJUNG PRIOK,KEBON BAWANG,624,15,49,1,559,0,0,0,0,0,15,0,0,15,1099,69,1030,77,0,77,397,7,335,4,51,
3173051001,DKI JAKARTA,JAKARTA BARAT,KEBON JERUK,KEBON JERUK,615,6,74,6,529,2,0,0,0,2,13,0,0,13,1699,185,1514,58,0,58,572,18,459,15,80,
3171071006,DKI JAKARTA,JAKARTA PUSAT,TANAH ABANG,KEBON KACANG,413,3,13,1,396,1,0,0,0,1,0,0,0,0,457,34,423,6,0,6,281,7,246,11,17,
3171011005,DKI JAKARTA,JAKARTA PUSAT,GAMBIR,KEBON KELAPA,139,0,15,1,123,3,0,0,0,3,4,0,0,4,256,39,217,2,0,2,86,0,73,1,12,
3171031002,DKI JAKARTA,JAKARTA PUSAT,KEMAYORAN,KEBON KOSONG,343,3,29,5,306,0,0,0,0,0,8,0,0,8,415,37,378,30,0,30,224,5,183,7,29,
3175011005,DKI JAKARTA,JAKARTA TIMUR,MATRAMAN,KEBON MANGGIS,170,2,14,4,150,0,0,0,0,0,2,0,0,2,237,19,218,23,0,23,130,3,113,2,12,
3171071005,DKI JAKARTA,JAKARTA PUSAT,TANAH ABANG,KEBON MELATI,449,5,24,3,417,1,1,0,0,0,5,0,0,5,740,112,628,10,0,10,439,4,406,8,21,
3175081003,DKI JAKARTA,JAKARTA TIMUR,MAKASAR,KEBON PALA,300,3,49,1,247,1,0,0,0,1,5,0,0,5,874,79,795,16,0,16,273,12,231,5,25,
3171061005,DKI JAKARTA,JAKARTA PUSAT,MENTENG,KEBON SIRIH,150,1,11,2,136,0,0,0,0,0,2,0,0,2,287,21,266,14,0,14,129,3,118,2,6,
3173011004,DKI JAKARTA,JAKARTA BARAT,CENGKARENG,KEDAUNG KALI ANGKE,426,6,51,0,369,0,0,0,0,0,1,0,0,1,500,71,429,6,0,6,263,4,216,3,40,
3173051007,DKI JAKARTA,JAKARTA BARAT,KEBON JERUK,KEDOYA SELATAN,324,7,66,5,246,2,0,0,0,2,6,0,0,6,609,88,521,20,0,20,187,12,129,5,41,
3173051006,DKI JAKARTA,JAKARTA BARAT,KEBON JERUK,KEDOYA UTARA,327,7,57,2,261,1,0,0,0,1,15,0,0,15,783,90,693,21,0,21,246,8,183,6,49,
3173051004,DKI JAKARTA,JAKARTA BARAT,KEBON JERUK,KELAPA DUA,246,7,30,0,209,0,0,0,0,0,5,0,0,5,539,70,469,22,0,22,138,4,102,2,30,
3175091003,DKI JAKARTA,JAKARTA TIMUR,CIRACAS,KELAPA DUA WETAN,526,3,53,1,469,1,0,0,0,1,7,0,0,7,1001,78,923,36,0,36,187,7,157,2,21,
3172061003,DKI JAKARTA,JAKARTA UTARA,KELAPA GADING,KELAPA GADING BARAT,798,17,37,3,741,2,0,0,0,2,48,0,1,47,1201,72,1129,112,0,112,347,8,299,5,35,
3172061001,DKI JAKARTA,JAKARTA UTARA,KELAPA GADING,KELAPA GADING TIMUR,662,16,24,2,620,2,1,0,0,1,22,0,1,21,1195,59,1136,81,0,81,251,5,178,9,59,
3173071005,DKI JAKARTA,JAKARTA BARAT,PALMERAH,KEMANGGISAN,545,6,61,6,472,0,0,0,0,0,8,0,0,8,843,80,763,50,0,50,276,8,219,9,40,
3171031001,DKI JAKARTA,JAKARTA PUSAT,KEMAYORAN,KEMAYORAN,355,5,22,3,325,0,0,0,0,0,1,0,0,1,525,34,491,22,0,22,310,3,238,10,59,
3173081006,DKI JAKARTA,JAKARTA BARAT,KEMBANGAN,KEMBANGAN SELATAN,234,3,34,1,196,0,0,0,0,0,6,0,0,6,521,49,472,52,0,52,172,14,132,4,22,
3173081001,DKI JAKARTA,JAKARTA BARAT,KEMBANGAN,KEMBANGAN UTARA,519,13,76,3,427,4,0,0,1,3,3,0,0,3,1422,119,1303,10,0,10,268,10,203,5,50,
3171041002,DKI JAKARTA,JAKARTA PUSAT,SENEN,KENARI,192,5,11,1,175,1,0,0,0,1,4,0,0,4,474,45,429,46,0,46,169,2,157,2,8,
3173041005,DKI JAKARTA,JAKARTA BARAT,TAMBORA,KERENDANG,248,4,21,2,221,1,0,0,0,1,0,0,0,0,199,25,174,7,0,7,123,0,101,7,15,
3175071003,DKI JAKARTA,JAKARTA TIMUR,DUREN SAWIT,KLENDER,594,5,34,2,553,4,1,0,0,3,5,0,1,4,896,104,792,27,0,27,347,6,268,14,59,
3172031001,DKI JAKARTA,JAKARTA UTARA,KOJA,KOJA,282,1,13,0,268,0,0,0,0,0,4,0,0,4,413,18,395,38,0,38,271,2,209,5,55,
3173071006,DKI JAKARTA,JAKARTA BARAT,PALMERAH,KOTA BAMBU SELATAN,460,9,43,5,403,0,0,0,0,0,1,0,0,1,817,62,755,71,0,71,236,2,200,5,29,
3173071003,DKI JAKARTA,JAKARTA BARAT,PALMERAH,KOTA BAMBU UTARA,372,2,27,11,332,1,1,0,0,0,3,0,0,3,551,40,511,54,0,54,206,3,189,6,8,
3171041004,DKI JAKARTA,JAKARTA PUSAT,SENEN,KRAMAT,372,4,23,6,339,0,0,0,0,0,7,0,0,7,866,54,812,33,0,33,259,2,215,10,32,
3175041001,DKI JAKARTA,JAKARTA TIMUR,KRAMAT JATI,KRAMAT JATI,362,4,50,1,307,0,0,0,0,0,10,0,0,10,799,140,659,22,0,22,305,18,214,6,67,
3174071003,DKI JAKARTA,JAKARTA SELATAN,KEBAYORAN BARU,KRAMAT PELA,223,3,25,0,195,0,0,0,0,0,0,0,0,0,488,21,467,6,0,6,129,1,106,0,22,
3173031002,DKI JAKARTA,JAKARTA BARAT,TAMAN SARI,KRUKUT,257,4,38,6,209,1,0,0,0,1,3,0,0,3,417,67,350,12,0,12,162,7,140,4,11,
3174031005,DKI JAKARTA,JAKARTA SELATAN,MAMPANG PRAPATAN,KUNINGAN BARAT,116,3,22,1,90,0,0,0,0,0,0,0,0,0,452,34,418,5,0,5,105,5,84,0,16,
3174021008,DKI JAKARTA,JAKARTA SELATAN,SETIA BUDI,KUNINGAN TIMUR,115,0,4,1,110,1,0,0,0,1,20,0,0,20,157,18,139,1,0,1,89,1,67,2,19,
3171041005,DKI JAKARTA,JAKARTA PUSAT,SENEN,KWITANG,222,3,13,0,206,2,0,0,0,2,6,0,0,6,422,28,394,10,0,10,111,1,95,5,10,
3172031003,DKI JAKARTA,JAKARTA UTARA,KOJA,LAGOA,556,5,27,1,523,0,0,0,0,0,5,0,0,5,637,28,609,65,0,65,575,12,506,10,47,
3174061002,DKI JAKARTA,JAKARTA SELATAN,CILANDAK,LEBAK BULUS,356,1,63,2,290,3,0,0,0,3,27,0,0,27,852,248,604,22,0,22,423,5,146,9,263,
3174091004,DKI JAKARTA,JAKARTA SELATAN,JAGAKARSA,LENTENG AGUNG,570,7,40,0,523,3,0,0,0,3,6,0,0,6,599,83,516,14,0,14,192,4,150,2,36,
LUAR DKI JAKARTA,LUAR DKI JAKARTA,LUAR DKI JAKARTA,LUAR DKI JAKARTA,LUAR DKI JAKARTA,31974,645,4082,98,27149,74,10,0,0,64,598,0,11,587,50882,10261,40621,1763,0,1763,7403,319,6306,119,659,
3175101007,DKI JAKARTA,JAKARTA TIMUR,CIPAYUNG,LUBANG BUAYA,708,19,147,3,539,2,0,0,0,2,7,0,0,7,697,74,623,29,0,29,317,22,222,2,71,
3175081001,DKI JAKARTA,JAKARTA TIMUR,MAKASAR,MAKASAR,290,9,44,1,236,0,0,0,0,0,8,0,0,8,1030,110,920,23,0,23,239,12,195,1,31,
3175071006,DKI JAKARTA,JAKARTA TIMUR,DUREN SAWIT,MALAKA JAYA,310,8,19,2,281,1,0,0,0,1,2,0,0,2,530,46,484,15,0,15,209,6,166,1,36,
3175071005,DKI JAKARTA,JAKARTA TIMUR,DUREN SAWIT,MALAKA SARI,286,3,28,1,254,0,0,0,0,0,1,0,0,1,480,71,409,13,0,13,176,4,138,3,31,
3174031001,DKI JAKARTA,JAKARTA SELATAN,MAMPANG PRAPATAN,MAMPANG PRAPATAN,281,6,32,2,241,1,1,0,0,0,0,0,0,0,950,70,880,10,0,10,275,5,238,8,24,
3173031005,DKI JAKARTA,JAKARTA BARAT,TAMAN SARI,MANGGA BESAR,129,4,11,1,113,1,0,0,0,1,0,0,0,0,156,12,144,6,0,6,56,2,47,1,6,
3171021005,DKI JAKARTA,JAKARTA PUSAT,SAWAH BESAR,MANGGA DUA SELATAN,374,4,29,1,340,3,0,0,0,3,1,0,0,1,759,62,697,9,0,9,208,4,174,4,26,
3174011007,DKI JAKARTA,JAKARTA SELATAN,TEBET,MANGGARAI,373,9,40,0,324,4,0,0,0,4,4,0,0,4,489,40,449,23,0,23,185,3,146,1,35,
3174011006,DKI JAKARTA,JAKARTA SELATAN,TEBET,MANGGARAI SELATAN,246,9,41,2,194,0,0,0,0,0,6,0,0,6,444,34,410,21,0,21,106,7,80,2,17,
3173031003,DKI JAKARTA,JAKARTA BARAT,TAMAN SARI,MAPHAR,200,0,23,1,176,0,0,0,0,0,6,0,0,6,363,43,320,38,0,38,188,2,171,1,14,
3172041003,DKI JAKARTA,JAKARTA UTARA,CILINCING,MARUNDA,252,4,19,0,229,3,0,0,0,3,0,0,0,0,340,19,321,13,0,13,94,0,91,1,2,
3174071001,DKI JAKARTA,JAKARTA SELATAN,KEBAYORAN BARU,MELAWAI,55,0,6,0,49,0,0,0,0,0,1,0,0,1,74,14,60,0,0,0,16,1,12,1,2,
3171061001,DKI JAKARTA,JAKARTA PUSAT,MENTENG,MENTENG,374,4,32,2,336,2,0,0,0,2,2,0,0,2,693,60,633,27,0,27,254,7,220,10,17,
3174021005,DKI JAKARTA,JAKARTA SELATAN,SETIA BUDI,MENTENG ATAS,322,6,26,3,287,1,0,0,0,1,47,0,1,46,1228,150,1078,37,0,37,241,6,180,5,50,
3174011003,DKI JAKARTA,JAKARTA SELATAN,TEBET,MENTENG DALAM,532,5,37,4,486,3,0,0,0,3,13,0,0,13,680,30,650,39,0,39,197,6,154,7,30,
3173081003,DKI JAKARTA,JAKARTA BARAT,KEMBANGAN,MERUYA SELATAN,323,8,37,1,277,0,0,0,0,0,3,0,0,3,710,78,632,17,0,17,185,3,141,3,38,
3173081002,DKI JAKARTA,JAKARTA BARAT,KEMBANGAN,MERUYA UTARA,497,9,80,6,402,1,0,0,1,0,7,0,0,7,883,79,804,10,0,10,212,8,175,2,27,
3175101004,DKI JAKARTA,JAKARTA TIMUR,CIPAYUNG,MUNJUL,245,4,27,0,214,0,0,0,0,0,3,0,0,3,310,41,269,24,0,24,92,6,68,1,17,
3172051002,DKI JAKARTA,JAKARTA UTARA,PADEMANGAN,PADEMANGAN BARAT,1719,6,72,5,1636,5,1,0,0,4,15,0,1,14,2374,95,2279,34,0,34,662,9,600,21,32,
3172051001,DKI JAKARTA,JAKARTA UTARA,PADEMANGAN,PADEMANGAN TIMUR,558,3,36,3,516,2,0,0,0,2,13,0,0,13,833,46,787,16,0,16,257,5,186,4,62,
3175011004,DKI JAKARTA,JAKARTA TIMUR,MATRAMAN,PAL MERIAM,233,5,14,2,212,2,0,0,0,2,2,0,0,2,589,41,548,58,0,58,193,6,150,6,31,
3173071001,DKI JAKARTA,JAKARTA BARAT,PALMERAH,PALMERAH,1099,7,205,2,885,0,0,0,0,0,2,0,0,2,1701,187,1514,78,0,78,450,23,349,18,60,
3174081001,DKI JAKARTA,JAKARTA SELATAN,PANCORAN,PANCORAN,337,6,35,0,296,1,0,0,0,1,9,0,0,9,552,36,516,6,0,6,216,6,178,4,28,
3172021003,DKI JAKARTA,JAKARTA UTARA,TANJUNG PRIOK,PAPANGGO,406,6,48,0,352,1,0,0,0,1,7,0,0,7,791,85,706,56,0,56,259,2,203,2,52,
3171021001,DKI JAKARTA,JAKARTA PUSAT,SAWAH BESAR,PASAR BARU,222,1,11,2,208,1,0,0,0,1,5,0,0,5,443,24,419,9,0,9,157,3,143,1,10,
3174021006,DKI JAKARTA,JAKARTA SELATAN,SETIA BUDI,PASAR MANGGIS,216,2,11,3,200,4,1,0,0,3,27,0,0,27,899,78,821,17,0,17,201,6,161,8,26,
3174041001,DKI JAKARTA,JAKARTA SELATAN,PASAR MINGGU,PASAR MINGGU,381,4,43,1,333,2,0,0,0,2,5,0,0,5,548,93,455,20,0,20,209,1,179,6,23,
3171041003,DKI JAKARTA,JAKARTA PUSAT,SENEN,PASEBAN,496,6,37,1,452,2,0,0,0,2,12,0,0,12,891,110,781,61,0,61,268,7,227,9,25,
3173061005,DKI JAKARTA,JAKARTA BARAT,KALI DERES,PEGADUNGAN,657,6,66,7,578,0,0,0,0,0,10,0,0,10,1381,122,1259,17,0,17,245,20,183,6,36,
3171061002,DKI JAKARTA,JAKARTA PUSAT,MENTENG,PEGANGSAAN,344,2,23,2,317,1,0,0,0,1,2,0,0,2,838,39,799,51,0,51,350,13,312,4,21,
3172061002,DKI JAKARTA,JAKARTA UTARA,KELAPA GADING,PEGANGSAAN DUA,755,15,45,1,694,1,0,0,0,1,41,0,0,41,1557,90,1467,143,0,143,368,13,299,8,48,
3172011004,DKI JAKARTA,JAKARTA UTARA,PENJARINGAN,PEJAGALAN,503,9,62,2,430,3,0,0,0,3,8,0,1,7,877,97,780,28,0,28,247,7,192,5,43,
3174041006,DKI JAKARTA,JAKARTA SELATAN,PASAR MINGGU,PEJATEN BARAT,415,14,39,2,360,8,0,0,0,8,2,0,1,1,644,73,571,73,0,73,212,8,172,2,30,
3174041005,DKI JAKARTA,JAKARTA SELATAN,PASAR MINGGU,PEJATEN TIMUR,445,7,40,1,397,4,0,0,0,4,3,0,0,3,596,66,530,40,0,40,201,14,157,10,20,
3175051005,DKI JAKARTA,JAKARTA TIMUR,PASAR REBO,PEKAYON,782,6,94,1,681,1,1,0,0,0,3,0,0,3,309,33,276,12,0,12,177,4,146,2,25,
3173041009,DKI JAKARTA,JAKARTA BARAT,TAMBORA,PEKOJAN,282,2,25,2,253,0,0,0,0,0,2,0,0,2,241,16,225,17,0,17,112,5,94,3,10,
3174031003,DKI JAKARTA,JAKARTA SELATAN,MAMPANG PRAPATAN,PELA MAMPANG,344,7,48,2,287,4,0,0,0,4,14,0,0,14,1369,149,1220,6,0,6,274,11,213,5,45,
3174081005,DKI JAKARTA,JAKARTA SELATAN,PANCORAN,PENGADEGAN,186,3,19,2,162,0,0,0,0,0,8,0,0,8,371,28,343,10,0,10,98,7,79,1,11,
3175061003,DKI JAKARTA,JAKARTA TIMUR,CAKUNG,PENGGILINGAN,569,13,69,1,486,1,0,0,0,1,7,0,0,7,1516,189,1327,76,0,76,502,12,412,10,68,
3172011001,DKI JAKARTA,JAKARTA UTARA,PENJARINGAN,PENJARINGAN,1025,26,134,4,861,1,0,0,0,1,23,0,0,23,2821,150,2671,120,0,120,570,7,457,15,91,
3174101001,DKI JAKARTA,JAKARTA SELATAN,PESANGGRAHAN,PESANGGRAHAN,402,6,26,4,366,2,0,0,1,1,0,0,0,0,794,87,707,19,0,19,148,4,113,3,28,
3171071004,DKI JAKARTA,JAKARTA PUSAT,TANAH ABANG,PETAMBURAN,535,5,27,7,496,0,0,0,0,0,7,0,0,7,727,141,586,9,0,9,413,18,368,12,15,
3174071008,DKI JAKARTA,JAKARTA SELATAN,KEBAYORAN BARU,PETOGOGAN,179,1,59,0,119,0,0,0,0,0,3,0,0,3,250,38,212,0,0,0,65,1,51,0,13,
3171011004,DKI JAKARTA,JAKARTA PUSAT,GAMBIR,PETOJO SELATAN,217,2,12,1,202,0,0,0,0,0,25,0,0,25,706,82,624,15,0,15,256,4,220,8,24,
3171011003,DKI JAKARTA,JAKARTA PUSAT,GAMBIR,PETOJO UTARA,180,0,15,3,162,1,0,0,0,1,11,0,0,11,370,42,328,25,0,25,144,5,120,3,16,
3174101004,DKI JAKARTA,JAKARTA SELATAN,PESANGGRAHAN,PETUKANGAN SELATAN,400,9,20,2,369,0,0,0,0,0,2,0,0,2,802,66,736,8,0,8,160,9,109,4,38,
3174101003,DKI JAKARTA,JAKARTA SELATAN,PESANGGRAHAN,PETUKANGAN UTARA,500,7,71,4,418,2,0,0,0,2,5,0,0,5,1560,163,1397,9,0,9,278,10,204,2,62,
3175081002,DKI JAKARTA,JAKARTA TIMUR,MAKASAR,PINANG RANTI,221,5,31,1,184,0,0,0,0,0,0,0,0,0,615,54,561,28,0,28,137,7,104,4,22,
3173031008,DKI JAKARTA,JAKARTA BARAT,TAMAN SARI,PINANGSIA,131,2,12,1,116,0,0,0,0,0,2,0,0,2,220,15,205,2,0,2,97,16,76,0,5,
3175011001,DKI JAKARTA,JAKARTA TIMUR,MATRAMAN,PISANGAN BARU,327,8,23,3,293,1,0,0,0,1,3,0,0,3,439,49,390,31,0,31,168,3,136,7,22,
3175021002,DKI JAKARTA,JAKARTA TIMUR,PULO GADUNG,PISANGAN TIMUR,314,1,32,4,277,1,0,0,0,1,10,0,0,10,694,129,565,29,0,29,199,9,156,5,29,
3172011005,DKI JAKARTA,JAKARTA UTARA,PENJARINGAN,PLUIT,361,2,55,4,300,0,0,0,0,0,12,0,0,12,1197,111,1086,17,0,17,202,10,160,9,23,
3175071002,DKI JAKARTA,JAKARTA TIMUR,DUREN SAWIT,PONDOK BAMBU,925,5,45,1,874,5,0,0,0,5,3,0,0,3,976,117,859,29,0,29,368,3,300,7,58,
3175071004,DKI JAKARTA,JAKARTA TIMUR,DUREN SAWIT,PONDOK KELAPA,646,8,54,0,584,0,0,0,0,0,11,0,0,11,1074,109,965,22,0,22,345,12,275,10,48,
3175071007,DKI JAKARTA,JAKARTA TIMUR,DUREN SAWIT,PONDOK KOPI,411,0,54,1,356,0,0,0,0,0,2,0,0,2,440,29,411,13,0,13,225,6,174,8,37,
3174061003,DKI JAKARTA,JAKARTA SELATAN,CILANDAK,PONDOK LABU,437,15,62,1,359,6,0,0,0,6,73,0,0,73,999,115,884,37,0,37,181,2,142,1,36,
3174051002,DKI JAKARTA,JAKARTA SELATAN,KEBAYORAN LAMA,PONDOK PINANG,526,3,53,4,466,0,0,0,0,0,44,0,0,44,797,96,701,11,0,11,260,5,212,9,34,
3175101003,DKI JAKARTA,JAKARTA TIMUR,CIPAYUNG,PONDOK RANGGON,253,2,26,3,222,0,0,0,0,0,3,0,0,3,341,54,287,21,0,21,150,4,106,1,39,
PROSES UPDATE DATA,PROSES UPDATE DATA,PROSES UPDATE DATA,PROSES UPDATE DATA,PROSES UPDATE DATA,13346,117,762,1696,10771,2996,0,0,2994,2,104,0,0,104,13800,2769,11031,68,1,67,21604,487,18841,445,1831,
3101011003,DKI JAKARTA,KAB.ADM.KEP.SERIBU,KEP. SERIBU UTARA,PULAU HARAPAN,62,0,1,0,61,0,0,0,0,0,0,0,0,0,64,2,62,0,0,0,5,0,4,0,1,
3101011002,DKI JAKARTA,KAB.ADM.KEP.SERIBU,KEP. SERIBU UTARA,PULAU KELAPA,61,0,1,1,59,0,0,0,0,0,3,0,0,3,155,8,147,1,0,1,7,0,6,0,1,
3101011001,DKI JAKARTA,KAB.ADM.KEP.SERIBU,KEP. SERIBU UTARA,PULAU PANGGANG,133,0,30,1,102,0,0,0,0,0,0,0,0,0,171,7,164,4,0,4,23,0,19,0,4,
3101021003,DKI JAKARTA,KAB.ADM.KEP.SERIBU,KEP. SERIBU SELATAN,PULAU PARI,7,0,1,0,6,0,0,0,0,0,0,0,0,0,173,0,173,1,0,1,5,0,4,0,1,
3101021002,DKI JAKARTA,KAB.ADM.KEP.SERIBU,KEP. SERIBU SELATAN,PULAU TIDUNG,37,0,1,0,36,1,0,0,1,0,0,0,0,0,373,8,365,1,0,1,36,0,33,0,3,
3101021001,DKI JAKARTA,KAB.ADM.KEP.SERIBU,KEP. SERIBU SELATAN,PULAU UNTUNG JAWA,25,0,0,0,25,0,0,0,0,0,0,0,0,0,109,5,104,0,0,0,5,1,4,0,0,
3174071007,DKI JAKARTA,JAKARTA SELATAN,KEBAYORAN BARU,PULO,264,3,28,1,232,1,0,0,0,1,1,0,0,1,205,24,181,0,0,0,49,0,43,0,6,
3175021001,DKI JAKARTA,JAKARTA TIMUR,PULO GADUNG,PULO GADUNG,373,6,41,2,324,0,0,0,0,0,11,0,0,11,812,80,732,31,0,31,246,12,198,5,31,
3175061005,DKI JAKARTA,JAKARTA TIMUR,CAKUNG,PULO GEBANG,504,4,70,2,428,1,0,0,0,1,8,0,2,6,1255,123,1132,61,0,61,344,9,269,8,58,
3174041004,DKI JAKARTA,JAKARTA SELATAN,PASAR MINGGU,RAGUNAN,599,19,114,2,464,1,0,0,0,1,2,0,0,2,650,77,573,24,0,24,184,10,141,5,28,
3175091005,DKI JAKARTA,JAKARTA TIMUR,CIRACAS,RAMBUTAN,408,4,33,1,370,2,0,0,0,2,12,0,0,12,670,38,632,29,0,29,151,13,112,1,25,
3172031006,DKI JAKARTA,JAKARTA UTARA,KOJA,RAWA BADAK SELATAN,447,4,13,2,428,2,0,0,0,2,2,0,0,2,529,12,517,48,0,48,286,1,273,4,8,
3172031004,DKI JAKARTA,JAKARTA UTARA,KOJA,RAWA BADAK UTARA,405,6,23,1,375,0,0,0,0,0,2,0,0,2,473,25,448,72,0,72,224,4,207,4,9,
3174071005,DKI JAKARTA,JAKARTA SELATAN,KEBAYORAN BARU,RAWA BARAT,83,1,7,2,73,0,0,0,0,0,1,0,0,1,152,18,134,0,0,0,25,0,18,1,6,
3173011003,DKI JAKARTA,JAKARTA BARAT,CENGKARENG,RAWA BUAYA,335,5,48,2,280,1,1,0,0,0,4,0,0,4,727,110,617,5,0,5,264,4,195,10,55,
3175031004,DKI JAKARTA,JAKARTA TIMUR,JATINEGARA,RAWA BUNGA,147,3,16,1,127,0,0,0,0,0,1,0,0,1,220,37,183,12,0,12,120,1,95,2,22,
3174081003,DKI JAKARTA,JAKARTA SELATAN,PANCORAN,RAWA JATI,263,1,21,0,241,2,0,0,0,2,11,0,0,11,444,29,415,7,0,7,88,5,67,0,16,
3175061002,DKI JAKARTA,JAKARTA TIMUR,CAKUNG,RAWA TERATE,124,4,25,0,95,0,0,0,0,0,2,0,0,2,335,59,276,5,0,5,147,3,104,1,39,
3175021005,DKI JAKARTA,JAKARTA TIMUR,PULO GADUNG,RAWAMANGUN,316,3,23,0,290,0,0,0,0,0,7,0,0,7,798,96,702,30,0,30,259,14,196,7,42,
3171051003,DKI JAKARTA,JAKARTA PUSAT,CEMPAKA PUTIH,RAWASARI,654,4,30,2,618,3,0,0,1,2,7,0,0,7,1225,115,1110,32,0,32,397,18,348,5,26,
3173041010,DKI JAKARTA,JAKARTA BARAT,TAMBORA,ROA MALAKA,35,2,3,0,30,1,0,0,0,1,0,0,0,0,42,5,37,1,0,1,14,1,13,0,0,
3172041006,DKI JAKARTA,JAKARTA UTARA,CILINCING,ROROTAN,346,9,32,2,303,0,0,0,0,0,4,0,0,4,590,36,554,73,0,73,145,2,129,2,12,
3174071004,DKI JAKARTA,JAKARTA SELATAN,KEBAYORAN BARU,SELONG,65,0,11,0,54,0,0,0,0,0,3,0,0,3,112,10,102,2,0,2,27,0,20,1,6,
3173061002,DKI JAKARTA,JAKARTA BARAT,KALI DERES,SEMANAN,466,11,92,3,360,1,1,0,0,0,3,0,0,3,991,109,882,7,0,7,167,9,110,1,47,
3172041007,DKI JAKARTA,JAKARTA UTARA,CILINCING,SEMPER BARAT,663,10,79,1,573,3,1,0,0,2,12,0,0,12,1100,79,1021,100,0,100,421,5,345,7,64,
3172041005,DKI JAKARTA,JAKARTA UTARA,CILINCING,SEMPER TIMUR,391,6,42,1,342,1,0,0,0,1,4,0,0,4,651,38,613,47,0,47,202,4,174,3,21,
3174071006,DKI JAKARTA,JAKARTA SELATAN,KEBAYORAN BARU,SENAYAN,209,1,166,0,42,0,0,0,0,0,9,0,0,9,314,113,201,0,0,0,112,2,60,0,50,
3171041001,DKI JAKARTA,JAKARTA PUSAT,SENEN,SENEN,181,3,14,0,164,1,0,0,0,1,7,0,0,7,657,24,633,26,0,26,149,2,130,2,15,
3171031004,DKI JAKARTA,JAKARTA PUSAT,KEMAYORAN,SERDANG,409,5,30,2,372,0,0,0,0,0,5,0,0,5,652,89,563,29,0,29,242,1,195,6,40,
3174021001,DKI JAKARTA,JAKARTA SELATAN,SETIA BUDI,SETIA BUDI,84,1,8,0,75,0,0,0,0,0,4,0,0,4,320,19,301,6,0,6,29,2,25,0,2,
3175101005,DKI JAKARTA,JAKARTA TIMUR,CIPAYUNG,SETU,242,4,12,0,226,1,0,0,0,1,2,0,0,2,359,52,307,14,0,14,97,1,81,1,14,
3173071002,DKI JAKARTA,JAKARTA BARAT,PALMERAH,SLIPI,502,3,51,2,446,0,0,0,0,0,2,0,0,2,923,101,822,40,0,40,278,12,216,3,47,
3173081004,DKI JAKARTA,JAKARTA BARAT,KEMBANGAN,SRENGSENG,481,3,99,3,376,1,0,0,0,1,6,0,1,5,1137,175,962,22,0,22,270,7,208,4,51,
3174091002,DKI JAKARTA,JAKARTA SELATAN,JAGAKARSA,SRENGSENG SAWAH,666,12,72,0,582,8,0,0,0,8,11,0,0,11,797,140,657,26,0,26,211,5,168,7,31,
3173051003,DKI JAKARTA,JAKARTA BARAT,KEBON JERUK,SUKABUMI SELATAN,261,5,20,4,232,1,0,0,0,1,1,0,0,1,630,96,534,24,0,24,171,6,128,5,32,
3173051002,DKI JAKARTA,JAKARTA BARAT,KEBON JERUK,SUKABUMI UTARA,276,4,27,3,242,0,0,0,0,0,19,0,0,19,655,97,558,45,0,45,190,7,137,7,39,
3172041002,DKI JAKARTA,JAKARTA UTARA,CILINCING,SUKAPURA,540,8,36,2,494,0,0,0,0,0,6,0,0,6,854,34,820,89,0,89,309,9,276,5,19,
3171031007,DKI JAKARTA,JAKARTA PUSAT,KEMAYORAN,SUMUR BATU,381,6,29,1,345,1,0,0,0,1,5,0,0,5,505,50,455,28,0,28,211,9,170,2,30,
3172021004,DKI JAKARTA,JAKARTA UTARA,TANJUNG PRIOK,SUNGAI BAMBU,316,9,38,0,269,0,0,0,0,0,7,0,1,6,583,59,524,34,0,34,148,2,119,4,23,
3172021006,DKI JAKARTA,JAKARTA UTARA,TANJUNG PRIOK,SUNTER AGUNG,873,6,83,1,783,3,0,0,0,3,20,0,0,20,1810,139,1671,75,0,75,535,21,422,15,77,
3172021002,DKI JAKARTA,JAKARTA UTARA,TANJUNG PRIOK,SUNTER JAYA,792,12,95,6,679,1,1,0,0,0,9,0,0,9,1491,163,1328,161,0,161,495,14,398,18,65,
3175091004,DKI JAKARTA,JAKARTA TIMUR,CIRACAS,SUSUKAN,443,3,74,1,365,0,0,0,0,0,16,0,0,16,1104,43,1061,69,0,69,149,6,112,6,25,
3173031001,DKI JAKARTA,JAKARTA BARAT,TAMAN SARI,TAMAN SARI,260,3,14,0,243,2,0,0,0,2,0,0,0,0,368,47,321,15,0,15,164,8,138,4,14,
3173041001,DKI JAKARTA,JAKARTA BARAT,TAMBORA,TAMBORA,181,2,11,3,165,0,0,0,0,0,1,0,0,1,277,13,264,2,0,2,76,3,59,3,11,
3173041004,DKI JAKARTA,JAKARTA BARAT,TAMBORA,TANAH SEREAL,277,6,19,2,250,1,0,0,0,1,4,0,0,4,244,18,226,5,0,5,151,7,121,6,17,
3171081004,DKI JAKARTA,JAKARTA PUSAT,JOHAR BARU,TANAH TINGGI,418,7,20,3,388,2,0,0,0,2,2,0,0,2,944,96,848,35,0,35,365,4,326,16,19,
3173031004,DKI JAKARTA,JAKARTA BARAT,TAMAN SARI,TANGKI,230,2,20,1,207,1,0,0,0,1,3,0,0,3,279,26,253,2,0,2,102,5,86,1,10,
3174091005,DKI JAKARTA,JAKARTA SELATAN,JAGAKARSA,TANJUNG BARAT,524,14,64,1,445,1,0,0,0,1,2,0,0,2,495,73,422,11,0,11,225,7,172,5,41,
3173021005,DKI JAKARTA,JAKARTA BARAT,GROGOL PETAMBURAN,TANJUNG DUREN SELATAN,374,5,30,1,338,0,0,0,0,0,19,0,0,19,613,63,550,19,0,19,250,5,211,8,26,
3173021002,DKI JAKARTA,JAKARTA BARAT,GROGOL PETAMBURAN,TANJUNG DUREN UTARA,251,1,21,0,229,1,0,0,0,1,20,0,0,20,481,56,425,18,0,18,133,9,85,7,32,
3172021001,DKI JAKARTA,JAKARTA UTARA,TANJUNG PRIOK,TANJUNG PRIOK,461,8,38,6,409,0,0,0,0,0,10,0,0,10,706,70,636,64,0,64,317,2,283,9,23,
3174011002,DKI JAKARTA,JAKARTA SELATAN,TEBET,TEBET BARAT,418,9,40,0,369,1,0,0,0,1,8,0,0,8,591,57,534,23,0,23,278,1,242,6,29,
3174011001,DKI JAKARTA,JAKARTA SELATAN,TEBET,TEBET TIMUR,344,3,32,2,307,0,0,0,0,0,6,0,0,6,511,64,447,33,0,33,174,6,129,4,35,
3173061003,DKI JAKARTA,JAKARTA BARAT,KALI DERES,TEGAL ALUR,622,7,59,6,550,0,0,0,0,0,7,0,0,7,1141,105,1036,11,0,11,176,8,131,3,34,
3174031004,DKI JAKARTA,JAKARTA SELATAN,MAMPANG PRAPATAN,TEGAL PARANG,295,6,24,3,262,5,0,0,1,4,4,0,0,4,911,112,799,11,0,11,248,3,215,5,25,
3173021003,DKI JAKARTA,JAKARTA BARAT,GROGOL PETAMBURAN,TOMANG,396,6,42,2,346,0,0,0,0,0,15,0,1,14,657,58,599,74,0,74,244,6,204,6,28,
3172031005,DKI JAKARTA,JAKARTA UTARA,KOJA,TUGU SELATAN,379,11,21,1,346,0,0,0,0,0,2,0,0,2,413,18,395,68,0,68,215,5,167,6,37,
3172031002,DKI JAKARTA,JAKARTA UTARA,KOJA,TUGU UTARA,806,23,38,0,745,3,0,0,0,3,7,0,0,7,782,41,741,83,0,83,373,12,290,10,61,
3175061006,DKI JAKARTA,JAKARTA TIMUR,CAKUNG,UJUNG MENTENG,147,0,22,2,123,1,0,0,0,1,0,0,0,0,416,51,365,18,0,18,114,4,87,3,20,
3174101005,DKI JAKARTA,JAKARTA SELATAN,PESANGGRAHAN,ULUJAMI,506,4,35,2,465,0,0,0,0,0,0,0,0,0,1095,107,988,26,0,26,214,7,164,5,38,
3175011006,DKI JAKARTA,JAKARTA TIMUR,MATRAMAN,UTAN KAYU SELATAN,456,8,25,8,415,2,0,0,0,2,2,0,0,2,769,53,716,85,0,85,242,6,198,8,30,
3175011002,DKI JAKARTA,JAKARTA TIMUR,MATRAMAN,UTAN KAYU UTARA,377,8,27,0,342,2,0,0,0,2,3,0,0,3,610,39,571,45,0,45,186,3,146,10,27,
3171031008,DKI JAKARTA,JAKARTA PUSAT,KEMAYORAN,UTAN PANJANG,350,2,29,2,317,0,0,0,0,0,3,0,0,3,495,125,370,25,0,25,251,5,182,8,56,
3172021007,DKI JAKARTA,JAKARTA UTARA,TANJUNG PRIOK,WARAKAS,444,4,65,2,373,0,0,0,0,0,10,0,0,10,820,56,764,51,0,51,229,5,207,6,11,
3173021007,DKI JAKARTA,JAKARTA BARAT,GROGOL PETAMBURAN,WIJAYA KUSUMA,345,1,42,2,300,1,0,0,0,1,7,0,0,7,758,79,679,23,0,23,228,12,169,6,41,
