id_kel,nama_provinsi,nama_kota,nama_kecamatan,nama_kelurahan,suspek,perawatan_rs,isolasi_di_rumah,suspek_meninggal,selesai_isolasi,probable,perawatan_rs,isolasi_di_rumah,probable_meninggal,selesai_isolasi,pelaku_perjalanan,perawatan_rs,isolasi_di_rumah,selesai_isolasi,kontak_erat,isolasi_di_rumah,selesai_isolasi,discarded,meninggal,selesai_isolasi,positif,dirawat,sembuh,meninggal,self_isolation,keterangan
3172051003,DKI JAKARTA,JAKARTA UTARA,PADEMANGAN,ANCOL,453,3,36,0,414,4,0,0,0,4,10,0,0,10,608,26,582,8,0,8,300,2,228,4,66,
3173041007,DKI JAKARTA,JAKARTA BARAT,TAMBORA,ANGKE,388,2,13,2,371,1,0,0,1,0,0,0,0,0,469,9,460,25,0,25,167,8,140,4,15,
3175041005,DKI JAKARTA,JAKARTA TIMUR,KRAMAT JATI,BALE KAMBANG,262,2,10,1,249,1,0,0,0,1,5,0,0,5,492,33,459,23,0,23,152,6,129,3,14,
3175031003,DKI JAKARTA,JAKARTA TIMUR,JATINEGARA,BALI MESTER,94,0,1,1,92,1,0,0,0,1,0,0,0,0,122,6,116,4,0,4,41,1,33,1,6,
3175101006,DKI JAKARTA,JAKARTA TIMUR,CIPAYUNG,BAMBU APUS,368,4,19,1,344,0,0,0,0,0,4,0,0,4,585,41,544,17,0,17,149,1,125,3,20,
3174031002,DKI JAKARTA,JAKARTA SELATAN,MAMPANG PRAPATAN,BANGKA,269,4,16,2,247,5,0,0,1,4,18,0,0,18,654,35,619,8,0,8,178,3,143,2,30,
3175051002,DKI JAKARTA,JAKARTA TIMUR,PASAR REBO,BARU,380,4,42,1,333,0,0,0,0,0,5,0,0,5,391,23,368,17,0,17,178,6,149,0,23,
3175041004,DKI JAKARTA,JAKARTA TIMUR,KRAMAT JATI,BATU AMPAR,475,2,54,1,418,3,0,0,0,3,3,0,0,3,952,118,834,25,0,25,231,9,175,5,42,
3171071002,DKI JAKARTA,JAKARTA PUSAT,TANAH ABANG,BENDUNGAN HILIR,415,6,25,0,384,2,1,0,0,1,4,0,0,4,760,73,687,10,0,10,226,8,195,5,18,
3175031002,DKI JAKARTA,JAKARTA TIMUR,JATINEGARA,BIDARA CINA,360,4,20,3,333,1,0,0,0,1,7,0,0,7,527,76,451,32,0,32,258,7,217,10,24,
3174101002,DKI JAKARTA,JAKARTA SELATAN,PESANGGRAHAN,BINTARO,688,4,48,2,634,4,0,0,0,4,9,0,0,9,1426,110,1316,23,0,23,297,11,247,8,31,
3174011005,DKI JAKARTA,JAKARTA SELATAN,TEBET,BUKIT DURI,374,2,22,3,347,2,0,0,0,2,13,0,0,13,548,31,517,13,0,13,211,7,176,7,21,
3171041006,DKI JAKARTA,JAKARTA PUSAT,SENEN,BUNGUR,218,2,12,2,202,1,0,0,0,1,13,0,0,13,522,42,480,12,0,12,178,2,151,4,21,
3175061007,DKI JAKARTA,JAKARTA TIMUR,CAKUNG,CAKUNG BARAT,311,8,15,1,287,2,1,0,0,1,0,0,0,0,680,41,639,41,0,41,252,6,213,4,29,
3175061004,DKI JAKARTA,JAKARTA TIMUR,CAKUNG,CAKUNG TIMUR,379,3,22,2,352,2,0,0,1,1,5,0,0,5,793,66,727,37,0,37,272,9,220,6,37,
3175041007,DKI JAKARTA,JAKARTA TIMUR,KRAMAT JATI,CAWANG,319,9,35,0,275,1,0,0,0,1,5,0,0,5,800,116,684,15,0,15,270,14,203,6,47,
3175101008,DKI JAKARTA,JAKARTA TIMUR,CIPAYUNG,CEGER,230,4,12,0,214,0,0,0,0,0,1,0,0,1,404,34,370,9,0,9,109,2,93,3,11,
3171031006,DKI JAKARTA,JAKARTA PUSAT,KEMAYORAN,CEMPAKA BARU,620,7,29,2,582,1,0,0,0,1,7,0,0,7,993,116,877,34,0,34,408,5,343,15,45,
3171051002,DKI JAKARTA,JAKARTA PUSAT,CEMPAKA PUTIH,CEMPAKA PUTIH BARAT,869,5,22,2,840,4,2,0,0,2,16,0,1,15,1906,79,1827,49,0,49,650,5,605,15,25,
3171051001,DKI JAKARTA,JAKARTA PUSAT,CEMPAKA PUTIH,CEMPAKA PUTIH TIMUR,599,5,15,1,578,1,0,0,0,1,12,0,0,12,1360,64,1296,57,0,57,344,2,319,6,17,
3173011001,DKI JAKARTA,JAKARTA BARAT,CENGKARENG,CENGKARENG BARAT,646,5,66,1,574,0,0,0,0,0,6,0,0,6,1266,109,1157,12,0,12,386,8,304,7,67,
3173011006,DKI JAKARTA,JAKARTA BARAT,CENGKARENG,CENGKARENG TIMUR,855,6,42,7,800,1,0,0,0,1,4,0,0,4,1734,186,1548,17,0,17,571,10,495,13,53,
3175091002,DKI JAKARTA,JAKARTA TIMUR,CIRACAS,CIBUBUR,857,4,55,4,794,1,0,0,0,1,30,0,0,30,1818,79,1739,88,0,88,307,8,263,7,29,
3171011002,DKI JAKARTA,JAKARTA PUSAT,GAMBIR,CIDENG,290,3,19,2,266,0,0,0,0,0,10,0,0,10,603,59,544,13,0,13,194,1,169,7,17,
3174091003,DKI JAKARTA,JAKARTA SELATAN,JAGAKARSA,CIGANJUR,660,6,50,1,603,2,0,0,0,2,12,0,0,12,668,88,580,14,0,14,169,3,150,4,12,
3175051003,DKI JAKARTA,JAKARTA TIMUR,PASAR REBO,CIJANTUNG,771,3,55,3,710,0,0,0,0,0,3,0,0,3,529,44,485,10,0,10,276,4,226,8,38,
3171061003,DKI JAKARTA,JAKARTA PUSAT,MENTENG,CIKINI,153,1,11,0,141,0,0,0,0,0,1,0,0,1,203,15,188,11,0,11,63,1,46,3,13,
3174081006,DKI JAKARTA,JAKARTA SELATAN,PANCORAN,CIKOKO,181,2,13,0,166,1,0,0,0,1,10,0,0,10,274,8,266,0,0,0,63,1,56,3,3,
3174061001,DKI JAKARTA,JAKARTA SELATAN,CILANDAK,CILANDAK BARAT,1005,12,126,5,862,1,0,0,0,1,97,0,0,97,1452,132,1320,38,0,38,340,1,272,7,60,
3174041003,DKI JAKARTA,JAKARTA SELATAN,PASAR MINGGU,CILANDAK TIMUR,466,8,36,1,421,4,0,0,0,4,17,0,0,17,438,46,392,86,0,86,245,4,220,7,14,
3175101002,DKI JAKARTA,JAKARTA TIMUR,CIPAYUNG,CILANGKAP,337,3,23,1,310,1,0,0,0,1,2,0,0,2,597,36,561,20,0,20,167,8,145,1,13,
3175041006,DKI JAKARTA,JAKARTA TIMUR,KRAMAT JATI,CILILITAN,300,3,15,1,281,0,0,0,0,0,6,0,0,6,820,124,696,46,0,46,268,11,213,6,38,
3172041001,DKI JAKARTA,JAKARTA UTARA,CILINCING,CILINCING,571,5,43,1,522,0,0,0,0,0,6,0,0,6,1131,33,1098,88,0,88,395,5,325,10,55,
3175101001,DKI JAKARTA,JAKARTA TIMUR,CIPAYUNG,CIPAYUNG,487,8,29,2,448,3,0,0,1,2,7,0,0,7,644,76,568,24,0,24,193,4,178,2,9,
3174091006,DKI JAKARTA,JAKARTA SELATAN,JAGAKARSA,CIPEDAK,551,4,26,0,521,2,0,0,0,2,1,0,0,1,734,53,681,7,0,7,248,5,221,3,19,
3174061005,DKI JAKARTA,JAKARTA SELATAN,CILANDAK,CIPETE SELATAN,279,6,26,1,246,2,0,0,0,2,45,0,0,45,481,33,448,6,0,6,121,4,94,7,16,
3174071010,DKI JAKARTA,JAKARTA SELATAN,KEBAYORAN BARU,CIPETE UTARA,594,5,93,3,493,0,0,0,0,0,9,0,0,9,539,42,497,5,0,5,156,6,118,4,28,
3175021003,DKI JAKARTA,JAKARTA TIMUR,PULO GADUNG,CIPINANG,309,3,15,2,289,1,0,0,0,1,3,0,0,3,899,79,820,37,0,37,329,13,270,12,34,
3175031007,DKI JAKARTA,JAKARTA TIMUR,JATINEGARA,CIPINANG BESAR SELATAN,256,4,16,2,234,2,0,0,0,2,1,0,0,1,523,86,437,16,0,16,190,5,147,2,36,
3175031008,DKI JAKARTA,JAKARTA TIMUR,JATINEGARA,CIPINANG BESAR UTARA,418,4,42,0,372,2,0,0,0,2,3,0,0,3,854,232,622,18,0,18,324,5,251,6,62,
3175031005,DKI JAKARTA,JAKARTA TIMUR,JATINEGARA,CIPINANG CEMPEDAK,246,3,10,2,231,0,0,0,0,0,4,0,0,4,499,91,408,17,0,17,182,10,136,4,32,
3175081005,DKI JAKARTA,JAKARTA TIMUR,MAKASAR,CIPINANG MELAYU,358,5,16,2,335,3,0,0,0,3,4,0,0,4,733,69,664,20,0,20,267,9,228,6,24,
3175031006,DKI JAKARTA,JAKARTA TIMUR,JATINEGARA,CIPINANG MUARA,425,3,23,1,398,5,0,0,0,5,9,0,0,9,899,95,804,25,0,25,338,10,258,5,65,
3174051003,DKI JAKARTA,JAKARTA SELATAN,KEBAYORAN LAMA,CIPULIR,318,3,32,4,279,6,0,0,0,6,6,0,0,6,525,26,499,8,0,8,223,7,177,4,35,
3175091001,DKI JAKARTA,JAKARTA TIMUR,CIRACAS,CIRACAS,904,24,57,9,814,3,0,0,0,3,23,0,0,23,1572,100,1472,45,0,45,442,14,360,13,55,
3175041003,DKI JAKARTA,JAKARTA TIMUR,KRAMAT JATI,DUKUH,275,5,30,1,239,0,0,0,0,0,1,0,0,1,658,68,590,14,0,14,160,4,123,4,29,
3175071001,DKI JAKARTA,JAKARTA TIMUR,DUREN SAWIT,DUREN SAWIT,867,9,31,3,824,17,2,0,0,15,2,0,0,2,1100,105,995,30,0,30,531,9,460,13,49,
3174081004,DKI JAKARTA,JAKARTA SELATAN,PANCORAN,DUREN TIGA,426,2,39,0,385,2,0,0,0,2,6,0,0,6,615,54,561,3,0,3,186,9,148,1,28,
3173051005,DKI JAKARTA,JAKARTA BARAT,KEBON JERUK,DURI KEPA,515,7,52,2,454,3,0,0,0,3,12,0,0,12,1287,111,1176,72,0,72,398,13,336,11,38,
3173011002,DKI JAKARTA,JAKARTA BARAT,CENGKARENG,DURI KOSAMBI,562,3,60,3,496,0,0,0,0,0,4,0,0,4,1038,123,915,11,0,11,394,14,306,6,68,
3171011006,DKI JAKARTA,JAKARTA PUSAT,GAMBIR,DURI PULO,190,4,14,3,169,0,0,0,0,0,1,0,0,1,483,86,397,7,0,7,176,7,145,6,18,
3173041011,DKI JAKARTA,JAKARTA BARAT,TAMBORA,DURI SELATAN,169,2,27,1,139,0,0,0,0,0,2,0,0,2,157,10,147,4,0,4,74,1,61,3,9,
3173041003,DKI JAKARTA,JAKARTA BARAT,TAMBORA,DURI UTARA,208,5,18,2,183,1,0,0,0,1,2,0,0,2,231,17,214,3,0,3,135,2,108,4,21,
3171081003,DKI JAKARTA,JAKARTA PUSAT,JOHAR BARU,GALUR,217,2,0,0,215,3,0,0,0,3,3,0,0,3,523,21,502,46,0,46,214,2,196,10,6,
3171011001,DKI JAKARTA,JAKARTA PUSAT,GAMBIR,GAMBIR,86,1,4,0,81,1,0,0,0,1,17,0,0,17,408,13,395,6,0,6,176,0,163,1,12,
3174061004,DKI JAKARTA,JAKARTA SELATAN,CILANDAK,GANDARIA SELATAN,216,4,27,0,185,2,0,0,0,2,20,0,0,20,661,51,610,4,0,4,162,5,128,5,24,
3174071009,DKI JAKARTA,JAKARTA SELATAN,KEBAYORAN BARU,GANDARIA UTARA,611,3,81,2,525,0,0,0,0,0,3,0,0,3,641,47,594,5,0,5,206,4,168,4,30,
3175051001,DKI JAKARTA,JAKARTA TIMUR,PASAR REBO,GEDONG,737,6,51,0,680,0,0,0,0,0,4,0,0,4,410,43,367,24,0,24,235,6,191,4,34,
3171071001,DKI JAKARTA,JAKARTA PUSAT,TANAH ABANG,GELORA,66,1,4,1,60,0,0,0,0,0,5,0,0,5,225,14,211,0,0,0,111,1,103,2,5,
3173031007,DKI JAKARTA,JAKARTA BARAT,TAMAN SARI,GLODOK,113,0,8,0,105,0,0,0,0,0,1,0,0,1,166,4,162,0,0,0,40,2,31,2,5,
3171061004,DKI JAKARTA,JAKARTA PUSAT,MENTENG,GONDANGDIA,64,0,1,1,62,0,0,0,0,0,12,0,0,12,135,5,130,7,0,7,59,0,51,3,5,
3173021001,DKI JAKARTA,JAKARTA BARAT,GROGOL PETAMBURAN,GROGOL,483,3,44,4,432,1,0,0,0,1,45,0,0,45,982,125,857,36,0,36,243,3,196,1,43,
3174051005,DKI JAKARTA,JAKARTA SELATAN,KEBAYORAN LAMA,GROGOL SELATAN,374,7,33,5,329,0,0,0,0,0,12,0,0,12,602,21,581,11,0,11,243,12,196,7,28,
3174051004,DKI JAKARTA,JAKARTA SELATAN,KEBAYORAN LAMA,GROGOL UTARA,398,6,36,4,352,0,0,0,0,0,24,0,0,24,617,26,591,16,0,16,296,11,245,8,32,
3174021007,DKI JAKARTA,JAKARTA SELATAN,SETIA BUDI,GUNTUR,60,0,5,0,55,0,0,0,0,0,1,0,0,1,190,9,181,1,0,1,44,0,39,0,5,
3174071002,DKI JAKARTA,JAKARTA SELATAN,KEBAYORAN BARU,GUNUNG,276,1,33,3,239,0,0,0,0,0,7,0,0,7,356,15,341,0,0,0,115,11,92,2,10,
3171031005,DKI JAKARTA,JAKARTA PUSAT,KEMAYORAN,GUNUNG SAHARI SELATAN,305,4,18,1,282,0,0,0,0,0,4,0,0,4,522,84,438,1,0,1,193,4,143,6,40,
3171021004,DKI JAKARTA,JAKARTA PUSAT,SAWAH BESAR,GUNUNG SAHARI UTARA,277,2,11,1,263,1,1,0,0,0,7,0,0,7,556,63,493,8,0,8,177,3,139,10,25,
3175081004,DKI JAKARTA,JAKARTA TIMUR,MAKASAR,HALIM PERDANA KUSUMAH,244,3,11,2,228,0,0,0,0,0,6,0,1,5,551,48,503,9,0,9,427,41,346,6,34,
3171031003,DKI JAKARTA,JAKARTA PUSAT,KEMAYORAN,HARAPAN MULIA,359,4,18,3,334,1,0,0,0,1,6,0,0,6,582,57,525,30,0,30,252,4,218,9,21,
3174091001,DKI JAKARTA,JAKARTA SELATAN,JAGAKARSA,JAGAKARSA,914,9,56,2,847,8,0,0,0,8,8,0,0,8,1102,80,1022,18,0,18,397,14,340,6,37,
3175021007,DKI JAKARTA,JAKARTA TIMUR,PULO GADUNG,JATI,357,0,12,1,344,0,0,0,0,0,8,0,0,8,923,52,871,35,0,35,261,6,228,4,23,
3174041002,DKI JAKARTA,JAKARTA SELATAN,PASAR MINGGU,JATI PADANG,503,6,37,2,458,0,0,0,0,0,3,0,0,3,650,54,596,67,0,67,202,6,163,5,28,
3173071004,DKI JAKARTA,JAKARTA BARAT,PALMERAH,JATI PULO,525,4,36,4,481,2,1,0,0,1,4,0,0,4,756,38,718,63,0,63,300,10,257,8,25,
3175061001,DKI JAKARTA,JAKARTA TIMUR,CAKUNG,JATINEGARA,638,5,57,3,573,1,0,0,0,1,3,0,0,3,1470,197,1273,43,0,43,542,10,434,7,91,
3175021004,DKI JAKARTA,JAKARTA TIMUR,PULO GADUNG,JATINEGARA KAUM,130,2,13,0,115,1,0,0,1,0,3,0,0,3,376,50,326,11,0,11,106,3,79,4,20,
3173021004,DKI JAKARTA,JAKARTA BARAT,GROGOL PETAMBURAN,JELAMBAR,447,3,58,5,381,2,0,0,0,2,27,0,1,26,783,81,702,12,0,12,219,10,190,6,13,
3173021006,DKI JAKARTA,JAKARTA BARAT,GROGOL PETAMBURAN,JELAMBAR BARU,383,4,30,2,347,2,0,0,0,2,4,0,0,4,635,53,582,20,0,20,178,10,127,5,36,
3173041006,DKI JAKARTA,JAKARTA BARAT,TAMBORA,JEMBATAN BESI,552,7,11,1,533,1,1,0,0,0,5,0,0,5,480,18,462,7,0,7,233,2,203,7,21,
3173041008,DKI JAKARTA,JAKARTA BARAT,TAMBORA,JEMBATAN LIMA,196,2,8,0,186,0,0,0,0,0,1,0,0,1,209,14,195,5,0,5,127,1,103,4,19,
3173081005,DKI JAKARTA,JAKARTA BARAT,KEMBANGAN,JOGLO,467,4,59,4,400,1,0,0,0,1,5,0,0,5,745,54,691,14,0,14,234,9,199,3,23,
3171081001,DKI JAKARTA,JAKARTA PUSAT,JOHAR BARU,JOHAR BARU,663,4,12,3,644,4,1,0,0,3,11,0,0,11,1825,84,1741,95,0,95,492,10,437,18,27,
3173041002,DKI JAKARTA,JAKARTA BARAT,TAMBORA,KALI ANYAR,347,6,17,0,324,1,0,0,0,1,4,0,1,3,359,12,347,14,0,14,185,4,162,5,14,
3172041004,DKI JAKARTA,JAKARTA UTARA,CILINCING,KALI BARU,527,14,49,5,459,0,0,0,0,0,4,0,0,4,690,34,656,43,0,43,344,2,316,8,18,
3174081002,DKI JAKARTA,JAKARTA SELATAN,PANCORAN,KALIBATA,595,9,53,4,529,7,0,0,0,7,11,0,0,11,819,61,758,12,0,12,314,11,247,6,50,
3173061001,DKI JAKARTA,JAKARTA BARAT,KALI DERES,KALIDERES,1080,4,67,4,1005,1,0,0,0,1,6,0,0,6,2229,132,2097,30,0,30,411,8,343,6,54,
3175051004,DKI JAKARTA,JAKARTA TIMUR,PASAR REBO,KALISARI,1055,5,58,0,992,0,0,0,0,0,3,0,0,3,514,57,457,12,0,12,258,8,207,6,37,
3173061004,DKI JAKARTA,JAKARTA BARAT,KALI DERES,KAMAL,327,2,22,3,300,0,0,0,0,0,1,0,0,1,554,43,511,4,0,4,74,1,44,8,21,
3172011002,DKI JAKARTA,JAKARTA UTARA,PENJARINGAN,KAMAL MUARA,95,0,16,0,79,0,0,0,0,0,4,0,0,4,208,12,196,1,0,1,74,2,63,2,7,
3171071007,DKI JAKARTA,JAKARTA PUSAT,TANAH ABANG,KAMPUNG BALI,148,1,2,2,143,1,0,0,0,1,2,0,0,2,316,15,301,2,0,2,79,4,64,4,7,
3175031001,DKI JAKARTA,JAKARTA TIMUR,JATINEGARA,KAMPUNG MELAYU,215,3,19,5,188,2,0,0,0,2,7,0,0,7,324,55,269,4,0,4,231,6,182,4,39,
3171081002,DKI JAKARTA,JAKARTA PUSAT,JOHAR BARU,KAMPUNG RAWA,306,2,9,0,295,1,0,0,0,1,1,0,0,1,764,28,736,66,0,66,265,4,239,13,9,
3175041002,DKI JAKARTA,JAKARTA TIMUR,KRAMAT JATI,KAMPUNG TENGAH,564,6,46,1,511,2,1,0,0,1,9,0,0,9,1196,125,1071,50,0,50,297,8,247,11,31,
3173011005,DKI JAKARTA,JAKARTA BARAT,CENGKARENG,KAPUK,784,7,76,16,685,1,0,0,0,1,12,0,1,11,1531,153,1378,14,0,14,563,12,443,14,94,
3172011003,DKI JAKARTA,JAKARTA UTARA,PENJARINGAN,KAPUK MUARA,243,2,33,0,208,1,0,0,0,1,10,0,0,10,590,59,531,20,0,20,170,12,129,7,22,
3171021002,DKI JAKARTA,JAKARTA PUSAT,SAWAH BESAR,KARANG ANYAR,458,6,14,5,433,1,0,0,0,1,4,0,0,4,869,50,819,10,0,10,197,1,163,7,26,
3174021004,DKI JAKARTA,JAKARTA SELATAN,SETIA BUDI,KARET,138,2,9,0,127,0,0,0,0,0,11,0,0,11,389,15,374,4,0,4,134,4,112,0,18,
3174021003,DKI JAKARTA,JAKARTA SELATAN,SETIA BUDI,KARET KUNINGAN,280,5,8,1,266,0,0,0,0,0,22,0,1,21,405,40,365,4,0,4,199,8,148,4,39,
3174021002,DKI JAKARTA,JAKARTA SELATAN,SETIA BUDI,KARET SEMANGGI,60,0,6,1,53,0,0,0,0,0,3,0,0,3,85,5,80,2,0,2,24,0,22,2,0,
3171071003,DKI JAKARTA,JAKARTA PUSAT,TANAH ABANG,KARET TENGSIN,264,1,9,0,254,0,0,0,0,0,8,0,0,8,722,75,647,2,0,2,144,4,124,4,12,
3171021003,DKI JAKARTA,JAKARTA PUSAT,SAWAH BESAR,KARTINI,322,3,9,1,309,1,0,0,0,1,0,0,0,0,692,29,663,17,0,17,222,2,197,5,18,
3175011003,DKI JAKARTA,JAKARTA TIMUR,MATRAMAN,KAYU MANIS,372,5,11,0,356,3,0,0,0,3,2,0,0,2,707,51,656,29,0,29,223,6,180,4,33,
3175021006,DKI JAKARTA,JAKARTA TIMUR,PULO GADUNG,KAYU PUTIH,472,1,18,4,449,1,0,0,1,0,14,0,0,14,1093,77,1016,45,0,45,326,9,272,9,36,
3173031006,DKI JAKARTA,JAKARTA BARAT,TAMAN SARI,KEAGUNGAN,296,1,12,0,283,0,0,0,0,0,3,0,0,3,494,19,475,10,0,10,178,2,156,1,19,
3174041007,DKI JAKARTA,JAKARTA SELATAN,PASAR MINGGU,KEBAGUSAN,601,15,57,1,528,3,0,0,0,3,2,0,0,2,701,51,650,39,0,39,194,6,165,1,22,
3174051006,DKI JAKARTA,JAKARTA SELATAN,KEBAYORAN LAMA,KEBAYORAN LAMA SELATAN,577,8,69,0,500,5,0,0,0,5,2,0,0,2,775,40,735,14,0,14,281,11,237,5,28,
3174051001,DKI JAKARTA,JAKARTA SELATAN,KEBAYORAN LAMA,KEBAYORAN LAMA UTARA,396,6,32,1,357,1,0,0,0,1,15,0,0,15,504,24,480,4,0,4,200,3,155,4,38,
3174011004,DKI JAKARTA,JAKARTA SELATAN,TEBET,KEBON BARU,400,5,28,2,365,0,0,0,0,0,15,0,0,15,698,50,648,18,0,18,212,10,175,5,22,
3172021005,DKI JAKARTA,JAKARTA UTARA,TANJUNG PRIOK,KEBON BAWANG,725,3,93,1,628,0,0,0,0,0,15,0,0,15,1229,129,1100,80,0,80,405,6,372,3,24,
3173051001,DKI JAKARTA,JAKARTA BARAT,KEBON JERUK,KEBON JERUK,764,6,83,6,669,2,0,0,0,2,13,0,0,13,1916,143,1773,60,0,60,632,16,554,17,45,
3171071006,DKI JAKARTA,JAKARTA PUSAT,TANAH ABANG,KEBON KACANG,448,1,10,1,436,1,0,0,0,1,0,0,0,0,549,24,525,6,0,6,291,2,262,11,16,
3171011005,DKI JAKARTA,JAKARTA PUSAT,GAMBIR,KEBON KELAPA,151,1,7,1,142,3,0,0,0,3,4,0,0,4,296,33,263,3,0,3,92,1,81,1,9,
3171031002,DKI JAKARTA,JAKARTA PUSAT,KEMAYORAN,KEBON KOSONG,364,1,15,5,343,0,0,0,0,0,8,0,0,8,505,78,427,31,0,31,244,7,214,7,16,
3175011005,DKI JAKARTA,JAKARTA TIMUR,MATRAMAN,KEBON MANGGIS,190,0,5,4,181,0,0,0,0,0,2,0,0,2,270,24,246,23,0,23,152,3,130,3,16,
3171071005,DKI JAKARTA,JAKARTA PUSAT,TANAH ABANG,KEBON MELATI,499,2,19,3,475,1,1,0,0,0,5,0,0,5,972,62,910,10,0,10,471,6,431,9,25,
3175081003,DKI JAKARTA,JAKARTA TIMUR,MAKASAR,KEBON PALA,355,7,36,1,311,1,0,0,0,1,5,0,0,5,971,96,875,16,0,16,326,14,264,5,43,
3171061005,DKI JAKARTA,JAKARTA PUSAT,MENTENG,KEBON SIRIH,165,0,10,2,153,0,0,0,0,0,4,0,0,4,308,16,292,14,0,14,133,1,124,2,6,
3173011004,DKI JAKARTA,JAKARTA BARAT,CENGKARENG,KEDAUNG KALI ANGKE,465,2,27,0,436,0,0,0,0,0,1,0,0,1,592,64,528,6,0,6,297,3,259,3,32,
3173051007,DKI JAKARTA,JAKARTA BARAT,KEBON JERUK,KEDOYA SELATAN,403,3,63,5,332,2,0,0,0,2,8,0,0,8,684,58,626,21,0,21,213,6,181,7,19,
3173051006,DKI JAKARTA,JAKARTA BARAT,KEBON JERUK,KEDOYA UTARA,398,4,40,2,352,1,0,0,0,1,15,0,0,15,915,104,811,21,0,21,291,15,236,6,34,
3173051004,DKI JAKARTA,JAKARTA BARAT,KEBON JERUK,KELAPA DUA,305,0,40,0,265,0,0,0,0,0,5,0,0,5,666,104,562,22,0,22,179,12,134,3,30,
3175091003,DKI JAKARTA,JAKARTA TIMUR,CIRACAS,KELAPA DUA WETAN,608,18,40,1,549,1,0,0,0,1,8,0,0,8,1098,49,1049,36,0,36,224,14,180,2,28,
3172061003,DKI JAKARTA,JAKARTA UTARA,KELAPA GADING,KELAPA GADING BARAT,882,5,52,3,822,2,0,0,0,2,48,0,1,47,1270,55,1215,128,0,128,386,5,333,5,43,
3172061001,DKI JAKARTA,JAKARTA UTARA,KELAPA GADING,KELAPA GADING TIMUR,706,4,26,2,674,2,0,0,0,2,22,0,1,21,1264,55,1209,91,0,91,300,5,240,9,46,
3173071005,DKI JAKARTA,JAKARTA BARAT,PALMERAH,KEMANGGISAN,615,4,48,6,557,0,0,0,0,0,8,0,0,8,915,51,864,50,0,50,312,10,268,11,23,
3171031001,DKI JAKARTA,JAKARTA PUSAT,KEMAYORAN,KEMAYORAN,391,6,25,3,357,0,0,0,0,0,3,0,1,2,573,42,531,22,0,22,330,5,299,10,16,
3173081006,DKI JAKARTA,JAKARTA BARAT,KEMBANGAN,KEMBANGAN SELATAN,276,4,30,1,241,0,0,0,0,0,8,0,0,8,602,63,539,52,0,52,198,5,171,4,18,
3173081001,DKI JAKARTA,JAKARTA BARAT,KEMBANGAN,KEMBANGAN UTARA,625,2,82,3,538,4,0,0,1,3,3,0,0,3,1532,82,1450,11,0,11,305,6,256,6,37,
3171041002,DKI JAKARTA,JAKARTA PUSAT,SENEN,KENARI,217,4,8,1,204,1,0,0,0,1,5,0,0,5,512,26,486,46,0,46,177,0,164,3,10,
3173041005,DKI JAKARTA,JAKARTA BARAT,TAMBORA,KERENDANG,304,2,11,2,289,1,0,0,0,1,0,0,0,0,220,13,207,9,0,9,130,2,115,8,5,
3175071003,DKI JAKARTA,JAKARTA TIMUR,DUREN SAWIT,KLENDER,640,9,17,2,612,4,0,0,0,4,5,0,0,5,1051,106,945,30,0,30,412,21,329,17,45,
3172031001,DKI JAKARTA,JAKARTA UTARA,KOJA,KOJA,309,3,17,0,289,0,0,0,0,0,4,0,0,4,444,20,424,40,0,40,333,1,261,9,62,
3173071006,DKI JAKARTA,JAKARTA BARAT,PALMERAH,KOTA BAMBU SELATAN,500,1,35,5,459,0,0,0,0,0,1,0,0,1,862,41,821,72,0,72,266,17,228,5,16,
3173071003,DKI JAKARTA,JAKARTA BARAT,PALMERAH,KOTA BAMBU UTARA,408,0,20,11,377,1,0,0,0,1,3,0,0,3,575,22,553,54,0,54,230,9,198,8,15,
3171041004,DKI JAKARTA,JAKARTA PUSAT,SENEN,KRAMAT,404,6,19,6,373,0,0,0,0,0,8,0,0,8,923,51,872,34,0,34,292,11,245,11,25,
3175041001,DKI JAKARTA,JAKARTA TIMUR,KRAMAT JATI,KRAMAT JATI,437,8,38,1,390,1,1,0,0,0,12,0,0,12,927,89,838,22,0,22,361,23,290,10,38,
3174071003,DKI JAKARTA,JAKARTA SELATAN,KEBAYORAN BARU,KRAMAT PELA,262,3,18,0,241,0,0,0,0,0,0,0,0,0,500,8,492,6,0,6,146,5,124,1,16,
3173031002,DKI JAKARTA,JAKARTA BARAT,TAMAN SARI,KRUKUT,275,4,9,6,256,1,0,0,0,1,3,0,0,3,458,38,420,12,0,12,179,5,158,4,12,
3174031005,DKI JAKARTA,JAKARTA SELATAN,MAMPANG PRAPATAN,KUNINGAN BARAT,131,3,10,1,117,1,1,0,0,0,0,0,0,0,472,19,453,5,0,5,133,4,104,2,23,
3174021008,DKI JAKARTA,JAKARTA SELATAN,SETIA BUDI,KUNINGAN TIMUR,132,1,14,1,116,1,0,0,0,1,20,0,0,20,209,38,171,1,0,1,113,0,88,2,23,
3171041005,DKI JAKARTA,JAKARTA PUSAT,SENEN,KWITANG,227,2,2,0,223,3,1,0,0,2,7,0,0,7,465,38,427,10,0,10,123,4,104,5,10,
3172031003,DKI JAKARTA,JAKARTA UTARA,KOJA,LAGOA,626,6,48,1,571,0,0,0,0,0,5,0,0,5,695,34,661,70,0,70,652,3,562,13,74,
3174061002,DKI JAKARTA,JAKARTA SELATAN,CILANDAK,LEBAK BULUS,429,4,37,2,386,3,0,0,0,3,27,0,0,27,1022,64,958,22,0,22,443,1,413,9,20,
3174091004,DKI JAKARTA,JAKARTA SELATAN,JAGAKARSA,LENTENG AGUNG,756,3,61,0,692,3,0,0,0,3,6,0,0,6,713,81,632,14,0,14,232,6,186,2,38,
LUAR DKI JAKARTA,LUAR DKI JAKARTA,LUAR DKI JAKARTA,LUAR DKI JAKARTA,LUAR DKI JAKARTA,38976,557,3328,97,34994,83,9,0,0,74,640,0,11,629,60104,7330,52774,1918,0,1918,7833,309,6900,130,494,
3175101007,DKI JAKARTA,JAKARTA TIMUR,CIPAYUNG,LUBANG BUAYA,830,16,79,3,732,2,0,0,0,2,10,0,0,10,797,83,714,29,0,29,401,21,314,2,64,
3175081001,DKI JAKARTA,JAKARTA TIMUR,MAKASAR,MAKASAR,342,4,33,1,304,0,0,0,0,0,8,0,0,8,1230,188,1042,23,0,23,282,16,234,3,29,
3175071006,DKI JAKARTA,JAKARTA TIMUR,DUREN SAWIT,MALAKA JAYA,345,6,14,2,323,1,0,0,0,1,2,0,0,2,617,54,563,16,0,16,229,4,201,4,20,
3175071005,DKI JAKARTA,JAKARTA TIMUR,DUREN SAWIT,MALAKA SARI,314,1,15,1,297,0,0,0,0,0,1,0,0,1,548,55,493,15,0,15,192,1,172,4,15,
3174031001,DKI JAKARTA,JAKARTA SELATAN,MAMPANG PRAPATAN,MAMPANG PRAPATAN,316,8,19,2,287,1,0,0,0,1,0,0,0,0,1010,45,965,10,0,10,300,2,265,8,25,
3173031005,DKI JAKARTA,JAKARTA BARAT,TAMAN SARI,MANGGA BESAR,148,2,12,1,133,1,0,0,0,1,0,0,0,0,182,26,156,6,0,6,71,2,53,3,13,
3171021005,DKI JAKARTA,JAKARTA PUSAT,SAWAH BESAR,MANGGA DUA SELATAN,400,2,15,1,382,3,0,0,0,3,1,0,0,1,832,67,765,12,0,12,240,5,202,5,28,
3174011007,DKI JAKARTA,JAKARTA SELATAN,TEBET,MANGGARAI,418,7,24,0,387,4,0,0,0,4,4,0,0,4,544,42,502,23,0,23,228,6,178,2,42,
3174011006,DKI JAKARTA,JAKARTA SELATAN,TEBET,MANGGARAI SELATAN,288,6,21,2,259,0,0,0,0,0,6,0,0,6,475,26,449,21,0,21,132,3,102,5,22,
3173031003,DKI JAKARTA,JAKARTA BARAT,TAMAN SARI,MAPHAR,221,3,15,1,202,0,0,0,0,0,6,0,0,6,383,16,367,39,0,39,201,2,184,2,13,
3172041003,DKI JAKARTA,JAKARTA UTARA,CILINCING,MARUNDA,279,2,13,0,264,3,0,0,0,3,0,0,0,0,356,13,343,13,0,13,120,3,93,1,23,
3174071001,DKI JAKARTA,JAKARTA SELATAN,KEBAYORAN BARU,MELAWAI,69,1,6,0,62,0,0,0,0,0,1,0,0,1,82,5,77,0,0,0,17,1,15,1,0,
3171061001,DKI JAKARTA,JAKARTA PUSAT,MENTENG,MENTENG,442,5,38,2,397,2,0,0,0,2,4,0,0,4,753,41,712,27,0,27,280,3,244,10,23,
3174021005,DKI JAKARTA,JAKARTA SELATAN,SETIA BUDI,MENTENG ATAS,377,6,35,3,333,2,0,0,0,2,48,0,1,47,1324,83,1241,37,0,37,287,5,235,7,40,
3174011003,DKI JAKARTA,JAKARTA SELATAN,TEBET,MENTENG DALAM,597,4,46,4,543,4,1,0,0,3,13,0,0,13,729,40,689,39,0,39,225,7,188,8,22,
3173081003,DKI JAKARTA,JAKARTA BARAT,KEMBANGAN,MERUYA SELATAN,378,4,36,1,337,1,1,0,0,0,5,0,0,5,779,52,727,17,0,17,217,4,182,3,28,
3173081002,DKI JAKARTA,JAKARTA BARAT,KEMBANGAN,MERUYA UTARA,573,3,52,6,512,1,0,0,1,0,7,0,0,7,985,92,893,10,0,10,279,10,208,3,58,
3175101004,DKI JAKARTA,JAKARTA TIMUR,CIPAYUNG,MUNJUL,287,8,24,0,255,0,0,0,0,0,3,0,0,3,349,34,315,24,0,24,106,3,91,1,11,
3172051002,DKI JAKARTA,JAKARTA UTARA,PADEMANGAN,PADEMANGAN BARAT,1831,9,89,5,1728,5,0,0,0,5,15,0,0,15,2446,64,2382,35,0,35,729,7,647,22,53,
3172051001,DKI JAKARTA,JAKARTA UTARA,PADEMANGAN,PADEMANGAN TIMUR,625,8,39,3,575,2,0,0,0,2,13,0,0,13,886,43,843,17,0,17,289,6,239,5,39,
3175011004,DKI JAKARTA,JAKARTA TIMUR,MATRAMAN,PAL MERIAM,257,3,7,2,245,2,0,0,0,2,3,0,0,3,641,36,605,58,0,58,222,7,184,6,25,
3173071001,DKI JAKARTA,JAKARTA BARAT,PALMERAH,PALMERAH,1235,5,101,2,1127,0,0,0,0,0,2,0,0,2,1882,120,1762,78,0,78,525,19,430,21,55,
3174081001,DKI JAKARTA,JAKARTA SELATAN,PANCORAN,PANCORAN,407,4,33,0,370,1,0,0,0,1,9,0,0,9,587,24,563,6,0,6,253,9,210,4,30,
3172021003,DKI JAKARTA,JAKARTA UTARA,TANJUNG PRIOK,PAPANGGO,464,3,63,0,398,1,0,0,0,1,7,0,0,7,854,55,799,57,0,57,287,6,253,2,26,
3171021001,DKI JAKARTA,JAKARTA PUSAT,SAWAH BESAR,PASAR BARU,234,2,8,2,222,2,0,0,0,2,8,0,0,8,468,19,449,11,0,11,173,6,153,1,13,
3174021006,DKI JAKARTA,JAKARTA SELATAN,SETIA BUDI,PASAR MANGGIS,246,1,20,3,222,4,0,0,0,4,28,0,0,28,957,54,903,17,0,17,243,7,192,8,36,
3174041001,DKI JAKARTA,JAKARTA SELATAN,PASAR MINGGU,PASAR MINGGU,425,4,29,1,391,3,0,0,0,3,7,0,0,7,599,38,561,20,0,20,238,11,202,6,19,
3171041003,DKI JAKARTA,JAKARTA PUSAT,SENEN,PASEBAN,553,7,22,1,523,3,0,0,0,3,19,0,1,18,995,88,907,61,0,61,315,2,258,9,46,
3173061005,DKI JAKARTA,JAKARTA BARAT,KALI DERES,PEGADUNGAN,715,5,36,7,667,0,0,0,0,0,10,0,0,10,1516,117,1399,18,0,18,275,6,233,7,29,
3171061002,DKI JAKARTA,JAKARTA PUSAT,MENTENG,PEGANGSAAN,384,2,28,2,352,2,0,0,0,2,2,0,0,2,879,28,851,51,0,51,363,2,346,4,11,
3172061002,DKI JAKARTA,JAKARTA UTARA,KELAPA GADING,PEGANGSAAN DUA,836,9,56,1,770,2,0,0,0,2,42,0,1,41,1733,158,1575,156,0,156,459,12,352,10,85,
3172011004,DKI JAKARTA,JAKARTA UTARA,PENJARINGAN,PEJAGALAN,589,0,41,2,546,3,0,0,0,3,8,0,0,8,1010,103,907,31,0,31,323,8,241,5,69,
3174041006,DKI JAKARTA,JAKARTA SELATAN,PASAR MINGGU,PEJATEN BARAT,489,5,41,2,441,8,0,0,0,8,2,0,0,2,709,52,657,74,0,74,229,3,209,2,15,
3174041005,DKI JAKARTA,JAKARTA SELATAN,PASAR MINGGU,PEJATEN TIMUR,526,6,44,1,475,4,0,0,0,4,3,0,0,3,673,60,613,40,0,40,249,14,192,12,31,
3175051005,DKI JAKARTA,JAKARTA TIMUR,PASAR REBO,PEKAYON,884,7,73,1,803,2,0,0,0,2,3,0,0,3,367,49,318,13,0,13,221,6,174,3,38,
3173041009,DKI JAKARTA,JAKARTA BARAT,TAMBORA,PEKOJAN,304,4,14,2,284,0,0,0,0,0,3,0,0,3,263,13,250,18,0,18,136,3,107,4,22,
3174031003,DKI JAKARTA,JAKARTA SELATAN,MAMPANG PRAPATAN,PELA MAMPANG,401,4,30,2,365,4,0,0,0,4,15,0,0,15,1480,95,1385,6,0,6,323,4,269,6,44,
3174081005,DKI JAKARTA,JAKARTA SELATAN,PANCORAN,PENGADEGAN,219,2,13,2,202,0,0,0,0,0,8,0,0,8,424,38,386,10,0,10,111,3,95,1,12,
3175061003,DKI JAKARTA,JAKARTA TIMUR,CAKUNG,PENGGILINGAN,714,3,113,1,597,2,0,0,0,2,10,0,2,8,1833,297,1536,77,0,77,580,8,479,12,81,
3172011001,DKI JAKARTA,JAKARTA UTARA,PENJARINGAN,PENJARINGAN,1165,18,108,4,1035,2,0,0,0,2,24,0,1,23,2964,121,2843,120,0,120,666,11,549,16,90,
3174101001,DKI JAKARTA,JAKARTA SELATAN,PESANGGRAHAN,PESANGGRAHAN,451,3,33,4,411,2,0,0,1,1,0,0,0,0,918,105,813,19,0,19,173,4,144,3,22,
3171071004,DKI JAKARTA,JAKARTA PUSAT,TANAH ABANG,PETAMBURAN,586,2,24,7,553,0,0,0,0,0,7,0,0,7,913,53,860,9,0,9,425,10,390,13,12,
3174071008,DKI JAKARTA,JAKARTA SELATAN,KEBAYORAN BARU,PETOGOGAN,213,3,27,0,183,0,0,0,0,0,3,0,0,3,276,18,258,1,0,1,79,3,61,0,15,
3171011004,DKI JAKARTA,JAKARTA PUSAT,GAMBIR,PETOJO SELATAN,244,3,12,1,228,0,0,0,0,0,28,0,0,28,767,52,715,15,0,15,276,8,243,8,17,
3171011003,DKI JAKARTA,JAKARTA PUSAT,GAMBIR,PETOJO UTARA,200,0,7,3,190,1,0,0,0,1,11,0,0,11,400,23,377,25,0,25,152,2,135,3,12,
3174101004,DKI JAKARTA,JAKARTA SELATAN,PESANGGRAHAN,PETUKANGAN SELATAN,458,7,41,2,408,1,1,0,0,0,2,0,0,2,931,109,822,8,0,8,216,6,153,4,53,
3174101003,DKI JAKARTA,JAKARTA SELATAN,PESANGGRAHAN,PETUKANGAN UTARA,544,3,32,4,505,3,1,0,0,2,6,0,0,6,1665,80,1585,9,0,9,316,3,274,2,37,
3175081002,DKI JAKARTA,JAKARTA TIMUR,MAKASAR,PINANG RANTI,259,10,22,1,226,0,0,0,0,0,1,0,0,1,715,88,627,28,0,28,165,6,133,5,21,
3173031008,DKI JAKARTA,JAKARTA BARAT,TAMAN SARI,PINANGSIA,141,0,8,1,132,0,0,0,0,0,2,0,0,2,242,18,224,3,0,3,107,3,96,0,8,
3175011001,DKI JAKARTA,JAKARTA TIMUR,MATRAMAN,PISANGAN BARU,371,10,18,3,340,1,0,0,0,1,5,0,1,4,497,50,447,34,0,34,205,6,161,8,30,
3175021002,DKI JAKARTA,JAKARTA TIMUR,PULO GADUNG,PISANGAN TIMUR,363,2,30,4,327,1,0,0,0,1,10,0,0,10,781,75,706,30,0,30,235,7,193,5,30,
3172011005,DKI JAKARTA,JAKARTA UTARA,PENJARINGAN,PLUIT,439,4,60,4,371,0,0,0,0,0,13,0,1,12,1308,86,1222,17,0,17,257,10,188,9,50,
3175071002,DKI JAKARTA,JAKARTA TIMUR,DUREN SAWIT,PONDOK BAMBU,980,7,32,1,940,5,0,0,0,5,3,0,0,3,1117,109,1008,31,0,31,422,13,358,7,44,
3175071004,DKI JAKARTA,JAKARTA TIMUR,DUREN SAWIT,PONDOK KELAPA,713,8,33,0,672,0,0,0,0,0,11,0,0,11,1204,104,1100,22,0,22,386,7,326,11,42,
3175071007,DKI JAKARTA,JAKARTA TIMUR,DUREN SAWIT,PONDOK KOPI,458,2,38,1,417,0,0,0,0,0,2,0,0,2,495,36,459,13,0,13,251,3,205,12,31,
3174061003,DKI JAKARTA,JAKARTA SELATAN,CILANDAK,PONDOK LABU,533,11,67,1,454,6,0,0,0,6,73,0,0,73,1119,99,1020,37,0,37,216,3,175,2,36,
3174051002,DKI JAKARTA,JAKARTA SELATAN,KEBAYORAN LAMA,PONDOK PINANG,613,5,55,4,549,0,0,0,0,0,44,0,0,44,859,48,811,11,0,11,313,6,251,9,47,
3175101003,DKI JAKARTA,JAKARTA TIMUR,CIPAYUNG,PONDOK RANGGON,289,2,15,3,269,0,0,0,0,0,3,0,0,3,436,52,384,21,0,21,180,6,149,1,24,
PROSES UPDATE DATA,PROSES UPDATE DATA,PROSES UPDATE DATA,PROSES UPDATE DATA,PROSES UPDATE DATA,14333,231,585,1697,11820,3253,0,0,3248,5,109,0,1,108,18348,2990,15358,74,1,73,23987,769,20600,455,2163,
3101011003,DKI JAKARTA,KAB.ADM.KEP.SERIBU,KEP. SERIBU UTARA,PULAU HARAPAN,65,0,3,0,62,0,0,0,0,0,0,0,0,0,77,13,64,0,0,0,6,0,4,0,2,
3101011002,DKI JAKARTA,KAB.ADM.KEP.SERIBU,KEP. SERIBU UTARA,PULAU KELAPA,80,0,18,1,61,0,0,0,0,0,3,0,0,3,181,26,155,1,0,1,8,0,7,0,1,
3101011001,DKI JAKARTA,KAB.ADM.KEP.SERIBU,KEP. SERIBU UTARA,PULAU PANGGANG,172,9,30,1,132,0,0,0,0,0,0,0,0,0,178,7,171,4,0,4,29,0,24,0,5,
3101021003,DKI JAKARTA,KAB.ADM.KEP.SERIBU,KEP. SERIBU SELATAN,PULAU PARI,12,0,3,0,9,0,0,0,0,0,0,0,0,0,175,0,175,1,0,1,5,0,5,0,0,
3101021002,DKI JAKARTA,KAB.ADM.KEP.SERIBU,KEP. SERIBU SELATAN,PULAU TIDUNG,38,0,0,0,38,1,0,0,1,0,0,0,0,0,376,1,375,1,0,1,37,0,36,0,1,
3101021001,DKI JAKARTA,KAB.ADM.KEP.SERIBU,KEP. SERIBU SELATAN,PULAU UNTUNG JAWA,25,0,0,0,25,0,0,0,0,0,0,0,0,0,109,0,109,0,0,0,5,0,5,0,0,
3174071007,DKI JAKARTA,JAKARTA SELATAN,KEBAYORAN BARU,PULO,296,1,13,1,281,1,0,0,0,1,1,0,0,1,219,6,213,0,0,0,55,0,48,0,7,
3175021001,DKI JAKARTA,JAKARTA TIMUR,PULO GADUNG,PULO GADUNG,403,3,15,2,383,0,0,0,0,0,11,0,0,11,904,77,827,33,0,33,273,3,234,6,30,
3175061005,DKI JAKARTA,JAKARTA TIMUR,CAKUNG,PULO GEBANG,586,6,54,2,524,1,0,0,0,1,9,0,0,9,1416,137,1279,63,0,63,410,5,328,12,65,
3174041004,DKI JAKARTA,JAKARTA SELATAN,PASAR MINGGU,RAGUNAN,766,4,94,2,666,1,0,0,0,1,2,0,0,2,734,67,667,25,0,25,216,6,177,5,28,
3175091005,DKI JAKARTA,JAKARTA TIMUR,CIRACAS,RAMBUTAN,450,5,21,1,423,2,0,0,0,2,12,0,0,12,723,31,692,29,0,29,186,11,153,2,20,
3172031006,DKI JAKARTA,JAKARTA UTARA,KOJA,RAWA BADAK SELATAN,479,3,33,2,441,2,0,0,0,2,2,0,0,2,563,26,537,52,0,52,314,2,284,5,23,
3172031004,DKI JAKARTA,JAKARTA UTARA,KOJA,RAWA BADAK UTARA,472,3,50,1,418,0,0,0,0,0,2,0,0,2,522,29,493,75,0,75,245,1,224,4,16,
3174071005,DKI JAKARTA,JAKARTA SELATAN,KEBAYORAN BARU,RAWA BARAT,100,1,4,2,93,0,0,0,0,0,2,0,0,2,162,7,155,0,0,0,35,1,21,1,12,
3173011003,DKI JAKARTA,JAKARTA BARAT,CENGKARENG,RAWA BUAYA,382,8,42,2,330,1,0,0,0,1,6,0,0,6,800,73,727,6,0,6,305,7,252,11,35,
3175031004,DKI JAKARTA,JAKARTA TIMUR,JATINEGARA,RAWA BUNGA,156,2,2,1,151,0,0,0,0,0,1,0,0,1,279,35,244,15,0,15,139,4,111,3,21,
3174081003,DKI JAKARTA,JAKARTA SELATAN,PANCORAN,RAWA JATI,304,2,22,0,280,2,0,0,0,2,11,0,0,11,503,53,450,7,0,7,104,4,86,0,14,
3175061002,DKI JAKARTA,JAKARTA TIMUR,CAKUNG,RAWA TERATE,144,0,13,0,131,0,0,0,0,0,2,0,0,2,376,38,338,6,0,6,176,3,144,1,28,
3175021005,DKI JAKARTA,JAKARTA TIMUR,PULO GADUNG,RAWAMANGUN,357,10,18,0,329,1,0,0,0,1,7,0,0,7,882,69,813,30,0,30,290,3,248,9,30,
3171051003,DKI JAKARTA,JAKARTA PUSAT,CEMPAKA PUTIH,RAWASARI,714,6,20,2,686,3,0,0,1,2,10,0,0,10,1323,81,1242,33,0,33,425,6,390,5,24,
3173041010,DKI JAKARTA,JAKARTA BARAT,TAMBORA,ROA MALAKA,38,0,3,0,35,1,0,0,0,1,0,0,0,0,45,3,42,1,0,1,14,0,14,0,0,
3172041006,DKI JAKARTA,JAKARTA UTARA,CILINCING,ROROTAN,401,3,40,2,356,0,0,0,0,0,4,0,0,4,632,30,602,74,0,74,170,1,142,2,25,
3174071004,DKI JAKARTA,JAKARTA SELATAN,KEBAYORAN BARU,SELONG,84,0,6,0,78,0,0,0,0,0,3,0,0,3,127,8,119,3,0,3,23,0,21,1,1,
3173061002,DKI JAKARTA,JAKARTA BARAT,KALI DERES,SEMANAN,535,6,43,3,483,1,0,0,0,1,3,0,0,3,1103,75,1028,8,0,8,206,4,161,2,39,
3172041007,DKI JAKARTA,JAKARTA UTARA,CILINCING,SEMPER BARAT,789,12,90,1,686,3,0,0,0,3,12,0,0,12,1186,85,1101,102,0,102,464,5,410,9,40,
3172041005,DKI JAKARTA,JAKARTA UTARA,CILINCING,SEMPER TIMUR,435,9,25,1,400,1,0,0,0,1,4,0,0,4,680,24,656,48,0,48,238,1,196,4,37,
3174071006,DKI JAKARTA,JAKARTA SELATAN,KEBAYORAN BARU,SENAYAN,335,5,80,0,250,0,0,0,0,0,10,0,0,10,632,280,352,0,0,0,185,3,123,0,59,
3171041001,DKI JAKARTA,JAKARTA PUSAT,SENEN,SENEN,194,2,6,0,186,1,0,0,0,1,8,0,1,7,684,21,663,26,0,26,156,0,148,3,5,
3171031004,DKI JAKARTA,JAKARTA PUSAT,KEMAYORAN,SERDANG,453,3,30,2,418,0,0,0,0,0,5,0,0,5,750,93,657,30,0,30,276,6,233,6,31,
3174021001,DKI JAKARTA,JAKARTA SELATAN,SETIA BUDI,SETIA BUDI,99,0,8,0,91,0,0,0,0,0,4,0,0,4,351,29,322,6,0,6,41,2,29,0,10,
3175101005,DKI JAKARTA,JAKARTA TIMUR,CIPAYUNG,SETU,268,1,11,0,256,2,0,0,0,2,2,0,0,2,435,54,381,14,0,14,119,4,96,1,18,
3173071002,DKI JAKARTA,JAKARTA BARAT,PALMERAH,SLIPI,544,2,22,2,518,0,0,0,0,0,2,0,0,2,1005,64,941,40,0,40,302,12,272,3,15,
3173081004,DKI JAKARTA,JAKARTA BARAT,KEMBANGAN,SRENGSENG,554,2,60,3,489,1,0,0,0,1,6,0,0,6,1281,129,1152,24,0,24,307,12,262,4,29,
3174091002,DKI JAKARTA,JAKARTA SELATAN,JAGAKARSA,SRENGSENG SAWAH,845,12,47,0,786,8,0,0,0,8,11,0,0,11,912,100,812,26,0,26,235,3,200,8,24,
3173051003,DKI JAKARTA,JAKARTA BARAT,KEBON JERUK,SUKABUMI SELATAN,310,9,26,4,271,1,0,0,0,1,1,0,0,1,699,59,640,24,0,24,206,9,166,5,26,
3173051002,DKI JAKARTA,JAKARTA BARAT,KEBON JERUK,SUKABUMI UTARA,342,2,38,3,299,0,0,0,0,0,19,0,0,19,752,81,671,45,0,45,244,5,182,7,50,
3172041002,DKI JAKARTA,JAKARTA UTARA,CILINCING,SUKAPURA,618,7,56,2,553,0,0,0,0,0,6,0,0,6,923,55,868,93,0,93,335,6,302,6,21,
3171031007,DKI JAKARTA,JAKARTA PUSAT,KEMAYORAN,SUMUR BATU,422,6,24,1,391,1,0,0,0,1,5,0,0,5,564,48,516,29,0,29,228,3,199,3,23,
3172021004,DKI JAKARTA,JAKARTA UTARA,TANJUNG PRIOK,SUNGAI BAMBU,376,0,57,0,319,0,0,0,0,0,7,0,0,7,663,72,591,34,0,34,218,0,147,5,66,
3172021006,DKI JAKARTA,JAKARTA UTARA,TANJUNG PRIOK,SUNTER AGUNG,965,6,81,1,877,3,0,0,0,3,22,0,0,22,1981,159,1822,76,0,76,607,12,519,16,60,
3172021002,DKI JAKARTA,JAKARTA UTARA,TANJUNG PRIOK,SUNTER JAYA,903,8,97,6,792,1,0,0,0,1,10,0,1,9,1689,184,1505,166,0,166,569,11,482,19,57,
3175091004,DKI JAKARTA,JAKARTA TIMUR,CIRACAS,SUSUKAN,538,19,63,1,455,0,0,0,0,0,17,0,0,17,1274,49,1225,69,0,69,189,6,140,7,36,
3173031001,DKI JAKARTA,JAKARTA BARAT,TAMAN SARI,TAMAN SARI,275,2,11,0,262,2,0,0,0,2,1,0,0,1,409,35,374,16,0,16,183,9,156,4,14,
3173041001,DKI JAKARTA,JAKARTA BARAT,TAMBORA,TAMBORA,204,2,15,3,184,0,0,0,0,0,1,0,0,1,305,23,282,3,0,3,94,4,72,3,15,
3173041004,DKI JAKARTA,JAKARTA BARAT,TAMBORA,TANAH SEREAL,293,6,4,2,281,1,0,0,0,1,4,0,0,4,272,22,250,5,0,5,164,8,141,7,8,
3171081004,DKI JAKARTA,JAKARTA PUSAT,JOHAR BARU,TANAH TINGGI,467,7,9,3,448,3,0,0,0,3,5,0,0,5,1068,60,1008,35,0,35,386,7,350,16,13,
3173031004,DKI JAKARTA,JAKARTA BARAT,TAMAN SARI,TANGKI,242,4,5,1,232,1,0,0,0,1,3,0,0,3,307,24,283,2,0,2,118,3,102,1,12,
3174091005,DKI JAKARTA,JAKARTA SELATAN,JAGAKARSA,TANJUNG BARAT,692,4,56,1,631,1,0,0,0,1,2,0,0,2,590,51,539,11,0,11,254,4,214,6,30,
3173021005,DKI JAKARTA,JAKARTA BARAT,GROGOL PETAMBURAN,TANJUNG DUREN SELATAN,420,6,30,1,383,0,0,0,0,0,19,0,0,19,685,62,623,19,0,19,287,5,239,8,35,
3173021002,DKI JAKARTA,JAKARTA BARAT,GROGOL PETAMBURAN,TANJUNG DUREN UTARA,279,0,19,0,260,2,1,0,0,1,20,0,0,20,583,95,488,18,0,18,175,15,125,8,27,
3172021001,DKI JAKARTA,JAKARTA UTARA,TANJUNG PRIOK,TANJUNG PRIOK,524,2,53,6,463,0,0,0,0,0,11,0,0,11,779,67,712,66,0,66,355,4,311,9,31,
3174011002,DKI JAKARTA,JAKARTA SELATAN,TEBET,TEBET BARAT,469,11,24,0,434,2,0,0,0,2,8,0,0,8,643,41,602,23,0,23,313,4,273,7,29,
3174011001,DKI JAKARTA,JAKARTA SELATAN,TEBET,TEBET TIMUR,385,3,20,2,360,0,0,0,0,0,6,0,0,6,532,17,515,33,0,33,190,6,171,4,9,
3173061003,DKI JAKARTA,JAKARTA BARAT,KALI DERES,TEGAL ALUR,679,4,35,6,634,0,0,0,0,0,7,0,0,7,1236,86,1150,11,0,11,213,2,170,3,38,
3174031004,DKI JAKARTA,JAKARTA SELATAN,MAMPANG PRAPATAN,TEGAL PARANG,343,4,30,3,306,5,0,0,1,4,4,0,0,4,1018,91,927,13,0,13,288,5,243,5,35,
3173021003,DKI JAKARTA,JAKARTA BARAT,GROGOL PETAMBURAN,TOMANG,461,8,40,2,411,0,0,0,0,0,15,0,0,15,755,84,671,76,0,76,289,8,234,8,39,
3172031005,DKI JAKARTA,JAKARTA UTARA,KOJA,TUGU SELATAN,432,7,33,1,391,0,0,0,0,0,2,0,0,2,463,28,435,70,0,70,266,5,207,7,47,
3172031002,DKI JAKARTA,JAKARTA UTARA,KOJA,TUGU UTARA,882,8,53,0,821,3,0,0,0,3,7,0,0,7,855,45,810,86,0,86,432,2,351,13,66,
3175061006,DKI JAKARTA,JAKARTA TIMUR,CAKUNG,UJUNG MENTENG,167,2,13,2,150,1,0,0,0,1,0,0,0,0,464,37,427,18,0,18,130,1,112,3,14,
3174101005,DKI JAKARTA,JAKARTA SELATAN,PESANGGRAHAN,ULUJAMI,557,3,30,2,522,0,0,0,0,0,0,0,0,0,1206,78,1128,26,0,26,245,7,206,5,27,
3175011006,DKI JAKARTA,JAKARTA TIMUR,MATRAMAN,UTAN KAYU SELATAN,499,5,15,8,471,2,0,0,0,2,6,0,0,6,823,32,791,89,0,89,272,3,232,8,29,
3175011002,DKI JAKARTA,JAKARTA TIMUR,MATRAMAN,UTAN KAYU UTARA,409,3,14,0,392,2,0,0,0,2,4,0,0,4,658,35,623,45,0,45,216,3,174,11,28,
3171031008,DKI JAKARTA,JAKARTA PUSAT,KEMAYORAN,UTAN PANJANG,392,8,27,2,355,0,0,0,0,0,4,0,0,4,596,76,520,27,0,27,285,7,241,8,29,
3172021007,DKI JAKARTA,JAKARTA UTARA,TANJUNG PRIOK,WARAKAS,529,4,75,2,448,0,0,0,0,0,11,0,0,11,967,87,880,52,0,52,310,6,230,8,66,
3173021007,DKI JAKARTA,JAKARTA BARAT,GROGOL PETAMBURAN,WIJAYA KUSUMA,394,2,37,2,353,1,0,0,0,1,7,0,0,7,837,73,764,23,0,23,279,8,221,8,42,
