id_kel,nama_provinsi,nama_kota,nama_kecamatan,nama_kelurahan,suspek,perawatan_rs,isolasi_di_rumah,suspek_meninggal,selesai_isolasi,probable,perawatan_rs,isolasi_di_rumah,probable_meninggal,selesai_isolasi,pelaku_perjalanan,perawatan_rs,isolasi_di_rumah,selesai_isolasi,kontak_erat,isolasi_di_rumah,selesai_isolasi,discarded,meninggal,selesai_isolasi,positif,dirawat,sembuh,meninggal,self_isolation,keterangan
3172051003,DKI JAKARTA,JAKARTA UTARA,PADEMANGAN,ANCOL,438,3,46,0,389,4,0,0,0,4,10,0,1,9,603,36,567,8,0,8,298,3,224,3,68,
3173041007,DKI JAKARTA,JAKARTA BARAT,TAMBORA,ANGKE,379,1,15,2,361,1,0,0,1,0,0,0,0,0,463,10,453,25,0,25,163,9,133,3,18,
3175041005,DKI JAKARTA,JAKARTA TIMUR,KRAMAT JATI,BALE KAMBANG,256,2,21,1,232,1,0,0,0,1,5,0,0,5,477,33,444,23,0,23,146,6,118,3,19,
3175031003,DKI JAKARTA,JAKARTA TIMUR,JATINEGARA,BALI MESTER,91,0,3,1,87,1,0,0,0,1,0,0,0,0,117,8,109,4,0,4,40,1,30,1,8,
3175101006,DKI JAKARTA,JAKARTA TIMUR,CIPAYUNG,BAMBU APUS,352,3,17,1,331,0,0,0,0,0,4,0,0,4,581,54,527,17,0,17,146,2,121,3,20,
3174031002,DKI JAKARTA,JAKARTA SELATAN,MAMPANG PRAPATAN,BANGKA,258,4,35,2,217,5,0,0,1,4,18,0,0,18,648,57,591,8,0,8,170,5,124,2,39,
3175051002,DKI JAKARTA,JAKARTA TIMUR,PASAR REBO,BARU,360,2,48,1,309,0,0,0,0,0,5,0,0,5,387,29,358,17,0,17,166,8,130,0,28,
3175041004,DKI JAKARTA,JAKARTA TIMUR,KRAMAT JATI,BATU AMPAR,454,0,68,1,385,3,0,0,0,3,3,0,0,3,912,119,793,25,0,25,213,10,161,5,37,
3171071002,DKI JAKARTA,JAKARTA PUSAT,TANAH ABANG,BENDUNGAN HILIR,389,3,24,0,362,2,2,0,0,0,4,0,0,4,715,54,661,10,0,10,215,7,179,5,24,
3175031002,DKI JAKARTA,JAKARTA TIMUR,JATINEGARA,BIDARA CINA,343,4,22,3,314,1,0,0,0,1,7,0,0,7,483,70,413,32,0,32,239,8,210,9,12,
3174101002,DKI JAKARTA,JAKARTA SELATAN,PESANGGRAHAN,BINTARO,657,4,31,2,620,4,0,0,0,4,9,0,0,9,1401,147,1254,24,0,24,284,17,232,8,27,
3174011005,DKI JAKARTA,JAKARTA SELATAN,TEBET,BUKIT DURI,369,1,38,3,327,2,0,0,0,2,13,0,0,13,535,36,499,13,0,13,203,8,167,7,21,
3171041006,DKI JAKARTA,JAKARTA PUSAT,SENEN,BUNGUR,215,0,17,2,196,1,0,0,0,1,13,0,0,13,514,44,470,12,0,12,169,4,145,3,17,
3175061007,DKI JAKARTA,JAKARTA TIMUR,CAKUNG,CAKUNG BARAT,303,9,19,1,274,1,0,0,0,1,0,0,0,0,661,35,626,41,0,41,237,4,198,4,31,
3175061004,DKI JAKARTA,JAKARTA TIMUR,CAKUNG,CAKUNG TIMUR,366,5,27,2,332,2,0,0,1,1,5,0,0,5,769,78,691,37,0,37,255,11,197,6,41,
3175041007,DKI JAKARTA,JAKARTA TIMUR,KRAMAT JATI,CAWANG,294,10,27,0,257,1,0,0,0,1,5,0,0,5,764,121,643,15,0,15,257,13,188,6,50,
3175101008,DKI JAKARTA,JAKARTA TIMUR,CIPAYUNG,CEGER,222,5,11,0,206,0,0,0,0,0,1,0,0,1,394,42,352,9,0,9,105,2,84,3,16,
3171031006,DKI JAKARTA,JAKARTA PUSAT,KEMAYORAN,CEMPAKA BARU,608,8,72,2,526,1,0,0,0,1,7,0,0,7,956,152,804,34,0,34,396,9,302,15,70,
3171051002,DKI JAKARTA,JAKARTA PUSAT,CEMPAKA PUTIH,CEMPAKA PUTIH BARAT,853,13,23,2,815,3,1,0,0,2,16,0,1,15,1865,83,1782,49,0,49,641,5,591,14,31,
3171051001,DKI JAKARTA,JAKARTA PUSAT,CEMPAKA PUTIH,CEMPAKA PUTIH TIMUR,580,5,12,1,562,1,1,0,0,0,12,0,0,12,1343,82,1261,56,0,56,339,0,302,6,31,
3173011001,DKI JAKARTA,JAKARTA BARAT,CENGKARENG,CENGKARENG BARAT,605,3,80,1,521,0,0,0,0,0,6,0,0,6,1220,109,1111,12,0,12,357,8,277,7,65,
3173011006,DKI JAKARTA,JAKARTA BARAT,CENGKARENG,CENGKARENG TIMUR,778,10,70,7,691,1,0,0,0,1,4,0,0,4,1656,208,1448,17,0,17,554,11,462,13,68,
3175091002,DKI JAKARTA,JAKARTA TIMUR,CIRACAS,CIBUBUR,826,3,70,4,749,1,0,0,0,1,30,0,0,30,1791,78,1713,88,0,88,291,7,243,7,34,
3171011002,DKI JAKARTA,JAKARTA PUSAT,GAMBIR,CIDENG,279,3,21,2,253,0,0,0,0,0,10,0,0,10,581,59,522,13,0,13,186,1,163,7,15,
3174091003,DKI JAKARTA,JAKARTA SELATAN,JAGAKARSA,CIGANJUR,620,7,30,1,582,2,0,0,0,2,12,0,0,12,644,106,538,14,0,14,165,1,137,4,23,
3175051003,DKI JAKARTA,JAKARTA TIMUR,PASAR REBO,CIJANTUNG,744,5,109,3,627,0,0,0,0,0,2,0,0,2,516,48,468,9,0,9,256,9,198,8,41,
3171061003,DKI JAKARTA,JAKARTA PUSAT,MENTENG,CIKINI,145,1,9,0,135,0,0,0,0,0,1,0,0,1,201,16,185,11,0,11,59,1,40,3,15,
3174081006,DKI JAKARTA,JAKARTA SELATAN,PANCORAN,CIKOKO,176,3,14,0,159,1,0,0,0,1,10,0,0,10,271,17,254,0,0,0,62,3,50,3,6,
3174061001,DKI JAKARTA,JAKARTA SELATAN,CILANDAK,CILANDAK BARAT,922,11,151,5,755,1,0,0,0,1,97,0,0,97,1405,147,1258,38,0,38,303,5,250,7,41,
3174041003,DKI JAKARTA,JAKARTA SELATAN,PASAR MINGGU,CILANDAK TIMUR,452,10,64,1,377,4,0,0,0,4,17,0,0,17,422,49,373,86,0,86,240,7,208,7,18,
3175101002,DKI JAKARTA,JAKARTA TIMUR,CIPAYUNG,CILANGKAP,329,4,30,1,294,1,0,0,0,1,2,0,0,2,575,55,520,20,0,20,160,8,136,1,15,
3175041006,DKI JAKARTA,JAKARTA TIMUR,KRAMAT JATI,CILILITAN,291,3,20,1,267,0,0,0,0,0,6,0,0,6,750,87,663,46,0,46,243,11,199,4,29,
3172041001,DKI JAKARTA,JAKARTA UTARA,CILINCING,CILINCING,553,14,49,1,489,0,0,0,0,0,6,0,0,6,1119,39,1080,85,0,85,380,6,316,10,48,
3175101001,DKI JAKARTA,JAKARTA TIMUR,CIPAYUNG,CIPAYUNG,469,8,36,2,423,3,0,0,1,2,7,0,0,7,613,66,547,24,0,24,190,8,166,2,14,
3174091006,DKI JAKARTA,JAKARTA SELATAN,JAGAKARSA,CIPEDAK,521,3,18,0,500,2,0,0,0,2,1,0,0,1,709,47,662,7,0,7,236,3,213,3,17,
3174061005,DKI JAKARTA,JAKARTA SELATAN,CILANDAK,CIPETE SELATAN,265,7,29,1,228,2,0,0,0,2,45,0,0,45,466,34,432,6,0,6,108,3,89,7,9,
3174071010,DKI JAKARTA,JAKARTA SELATAN,KEBAYORAN BARU,CIPETE UTARA,562,3,90,3,466,0,0,0,0,0,9,0,0,9,508,34,474,5,0,5,137,7,101,3,26,
3175021003,DKI JAKARTA,JAKARTA TIMUR,PULO GADUNG,CIPINANG,295,2,22,2,269,1,0,0,0,1,3,0,0,3,873,77,796,37,0,37,316,9,256,12,39,
3175031007,DKI JAKARTA,JAKARTA TIMUR,JATINEGARA,CIPINANG BESAR SELATAN,229,7,10,2,210,2,0,0,0,2,1,0,0,1,470,55,415,16,0,16,180,5,133,2,40,
3175031008,DKI JAKARTA,JAKARTA TIMUR,JATINEGARA,CIPINANG BESAR UTARA,392,8,37,0,347,2,0,0,0,2,3,0,0,3,699,128,571,17,0,17,286,9,227,5,45,
3175031005,DKI JAKARTA,JAKARTA TIMUR,JATINEGARA,CIPINANG CEMPEDAK,242,7,11,2,222,0,0,0,0,0,4,0,0,4,473,84,389,17,0,17,170,10,126,4,30,
3175081005,DKI JAKARTA,JAKARTA TIMUR,MAKASAR,CIPINANG MELAYU,345,4,20,2,319,3,1,0,0,2,4,0,0,4,711,82,629,20,0,20,257,12,210,6,29,
3175031006,DKI JAKARTA,JAKARTA TIMUR,JATINEGARA,CIPINANG MUARA,409,7,29,1,372,5,0,0,0,5,8,0,0,8,849,101,748,25,0,25,310,14,241,4,51,
3174051003,DKI JAKARTA,JAKARTA SELATAN,KEBAYORAN LAMA,CIPULIR,302,4,23,4,271,6,0,0,0,6,6,0,0,6,517,32,485,8,0,8,200,6,165,4,25,
3175091001,DKI JAKARTA,JAKARTA TIMUR,CIRACAS,CIRACAS,856,7,81,9,759,3,0,0,0,3,23,0,0,23,1543,101,1442,45,0,45,419,14,335,13,57,
3175041003,DKI JAKARTA,JAKARTA TIMUR,KRAMAT JATI,DUKUH,254,2,27,1,224,0,0,0,0,0,1,0,0,1,634,76,558,14,0,14,152,2,107,3,40,
3175071001,DKI JAKARTA,JAKARTA TIMUR,DUREN SAWIT,DUREN SAWIT,833,9,33,3,788,17,2,0,0,15,2,0,0,2,1041,101,940,30,0,30,519,12,442,13,52,
3174081004,DKI JAKARTA,JAKARTA SELATAN,PANCORAN,DUREN TIGA,401,3,37,0,361,2,0,0,0,2,6,0,0,6,595,56,539,3,0,3,171,6,140,1,24,
3173051005,DKI JAKARTA,JAKARTA BARAT,KEBON JERUK,DURI KEPA,482,4,45,2,431,3,0,0,0,3,12,0,0,12,1249,112,1137,72,0,72,373,5,313,11,44,
3173011002,DKI JAKARTA,JAKARTA BARAT,CENGKARENG,DURI KOSAMBI,538,6,59,3,470,0,0,0,0,0,4,0,0,4,1002,119,883,11,0,11,362,19,272,6,65,
3171011006,DKI JAKARTA,JAKARTA PUSAT,GAMBIR,DURI PULO,175,2,11,3,159,0,0,0,0,0,1,0,0,1,445,81,364,7,0,7,170,5,136,6,23,
3173041011,DKI JAKARTA,JAKARTA BARAT,TAMBORA,DURI SELATAN,144,1,10,1,132,0,0,0,0,0,2,0,0,2,155,12,143,4,0,4,72,1,59,3,9,
3173041003,DKI JAKARTA,JAKARTA BARAT,TAMBORA,DURI UTARA,194,5,16,2,171,1,0,0,0,1,2,0,0,2,229,22,207,3,0,3,131,1,106,4,20,
3171081003,DKI JAKARTA,JAKARTA PUSAT,JOHAR BARU,GALUR,213,2,10,0,201,3,0,0,0,3,3,0,0,3,518,41,477,46,0,46,212,1,194,10,7,
3171011001,DKI JAKARTA,JAKARTA PUSAT,GAMBIR,GAMBIR,83,0,2,0,81,1,0,0,0,1,17,0,0,17,406,11,395,6,0,6,174,0,154,1,19,
3174061004,DKI JAKARTA,JAKARTA SELATAN,CILANDAK,GANDARIA SELATAN,200,5,24,0,171,2,0,0,0,2,20,0,0,20,642,48,594,3,0,3,140,4,106,4,26,
3174071009,DKI JAKARTA,JAKARTA SELATAN,KEBAYORAN BARU,GANDARIA UTARA,589,4,102,2,481,0,0,0,0,0,3,0,0,3,608,57,551,5,0,5,193,0,160,4,29,
3175051001,DKI JAKARTA,JAKARTA TIMUR,PASAR REBO,GEDONG,712,4,56,0,652,0,0,0,0,0,4,0,0,4,404,59,345,24,0,24,222,5,177,3,37,
3171071001,DKI JAKARTA,JAKARTA PUSAT,TANAH ABANG,GELORA,62,1,4,1,56,0,0,0,0,0,5,0,0,5,222,16,206,0,0,0,119,0,111,2,6,
3173031007,DKI JAKARTA,JAKARTA BARAT,TAMAN SARI,GLODOK,111,0,9,0,102,0,0,0,0,0,1,0,0,1,163,4,159,0,0,0,38,3,28,2,5,
3171061004,DKI JAKARTA,JAKARTA PUSAT,MENTENG,GONDANGDIA,59,0,1,1,57,0,0,0,0,0,12,0,0,12,132,7,125,7,0,7,57,1,50,3,3,
3173021001,DKI JAKARTA,JAKARTA BARAT,GROGOL PETAMBURAN,GROGOL,465,4,72,4,385,1,0,0,0,1,45,0,0,45,911,111,800,36,0,36,240,2,186,1,51,
3174051005,DKI JAKARTA,JAKARTA SELATAN,KEBAYORAN LAMA,GROGOL SELATAN,347,3,27,5,312,0,0,0,0,0,12,0,0,12,592,24,568,11,0,11,233,16,178,7,32,
3174051004,DKI JAKARTA,JAKARTA SELATAN,KEBAYORAN LAMA,GROGOL UTARA,369,8,34,4,323,0,0,0,0,0,24,0,0,24,610,45,565,16,0,16,280,10,233,8,29,
3174021007,DKI JAKARTA,JAKARTA SELATAN,SETIA BUDI,GUNTUR,57,1,5,0,51,0,0,0,0,0,1,0,0,1,187,7,180,1,0,1,42,1,31,0,10,
3174071002,DKI JAKARTA,JAKARTA SELATAN,KEBAYORAN BARU,GUNUNG,257,0,33,3,221,0,0,0,0,0,7,0,0,7,346,20,326,0,0,0,111,15,64,2,30,
3171031005,DKI JAKARTA,JAKARTA PUSAT,KEMAYORAN,GUNUNG SAHARI SELATAN,285,2,24,1,258,0,0,0,0,0,4,0,0,4,513,100,413,1,0,1,176,0,130,5,41,
3171021004,DKI JAKARTA,JAKARTA PUSAT,SAWAH BESAR,GUNUNG SAHARI UTARA,270,4,13,1,252,1,1,0,0,0,7,0,0,7,543,63,480,8,0,8,171,4,134,10,23,
3175081004,DKI JAKARTA,JAKARTA TIMUR,MAKASAR,HALIM PERDANA KUSUMAH,236,3,15,2,216,0,0,0,0,0,6,0,1,5,535,45,490,9,0,9,414,41,330,5,38,
3171031003,DKI JAKARTA,JAKARTA PUSAT,KEMAYORAN,HARAPAN MULIA,342,4,19,3,316,1,0,0,0,1,6,0,0,6,550,59,491,30,0,30,243,1,209,9,24,
3174091001,DKI JAKARTA,JAKARTA SELATAN,JAGAKARSA,JAGAKARSA,867,9,58,2,798,8,0,0,0,8,8,0,0,8,1063,85,978,18,0,18,383,17,313,6,47,
3175021007,DKI JAKARTA,JAKARTA TIMUR,PULO GADUNG,JATI,343,2,15,1,325,0,0,0,0,0,8,0,0,8,892,48,844,35,0,35,256,8,211,2,35,
3174041002,DKI JAKARTA,JAKARTA SELATAN,PASAR MINGGU,JATI PADANG,472,7,34,2,429,0,0,0,0,0,3,0,0,3,622,55,567,67,0,67,186,9,151,5,21,
3173071004,DKI JAKARTA,JAKARTA BARAT,PALMERAH,JATI PULO,502,3,36,4,459,2,1,0,0,1,4,0,0,4,736,48,688,63,0,63,289,8,249,8,24,
3175061001,DKI JAKARTA,JAKARTA TIMUR,CAKUNG,JATINEGARA,610,6,55,3,546,1,0,0,0,1,3,0,0,3,1420,260,1160,43,0,43,525,13,383,7,122,
3175021004,DKI JAKARTA,JAKARTA TIMUR,PULO GADUNG,JATINEGARA KAUM,125,3,12,0,110,1,0,0,1,0,3,0,0,3,348,37,311,11,0,11,100,2,76,4,18,
3173021004,DKI JAKARTA,JAKARTA BARAT,GROGOL PETAMBURAN,JELAMBAR,418,2,54,5,357,2,0,0,0,2,26,0,0,26,756,68,688,12,0,12,201,6,180,6,9,
3173021006,DKI JAKARTA,JAKARTA BARAT,GROGOL PETAMBURAN,JELAMBAR BARU,358,2,28,2,326,2,0,0,0,2,4,0,0,4,612,50,562,20,0,20,162,10,121,5,26,
3173041006,DKI JAKARTA,JAKARTA BARAT,TAMBORA,JEMBATAN BESI,537,3,13,1,520,1,1,0,0,0,5,0,0,5,473,17,456,7,0,7,227,3,199,7,18,
3173041008,DKI JAKARTA,JAKARTA BARAT,TAMBORA,JEMBATAN LIMA,189,3,7,0,179,0,0,0,0,0,1,0,0,1,205,14,191,5,0,5,116,2,97,4,13,
3173081005,DKI JAKARTA,JAKARTA BARAT,KEMBANGAN,JOGLO,444,3,67,4,370,1,0,0,0,1,5,0,0,5,729,73,656,14,0,14,223,7,183,3,30,
3171081001,DKI JAKARTA,JAKARTA PUSAT,JOHAR BARU,JOHAR BARU,651,5,31,3,612,4,1,0,0,3,10,0,0,10,1782,99,1683,95,0,95,484,7,424,17,36,
3173041002,DKI JAKARTA,JAKARTA BARAT,TAMBORA,KALI ANYAR,368,5,19,0,344,1,0,0,0,1,3,0,0,3,348,13,335,14,0,14,178,4,157,5,12,
3172041004,DKI JAKARTA,JAKARTA UTARA,CILINCING,KALI BARU,478,11,47,5,415,0,0,0,0,0,4,0,0,4,645,32,613,43,0,43,333,4,283,8,38,
3174081002,DKI JAKARTA,JAKARTA SELATAN,PANCORAN,KALIBATA,557,11,59,4,483,7,0,0,0,7,11,0,0,11,795,62,733,12,0,12,295,8,239,5,43,
3173061001,DKI JAKARTA,JAKARTA BARAT,KALI DERES,KALIDERES,1037,12,77,4,944,1,0,0,0,1,6,0,1,5,2201,178,2023,30,0,30,392,13,306,6,67,
3175051004,DKI JAKARTA,JAKARTA TIMUR,PASAR REBO,KALISARI,1042,5,128,0,909,0,0,0,0,0,3,0,0,3,504,65,439,11,0,11,252,7,189,5,51,
3173061004,DKI JAKARTA,JAKARTA BARAT,KALI DERES,KAMAL,321,3,22,3,293,0,0,0,0,0,1,0,0,1,543,36,507,4,0,4,70,2,42,7,19,
3172011002,DKI JAKARTA,JAKARTA UTARA,PENJARINGAN,KAMAL MUARA,94,0,18,0,76,0,0,0,0,0,4,0,0,4,207,28,179,1,0,1,73,2,61,2,8,
3171071007,DKI JAKARTA,JAKARTA PUSAT,TANAH ABANG,KAMPUNG BALI,144,0,3,2,139,1,0,0,0,1,2,0,0,2,313,23,290,2,0,2,73,1,56,4,12,
3175031001,DKI JAKARTA,JAKARTA TIMUR,JATINEGARA,KAMPUNG MELAYU,207,2,21,5,179,2,0,0,0,2,5,0,0,5,305,53,252,4,0,4,200,5,175,4,16,
3171081002,DKI JAKARTA,JAKARTA PUSAT,JOHAR BARU,KAMPUNG RAWA,297,0,7,0,290,1,0,0,0,1,1,0,0,1,754,62,692,66,0,66,264,1,240,13,10,
3175041002,DKI JAKARTA,JAKARTA TIMUR,KRAMAT JATI,KAMPUNG TENGAH,535,5,54,1,475,2,1,0,0,1,9,0,0,9,1145,133,1012,50,0,50,283,8,230,11,34,
3173011005,DKI JAKARTA,JAKARTA BARAT,CENGKARENG,KAPUK,753,8,102,16,627,1,0,0,0,1,12,0,1,11,1486,178,1308,14,0,14,526,20,397,13,96,
3172011003,DKI JAKARTA,JAKARTA UTARA,PENJARINGAN,KAPUK MUARA,226,2,30,0,194,1,0,0,0,1,10,0,0,10,572,70,502,20,0,20,162,11,118,7,26,
3171021002,DKI JAKARTA,JAKARTA PUSAT,SAWAH BESAR,KARANG ANYAR,448,7,15,5,421,1,0,0,0,1,4,0,0,4,852,47,805,9,0,9,189,1,162,8,18,
3174021004,DKI JAKARTA,JAKARTA SELATAN,SETIA BUDI,KARET,131,0,8,0,123,0,0,0,0,0,11,0,0,11,382,21,361,4,0,4,129,2,102,0,25,
3174021003,DKI JAKARTA,JAKARTA SELATAN,SETIA BUDI,KARET KUNINGAN,273,5,68,1,199,0,0,0,0,0,21,0,0,21,393,57,336,4,0,4,176,19,126,2,29,
3174021002,DKI JAKARTA,JAKARTA SELATAN,SETIA BUDI,KARET SEMANGGI,57,0,5,1,51,0,0,0,0,0,3,0,0,3,84,8,76,2,0,2,24,0,22,2,0,
3171071003,DKI JAKARTA,JAKARTA PUSAT,TANAH ABANG,KARET TENGSIN,248,3,13,0,232,0,0,0,0,0,7,0,0,7,602,66,536,2,0,2,138,2,114,3,19,
3171021003,DKI JAKARTA,JAKARTA PUSAT,SAWAH BESAR,KARTINI,318,5,10,1,302,1,0,0,0,1,0,0,0,0,685,36,649,17,0,17,220,3,192,5,20,
3175011003,DKI JAKARTA,JAKARTA TIMUR,MATRAMAN,KAYU MANIS,350,8,13,0,329,3,0,0,0,3,2,0,0,2,673,48,625,29,0,29,212,8,161,4,39,
3175021006,DKI JAKARTA,JAKARTA TIMUR,PULO GADUNG,KAYU PUTIH,455,2,15,4,434,1,0,0,1,0,13,0,0,13,1071,83,988,45,0,45,306,25,243,9,29,
3173031006,DKI JAKARTA,JAKARTA BARAT,TAMAN SARI,KEAGUNGAN,290,2,16,0,272,0,0,0,0,0,3,0,0,3,482,12,470,10,0,10,176,6,147,1,22,
3174041007,DKI JAKARTA,JAKARTA SELATAN,PASAR MINGGU,KEBAGUSAN,572,15,47,1,509,3,0,0,0,3,2,0,0,2,689,58,631,39,0,39,184,4,152,1,27,
3174051006,DKI JAKARTA,JAKARTA SELATAN,KEBAYORAN LAMA,KEBAYORAN LAMA SELATAN,540,8,61,0,471,5,0,0,0,5,2,0,0,2,758,41,717,14,0,14,266,5,226,5,30,
3174051001,DKI JAKARTA,JAKARTA SELATAN,KEBAYORAN LAMA,KEBAYORAN LAMA UTARA,370,7,32,1,330,1,0,0,0,1,15,0,0,15,493,38,455,4,0,4,191,6,147,4,34,
3174011004,DKI JAKARTA,JAKARTA SELATAN,TEBET,KEBON BARU,382,1,43,2,336,0,0,0,0,0,15,0,0,15,688,82,606,18,0,18,208,13,161,3,31,
3172021005,DKI JAKARTA,JAKARTA UTARA,TANJUNG PRIOK,KEBON BAWANG,696,2,83,1,610,0,0,0,0,0,15,0,0,15,1188,113,1075,80,0,80,409,9,370,3,27,
3173051001,DKI JAKARTA,JAKARTA BARAT,KEBON JERUK,KEBON JERUK,731,8,96,6,621,2,0,0,0,2,13,0,0,13,1851,169,1682,59,0,59,601,12,520,16,53,
3171071006,DKI JAKARTA,JAKARTA PUSAT,TANAH ABANG,KEBON KACANG,431,1,13,1,416,1,0,0,0,1,0,0,0,0,545,42,503,6,0,6,294,4,257,11,22,
3171011005,DKI JAKARTA,JAKARTA PUSAT,GAMBIR,KEBON KELAPA,147,2,7,1,137,3,0,0,0,3,4,0,0,4,288,41,247,3,0,3,89,1,80,1,7,
3171031002,DKI JAKARTA,JAKARTA PUSAT,KEMAYORAN,KEBON KOSONG,357,1,26,5,325,0,0,0,0,0,8,0,0,8,487,80,407,31,0,31,241,6,207,7,21,
3175011005,DKI JAKARTA,JAKARTA TIMUR,MATRAMAN,KEBON MANGGIS,186,1,10,4,171,0,0,0,0,0,2,0,0,2,265,32,233,23,0,23,145,3,123,2,17,
3171071005,DKI JAKARTA,JAKARTA PUSAT,TANAH ABANG,KEBON MELATI,482,2,28,3,449,1,1,0,0,0,5,0,0,5,949,53,896,10,0,10,460,3,424,8,25,
3175081003,DKI JAKARTA,JAKARTA TIMUR,MAKASAR,KEBON PALA,325,2,23,1,299,1,0,0,0,1,5,0,0,5,932,78,854,16,0,16,300,16,249,5,30,
3171061005,DKI JAKARTA,JAKARTA PUSAT,MENTENG,KEBON SIRIH,157,0,8,2,147,0,0,0,0,0,4,0,0,4,301,25,276,14,0,14,130,3,120,2,5,
3173011004,DKI JAKARTA,JAKARTA BARAT,CENGKARENG,KEDAUNG KALI ANGKE,450,3,31,0,416,0,0,0,0,0,1,0,0,1,568,75,493,6,0,6,286,4,240,3,39,
3173051007,DKI JAKARTA,JAKARTA BARAT,KEBON JERUK,KEDOYA SELATAN,359,6,51,5,297,2,0,0,0,2,8,0,0,8,667,66,601,20,0,20,201,9,157,6,29,
3173051006,DKI JAKARTA,JAKARTA BARAT,KEBON JERUK,KEDOYA UTARA,364,6,32,2,324,1,0,0,0,1,15,0,0,15,872,92,780,21,0,21,271,8,220,6,37,
3173051004,DKI JAKARTA,JAKARTA BARAT,KEBON JERUK,KELAPA DUA,286,1,35,0,250,0,0,0,0,0,5,0,0,5,644,111,533,22,0,22,173,9,124,3,37,
3175091003,DKI JAKARTA,JAKARTA TIMUR,CIRACAS,KELAPA DUA WETAN,580,8,53,1,518,1,0,0,0,1,7,0,0,7,1086,62,1024,36,0,36,207,11,173,2,21,
3172061003,DKI JAKARTA,JAKARTA UTARA,KELAPA GADING,KELAPA GADING BARAT,853,8,55,3,787,2,0,0,0,2,48,0,1,47,1251,68,1183,127,0,127,371,6,324,5,36,
3172061001,DKI JAKARTA,JAKARTA UTARA,KELAPA GADING,KELAPA GADING TIMUR,687,4,23,2,658,2,1,0,0,1,22,0,1,21,1240,56,1184,91,0,91,276,6,230,9,31,
3173071005,DKI JAKARTA,JAKARTA BARAT,PALMERAH,KEMANGGISAN,595,1,59,6,529,0,0,0,0,0,8,0,0,8,889,55,834,50,0,50,305,6,250,11,38,
3171031001,DKI JAKARTA,JAKARTA PUSAT,KEMAYORAN,KEMAYORAN,382,6,33,3,340,0,0,0,0,0,2,0,0,2,563,43,520,22,0,22,322,2,274,10,36,
3173081006,DKI JAKARTA,JAKARTA BARAT,KEMBANGAN,KEMBANGAN SELATAN,261,5,26,1,229,0,0,0,0,0,8,0,0,8,588,58,530,52,0,52,189,15,154,4,16,
3173081001,DKI JAKARTA,JAKARTA BARAT,KEMBANGAN,KEMBANGAN UTARA,597,3,80,3,511,4,0,0,1,3,3,0,0,3,1506,94,1412,10,0,10,289,9,223,6,51,
3171041002,DKI JAKARTA,JAKARTA PUSAT,SENEN,KENARI,211,3,13,1,194,1,0,0,0,1,5,0,0,5,499,33,466,46,0,46,175,0,161,3,11,
3173041005,DKI JAKARTA,JAKARTA BARAT,TAMBORA,KERENDANG,261,1,10,2,248,1,0,0,0,1,0,0,0,0,212,16,196,8,0,8,128,2,114,8,4,
3175071003,DKI JAKARTA,JAKARTA TIMUR,DUREN SAWIT,KLENDER,623,7,22,2,592,4,1,0,0,3,5,0,1,4,991,96,895,30,0,30,389,14,313,16,46,
3172031001,DKI JAKARTA,JAKARTA UTARA,KOJA,KOJA,301,2,18,0,281,0,0,0,0,0,4,0,0,4,429,17,412,40,0,40,311,1,242,8,60,
3173071006,DKI JAKARTA,JAKARTA BARAT,PALMERAH,KOTA BAMBU SELATAN,485,2,41,5,437,0,0,0,0,0,1,0,0,1,846,53,793,71,0,71,251,8,217,5,21,
3173071003,DKI JAKARTA,JAKARTA BARAT,PALMERAH,KOTA BAMBU UTARA,394,1,21,11,361,1,1,0,0,0,3,0,0,3,566,23,543,54,0,54,223,5,198,7,13,
3171041004,DKI JAKARTA,JAKARTA PUSAT,SENEN,KRAMAT,399,8,19,6,366,0,0,0,0,0,8,0,0,8,903,57,846,34,0,34,287,10,228,11,38,
3175041001,DKI JAKARTA,JAKARTA TIMUR,KRAMAT JATI,KRAMAT JATI,408,9,51,1,347,1,1,0,0,0,12,0,0,12,872,92,780,22,0,22,341,18,268,10,45,
3174071003,DKI JAKARTA,JAKARTA SELATAN,KEBAYORAN BARU,KRAMAT PELA,249,3,27,0,219,0,0,0,0,0,0,0,0,0,498,9,489,6,0,6,138,2,118,0,18,
3173031002,DKI JAKARTA,JAKARTA BARAT,TAMAN SARI,KRUKUT,270,5,16,6,243,1,0,0,0,1,3,0,0,3,439,34,405,12,0,12,173,7,150,4,12,
3174031005,DKI JAKARTA,JAKARTA SELATAN,MAMPANG PRAPATAN,KUNINGAN BARAT,123,3,6,1,113,1,1,0,0,0,0,0,0,0,470,23,447,5,0,5,122,4,102,0,16,
3174021008,DKI JAKARTA,JAKARTA SELATAN,SETIA BUDI,KUNINGAN TIMUR,124,0,12,1,111,1,0,0,0,1,20,0,0,20,202,45,157,1,0,1,106,0,70,2,34,
3171041005,DKI JAKARTA,JAKARTA PUSAT,SENEN,KWITANG,226,3,4,0,219,2,0,0,0,2,7,0,0,7,457,43,414,10,0,10,121,4,99,5,13,
3172031003,DKI JAKARTA,JAKARTA UTARA,KOJA,LAGOA,607,4,56,1,546,0,0,0,0,0,5,0,0,5,672,33,639,70,0,70,639,13,536,13,77,
3174061002,DKI JAKARTA,JAKARTA SELATAN,CILANDAK,LEBAK BULUS,398,1,41,2,354,3,0,0,0,3,27,0,0,27,984,58,926,22,0,22,433,3,402,9,19,
3174091004,DKI JAKARTA,JAKARTA SELATAN,JAGAKARSA,LENTENG AGUNG,608,5,36,0,567,3,0,0,0,3,6,0,0,6,686,108,578,14,0,14,220,3,178,2,37,
LUAR DKI JAKARTA,LUAR DKI JAKARTA,LUAR DKI JAKARTA,LUAR DKI JAKARTA,LUAR DKI JAKARTA,36359,491,3741,98,32029,80,10,0,0,70,629,0,8,621,56678,7932,48746,1884,0,1884,7584,230,6698,125,531,
3175101007,DKI JAKARTA,JAKARTA TIMUR,CIPAYUNG,LUBANG BUAYA,784,9,90,3,682,2,0,0,0,2,10,0,0,10,776,91,685,29,0,29,377,23,277,2,75,
3175081001,DKI JAKARTA,JAKARTA TIMUR,MAKASAR,MAKASAR,325,5,36,1,283,0,0,0,0,0,8,0,0,8,1175,179,996,23,0,23,270,16,221,1,32,
3175071006,DKI JAKARTA,JAKARTA TIMUR,DUREN SAWIT,MALAKA JAYA,337,5,15,2,315,1,0,0,0,1,2,0,0,2,581,48,533,16,0,16,220,6,184,3,27,
3175071005,DKI JAKARTA,JAKARTA TIMUR,DUREN SAWIT,MALAKA SARI,306,2,19,1,284,0,0,0,0,0,1,0,0,1,528,69,459,15,0,15,188,5,160,3,20,
3174031001,DKI JAKARTA,JAKARTA SELATAN,MAMPANG PRAPATAN,MAMPANG PRAPATAN,306,10,22,2,272,1,0,0,0,1,0,0,0,0,989,44,945,10,0,10,289,3,260,8,18,
3173031005,DKI JAKARTA,JAKARTA BARAT,TAMAN SARI,MANGGA BESAR,141,2,14,1,124,1,0,0,0,1,0,0,0,0,168,15,153,6,0,6,64,2,48,3,11,
3171021005,DKI JAKARTA,JAKARTA PUSAT,SAWAH BESAR,MANGGA DUA SELATAN,391,3,21,1,366,3,0,0,0,3,1,0,0,1,814,75,739,12,0,12,230,4,190,5,31,
3174011007,DKI JAKARTA,JAKARTA SELATAN,TEBET,MANGGARAI,410,4,47,0,359,4,0,0,0,4,4,0,0,4,531,50,481,23,0,23,211,5,171,1,34,
3174011006,DKI JAKARTA,JAKARTA SELATAN,TEBET,MANGGARAI SELATAN,281,4,32,2,243,0,0,0,0,0,6,0,0,6,473,41,432,21,0,21,119,3,94,4,18,
3173031003,DKI JAKARTA,JAKARTA BARAT,TAMAN SARI,MAPHAR,219,3,17,1,198,0,0,0,0,0,6,0,0,6,379,36,343,39,0,39,198,4,178,1,15,
3172041003,DKI JAKARTA,JAKARTA UTARA,CILINCING,MARUNDA,272,5,19,0,248,3,0,0,0,3,0,0,0,0,352,12,340,13,0,13,110,0,92,1,17,
3174071001,DKI JAKARTA,JAKARTA SELATAN,KEBAYORAN BARU,MELAWAI,67,1,12,0,54,0,0,0,0,0,1,0,0,1,79,6,73,0,0,0,17,2,14,1,0,
3171061001,DKI JAKARTA,JAKARTA PUSAT,MENTENG,MENTENG,416,2,44,2,368,2,0,0,0,2,4,0,0,4,731,46,685,27,0,27,275,4,240,10,21,
3174021005,DKI JAKARTA,JAKARTA SELATAN,SETIA BUDI,MENTENG ATAS,349,4,22,3,320,2,0,0,0,2,48,0,1,47,1307,95,1212,37,0,37,264,4,214,7,39,
3174011003,DKI JAKARTA,JAKARTA SELATAN,TEBET,MENTENG DALAM,581,3,58,4,516,4,1,0,0,3,13,0,0,13,715,34,681,39,0,39,220,12,174,8,26,
3173081003,DKI JAKARTA,JAKARTA BARAT,KEMBANGAN,MERUYA SELATAN,359,4,37,1,317,1,1,0,0,0,5,0,0,5,760,59,701,17,0,17,207,2,163,3,39,
3173081002,DKI JAKARTA,JAKARTA BARAT,KEMBANGAN,MERUYA UTARA,556,10,77,6,463,1,0,0,1,0,7,0,0,7,959,93,866,10,0,10,257,10,193,2,52,
3175101004,DKI JAKARTA,JAKARTA TIMUR,CIPAYUNG,MUNJUL,263,2,22,0,239,0,0,0,0,0,3,0,0,3,344,45,299,24,0,24,98,6,85,1,6,
3172051002,DKI JAKARTA,JAKARTA UTARA,PADEMANGAN,PADEMANGAN BARAT,1785,5,87,5,1688,5,0,0,0,5,15,0,1,14,2423,73,2350,35,0,35,712,5,630,22,55,
3172051001,DKI JAKARTA,JAKARTA UTARA,PADEMANGAN,PADEMANGAN TIMUR,596,7,38,3,548,2,0,0,0,2,13,0,0,13,877,50,827,17,0,17,275,4,230,4,37,
3175011004,DKI JAKARTA,JAKARTA TIMUR,MATRAMAN,PAL MERIAM,253,5,14,2,232,2,0,0,0,2,3,0,0,3,628,32,596,58,0,58,211,10,164,6,31,
3173071001,DKI JAKARTA,JAKARTA BARAT,PALMERAH,PALMERAH,1197,7,153,2,1035,0,0,0,0,0,2,0,0,2,1846,178,1668,78,0,78,508,23,403,21,61,
3174081001,DKI JAKARTA,JAKARTA SELATAN,PANCORAN,PANCORAN,383,2,44,0,337,1,0,0,0,1,9,0,0,9,576,26,550,6,0,6,238,9,201,4,24,
3172021003,DKI JAKARTA,JAKARTA UTARA,TANJUNG PRIOK,PAPANGGO,447,3,59,0,385,1,0,0,0,1,7,0,0,7,846,81,765,57,0,57,282,4,242,2,34,
3171021001,DKI JAKARTA,JAKARTA PUSAT,SAWAH BESAR,PASAR BARU,231,2,11,2,216,2,0,0,0,2,8,0,0,8,463,25,438,11,0,11,166,5,146,1,14,
3174021006,DKI JAKARTA,JAKARTA SELATAN,SETIA BUDI,PASAR MANGGIS,233,3,12,3,215,4,1,0,0,3,28,0,0,28,942,68,874,17,0,17,220,5,178,8,29,
3174041001,DKI JAKARTA,JAKARTA SELATAN,PASAR MINGGU,PASAR MINGGU,406,5,30,1,370,3,1,0,0,2,7,0,0,7,589,45,544,20,0,20,226,8,192,6,20,
3171041003,DKI JAKARTA,JAKARTA PUSAT,SENEN,PASEBAN,533,5,35,1,492,3,0,0,0,3,18,0,0,18,965,94,871,61,0,61,298,4,250,9,35,
3173061005,DKI JAKARTA,JAKARTA BARAT,KALI DERES,PEGADUNGAN,695,4,44,7,640,0,0,0,0,0,10,0,0,10,1497,133,1364,18,0,18,265,9,214,6,36,
3171061002,DKI JAKARTA,JAKARTA PUSAT,MENTENG,PEGANGSAAN,368,3,21,2,342,1,0,0,0,1,2,0,0,2,861,26,835,51,0,51,354,5,339,4,6,
3172061002,DKI JAKARTA,JAKARTA UTARA,KELAPA GADING,PEGANGSAAN DUA,808,11,52,1,744,2,0,0,0,2,41,0,0,41,1665,116,1549,155,0,155,429,17,343,10,59,
3172011004,DKI JAKARTA,JAKARTA UTARA,PENJARINGAN,PEJAGALAN,575,1,79,2,493,3,0,0,0,3,8,0,0,8,974,127,847,31,0,31,300,4,226,5,65,
3174041006,DKI JAKARTA,JAKARTA SELATAN,PASAR MINGGU,PEJATEN BARAT,460,6,37,2,415,8,0,0,0,8,2,0,0,2,684,55,629,74,0,74,221,5,191,2,23,
3174041005,DKI JAKARTA,JAKARTA SELATAN,PASAR MINGGU,PEJATEN TIMUR,488,7,31,1,449,4,0,0,0,4,3,0,0,3,651,68,583,40,0,40,230,11,181,11,27,
3175051005,DKI JAKARTA,JAKARTA TIMUR,PASAR REBO,PEKAYON,856,3,82,1,770,2,0,0,0,2,3,0,0,3,360,50,310,13,0,13,207,3,166,3,35,
3173041009,DKI JAKARTA,JAKARTA BARAT,TAMBORA,PEKOJAN,295,5,23,2,265,0,0,0,0,0,3,0,0,3,260,20,240,18,0,18,128,3,101,4,20,
3174031003,DKI JAKARTA,JAKARTA SELATAN,MAMPANG PRAPATAN,PELA MAMPANG,378,7,26,2,343,4,0,0,0,4,15,0,0,15,1442,98,1344,6,0,6,313,12,249,5,47,
3174081005,DKI JAKARTA,JAKARTA SELATAN,PANCORAN,PENGADEGAN,205,2,19,2,182,0,0,0,0,0,8,0,0,8,398,35,363,10,0,10,108,6,89,1,12,
3175061003,DKI JAKARTA,JAKARTA TIMUR,CAKUNG,PENGGILINGAN,688,9,119,1,559,2,0,0,0,2,9,0,1,8,1750,313,1437,77,0,77,562,9,445,12,96,
3172011001,DKI JAKARTA,JAKARTA UTARA,PENJARINGAN,PENJARINGAN,1132,18,133,4,977,2,0,0,0,2,23,0,0,23,2928,130,2798,120,0,120,645,9,520,15,101,
3174101001,DKI JAKARTA,JAKARTA SELATAN,PESANGGRAHAN,PESANGGRAHAN,424,3,22,4,395,2,0,0,1,1,0,0,0,0,888,112,776,19,0,19,166,6,128,3,29,
3171071004,DKI JAKARTA,JAKARTA PUSAT,TANAH ABANG,PETAMBURAN,571,3,23,7,538,0,0,0,0,0,7,0,0,7,894,91,803,9,0,9,419,10,384,13,12,
3174071008,DKI JAKARTA,JAKARTA SELATAN,KEBAYORAN BARU,PETOGOGAN,202,2,68,0,132,0,0,0,0,0,3,0,0,3,267,34,233,1,0,1,72,2,58,0,12,
3171011004,DKI JAKARTA,JAKARTA PUSAT,GAMBIR,PETOJO SELATAN,230,0,12,1,217,0,0,0,0,0,28,0,0,28,755,57,698,15,0,15,268,5,238,8,17,
3171011003,DKI JAKARTA,JAKARTA PUSAT,GAMBIR,PETOJO UTARA,199,0,10,3,186,1,0,0,0,1,11,0,0,11,388,28,360,25,0,25,150,3,130,3,14,
3174101004,DKI JAKARTA,JAKARTA SELATAN,PESANGGRAHAN,PETUKANGAN SELATAN,421,2,21,2,396,0,0,0,0,0,2,0,0,2,895,115,780,8,0,8,191,7,135,4,45,
3174101003,DKI JAKARTA,JAKARTA SELATAN,PESANGGRAHAN,PETUKANGAN UTARA,533,3,35,4,491,2,0,0,0,2,6,0,0,6,1646,110,1536,9,0,9,306,6,248,2,50,
3175081002,DKI JAKARTA,JAKARTA TIMUR,MAKASAR,PINANG RANTI,250,9,26,1,214,0,0,0,0,0,1,0,0,1,687,90,597,28,0,28,157,9,117,5,26,
3173031008,DKI JAKARTA,JAKARTA BARAT,TAMAN SARI,PINANGSIA,138,0,13,1,124,0,0,0,0,0,2,0,0,2,238,22,216,3,0,3,104,12,83,0,9,
3175011001,DKI JAKARTA,JAKARTA TIMUR,MATRAMAN,PISANGAN BARU,353,9,13,3,328,1,0,0,0,1,4,0,0,4,465,33,432,34,0,34,187,4,154,7,22,
3175021002,DKI JAKARTA,JAKARTA TIMUR,PULO GADUNG,PISANGAN TIMUR,344,5,31,4,304,1,0,0,0,1,10,0,0,10,758,77,681,30,0,30,226,7,175,5,39,
3172011005,DKI JAKARTA,JAKARTA UTARA,PENJARINGAN,PLUIT,410,1,57,4,348,0,0,0,0,0,12,0,0,12,1275,101,1174,17,0,17,240,3,181,9,47,
3175071002,DKI JAKARTA,JAKARTA TIMUR,DUREN SAWIT,PONDOK BAMBU,962,6,45,1,910,5,0,0,0,5,3,0,0,3,1076,102,974,31,0,31,399,10,338,7,44,
3175071004,DKI JAKARTA,JAKARTA TIMUR,DUREN SAWIT,PONDOK KELAPA,683,5,38,0,640,0,0,0,0,0,11,0,0,11,1152,98,1054,22,0,22,378,13,309,11,45,
3175071007,DKI JAKARTA,JAKARTA TIMUR,DUREN SAWIT,PONDOK KOPI,441,1,47,1,392,0,0,0,0,0,2,0,0,2,485,43,442,13,0,13,253,11,197,12,33,
3174061003,DKI JAKARTA,JAKARTA SELATAN,CILANDAK,PONDOK LABU,505,20,71,1,413,6,0,0,0,6,73,0,0,73,1087,118,969,37,0,37,205,2,156,1,46,
3174051002,DKI JAKARTA,JAKARTA SELATAN,KEBAYORAN LAMA,PONDOK PINANG,564,2,44,4,514,0,0,0,0,0,44,0,0,44,844,61,783,11,0,11,291,5,238,9,39,
3175101003,DKI JAKARTA,JAKARTA TIMUR,CIPAYUNG,PONDOK RANGGON,285,3,25,3,254,0,0,0,0,0,3,0,0,3,420,59,361,21,0,21,168,8,138,1,21,
PROSES UPDATE DATA,PROSES UPDATE DATA,PROSES UPDATE DATA,PROSES UPDATE DATA,PROSES UPDATE DATA,13803,82,623,1696,11402,3252,0,0,3248,4,106,0,0,106,16798,3344,13454,68,1,67,23324,728,20002,451,2143,
3101011003,DKI JAKARTA,KAB.ADM.KEP.SERIBU,KEP. SERIBU UTARA,PULAU HARAPAN,65,0,4,0,61,0,0,0,0,0,0,0,0,0,77,13,64,0,0,0,6,0,4,0,2,
3101011002,DKI JAKARTA,KAB.ADM.KEP.SERIBU,KEP. SERIBU UTARA,PULAU KELAPA,79,0,18,1,60,0,0,0,0,0,3,0,0,3,181,26,155,1,0,1,8,0,7,0,1,
3101011001,DKI JAKARTA,KAB.ADM.KEP.SERIBU,KEP. SERIBU UTARA,PULAU PANGGANG,153,0,30,1,122,0,0,0,0,0,0,0,0,0,176,6,170,4,0,4,29,0,23,0,6,
3101021003,DKI JAKARTA,KAB.ADM.KEP.SERIBU,KEP. SERIBU SELATAN,PULAU PARI,12,0,4,0,8,0,0,0,0,0,0,0,0,0,175,0,175,1,0,1,5,0,5,0,0,
3101021002,DKI JAKARTA,KAB.ADM.KEP.SERIBU,KEP. SERIBU SELATAN,PULAU TIDUNG,38,0,2,0,36,1,0,0,1,0,0,0,0,0,376,4,372,1,0,1,37,0,36,0,1,
3101021001,DKI JAKARTA,KAB.ADM.KEP.SERIBU,KEP. SERIBU SELATAN,PULAU UNTUNG JAWA,25,0,0,0,25,0,0,0,0,0,0,0,0,0,109,1,108,0,0,0,5,0,5,0,0,
3174071007,DKI JAKARTA,JAKARTA SELATAN,KEBAYORAN BARU,PULO,290,2,26,1,261,1,0,0,0,1,1,0,0,1,215,11,204,0,0,0,55,0,48,0,7,
3175021001,DKI JAKARTA,JAKARTA TIMUR,PULO GADUNG,PULO GADUNG,389,3,22,2,362,0,0,0,0,0,11,0,0,11,880,87,793,33,0,33,266,9,215,6,36,
3175061005,DKI JAKARTA,JAKARTA TIMUR,CAKUNG,PULO GEBANG,572,8,74,2,488,1,0,0,0,1,9,0,0,9,1360,142,1218,62,0,62,388,4,303,9,72,
3174041004,DKI JAKARTA,JAKARTA SELATAN,PASAR MINGGU,RAGUNAN,720,10,155,2,553,1,0,0,0,1,2,0,0,2,704,58,646,25,0,25,205,9,159,5,32,
3175091005,DKI JAKARTA,JAKARTA TIMUR,CIRACAS,RAMBUTAN,435,3,29,1,402,2,0,0,0,2,12,0,0,12,708,35,673,29,0,29,178,13,138,2,25,
3172031006,DKI JAKARTA,JAKARTA UTARA,KOJA,RAWA BADAK SELATAN,478,3,30,2,443,2,0,0,0,2,2,0,0,2,555,24,531,49,0,49,309,3,283,4,19,
3172031004,DKI JAKARTA,JAKARTA UTARA,KOJA,RAWA BADAK UTARA,466,3,56,1,406,0,0,0,0,0,2,0,0,2,496,24,472,78,0,78,244,4,220,4,16,
3174071005,DKI JAKARTA,JAKARTA SELATAN,KEBAYORAN BARU,RAWA BARAT,98,0,10,2,86,0,0,0,0,0,2,0,0,2,160,12,148,0,0,0,32,1,19,1,11,
3173011003,DKI JAKARTA,JAKARTA BARAT,CENGKARENG,RAWA BUAYA,363,7,37,2,317,1,1,0,0,0,6,0,0,6,775,70,705,6,0,6,290,5,239,11,35,
3175031004,DKI JAKARTA,JAKARTA TIMUR,JATINEGARA,RAWA BUNGA,153,1,7,1,144,0,0,0,0,0,1,0,0,1,240,34,206,15,0,15,129,3,101,3,22,
3174081003,DKI JAKARTA,JAKARTA SELATAN,PANCORAN,RAWA JATI,284,0,17,0,267,2,0,0,0,2,11,0,0,11,476,33,443,7,0,7,96,4,79,0,13,
3175061002,DKI JAKARTA,JAKARTA TIMUR,CAKUNG,RAWA TERATE,135,0,14,0,121,0,0,0,0,0,2,0,0,2,365,51,314,6,0,6,169,2,117,1,49,
3175021005,DKI JAKARTA,JAKARTA TIMUR,PULO GADUNG,RAWAMANGUN,343,7,20,0,316,1,0,0,0,1,7,0,0,7,864,71,793,30,0,30,284,6,221,8,49,
3171051003,DKI JAKARTA,JAKARTA PUSAT,CEMPAKA PUTIH,RAWASARI,688,8,20,2,658,3,0,0,1,2,10,0,0,10,1277,74,1203,32,0,32,422,5,380,5,32,
3173041010,DKI JAKARTA,JAKARTA BARAT,TAMBORA,ROA MALAKA,36,0,3,0,33,1,0,0,0,1,0,0,0,0,45,3,42,1,0,1,14,0,14,0,0,
3172041006,DKI JAKARTA,JAKARTA UTARA,CILINCING,ROROTAN,383,3,41,2,337,0,0,0,0,0,4,0,0,4,624,48,576,73,0,73,165,1,135,2,27,
3174071004,DKI JAKARTA,JAKARTA SELATAN,KEBAYORAN BARU,SELONG,75,0,15,0,60,0,0,0,0,0,3,0,0,3,125,14,111,3,0,3,24,0,21,1,2,
3173061002,DKI JAKARTA,JAKARTA BARAT,KALI DERES,SEMANAN,516,4,62,3,447,1,1,0,0,0,3,0,0,3,1073,107,966,7,0,7,191,8,140,2,41,
3172041007,DKI JAKARTA,JAKARTA UTARA,CILINCING,SEMPER BARAT,750,16,88,1,645,3,0,0,0,3,12,0,0,12,1156,75,1081,101,0,101,450,5,400,7,38,
3172041005,DKI JAKARTA,JAKARTA UTARA,CILINCING,SEMPER TIMUR,423,8,25,1,389,1,0,0,0,1,4,0,0,4,678,27,651,47,0,47,234,3,196,4,31,
3174071006,DKI JAKARTA,JAKARTA SELATAN,KEBAYORAN BARU,SENAYAN,315,1,70,0,244,0,0,0,0,0,10,0,0,10,511,192,319,0,0,0,120,3,103,0,14,
3171041001,DKI JAKARTA,JAKARTA PUSAT,SENEN,SENEN,190,1,7,0,182,1,0,0,0,1,8,0,1,7,672,16,656,26,0,26,156,0,143,3,10,
3171031004,DKI JAKARTA,JAKARTA PUSAT,KEMAYORAN,SERDANG,429,2,24,2,401,0,0,0,0,0,5,0,0,5,718,79,639,30,0,30,267,5,227,6,29,
3174021001,DKI JAKARTA,JAKARTA SELATAN,SETIA BUDI,SETIA BUDI,94,0,10,0,84,0,0,0,0,0,4,0,0,4,345,35,310,6,0,6,39,1,28,0,10,
3175101005,DKI JAKARTA,JAKARTA TIMUR,CIPAYUNG,SETU,258,1,13,0,244,2,0,0,0,2,2,0,0,2,410,45,365,14,0,14,117,4,92,1,20,
3173071002,DKI JAKARTA,JAKARTA BARAT,PALMERAH,SLIPI,531,2,39,2,488,0,0,0,0,0,2,0,0,2,977,77,900,40,0,40,294,7,262,3,22,
3173081004,DKI JAKARTA,JAKARTA BARAT,KEMBANGAN,SRENGSENG,529,3,66,3,457,1,0,0,0,1,6,0,0,6,1220,112,1108,24,0,24,287,10,229,4,44,
3174091002,DKI JAKARTA,JAKARTA SELATAN,JAGAKARSA,SRENGSENG SAWAH,749,6,36,0,707,8,0,0,0,8,11,0,0,11,893,119,774,26,0,26,221,2,186,7,26,
3173051003,DKI JAKARTA,JAKARTA BARAT,KEBON JERUK,SUKABUMI SELATAN,291,6,29,4,252,1,0,0,0,1,1,0,0,1,673,58,615,24,0,24,193,5,152,5,31,
3173051002,DKI JAKARTA,JAKARTA BARAT,KEBON JERUK,SUKABUMI UTARA,325,2,46,3,274,0,0,0,0,0,19,0,0,19,737,93,644,45,0,45,216,4,172,7,33,
3172041002,DKI JAKARTA,JAKARTA UTARA,CILINCING,SUKAPURA,596,7,52,2,535,0,0,0,0,0,6,0,0,6,891,43,848,93,0,93,323,12,292,6,13,
3171031007,DKI JAKARTA,JAKARTA PUSAT,KEMAYORAN,SUMUR BATU,406,3,29,1,373,1,0,0,0,1,5,0,0,5,552,51,501,29,0,29,222,3,186,3,30,
3172021004,DKI JAKARTA,JAKARTA UTARA,TANJUNG PRIOK,SUNGAI BAMBU,362,3,59,0,300,0,0,0,0,0,7,0,1,6,648,81,567,34,0,34,203,2,137,5,59,
3172021006,DKI JAKARTA,JAKARTA UTARA,TANJUNG PRIOK,SUNTER AGUNG,934,7,73,1,853,3,0,0,0,3,22,0,0,22,1937,162,1775,76,0,76,571,22,475,16,58,
3172021002,DKI JAKARTA,JAKARTA UTARA,TANJUNG PRIOK,SUNTER JAYA,848,8,79,6,755,1,1,0,0,0,10,0,1,9,1656,203,1453,166,0,166,551,15,454,19,63,
3175091004,DKI JAKARTA,JAKARTA TIMUR,CIRACAS,SUSUKAN,506,3,79,1,423,0,0,0,0,0,17,0,0,17,1245,41,1204,69,0,69,178,7,128,6,37,
3173031001,DKI JAKARTA,JAKARTA BARAT,TAMAN SARI,TAMAN SARI,269,2,9,0,258,2,0,0,0,2,1,0,0,1,398,36,362,16,0,16,176,11,150,4,11,
3173041001,DKI JAKARTA,JAKARTA BARAT,TAMBORA,TAMBORA,195,3,11,3,178,0,0,0,0,0,1,0,0,1,295,22,273,3,0,3,89,4,68,3,14,
3173041004,DKI JAKARTA,JAKARTA BARAT,TAMBORA,TANAH SEREAL,284,3,7,2,272,1,0,0,0,1,4,0,0,4,266,20,246,5,0,5,161,6,139,7,9,
3171081004,DKI JAKARTA,JAKARTA PUSAT,JOHAR BARU,TANAH TINGGI,460,6,25,3,426,3,0,0,0,3,3,0,0,3,1027,63,964,35,0,35,381,8,340,16,17,
3173031004,DKI JAKARTA,JAKARTA BARAT,TAMAN SARI,TANGKI,236,3,8,1,224,1,0,0,0,1,3,0,0,3,295,27,268,2,0,2,114,7,92,1,14,
3174091005,DKI JAKARTA,JAKARTA SELATAN,JAGAKARSA,TANJUNG BARAT,589,10,55,1,523,1,0,0,0,1,2,0,0,2,567,70,497,11,0,11,238,8,198,5,27,
3173021005,DKI JAKARTA,JAKARTA BARAT,GROGOL PETAMBURAN,TANJUNG DUREN SELATAN,405,6,35,1,363,0,0,0,0,0,19,0,0,19,662,80,582,19,0,19,272,6,231,8,27,
3173021002,DKI JAKARTA,JAKARTA BARAT,GROGOL PETAMBURAN,TANJUNG DUREN UTARA,266,0,14,0,252,2,1,0,0,1,20,0,0,20,544,80,464,18,0,18,156,15,111,8,22,
3172021001,DKI JAKARTA,JAKARTA UTARA,TANJUNG PRIOK,TANJUNG PRIOK,507,4,53,6,444,0,0,0,0,0,11,0,0,11,758,74,684,66,0,66,354,5,310,9,30,
3174011002,DKI JAKARTA,JAKARTA SELATAN,TEBET,TEBET BARAT,458,12,34,0,412,2,1,0,0,1,8,0,0,8,625,37,588,23,0,23,293,2,263,7,21,
3174011001,DKI JAKARTA,JAKARTA SELATAN,TEBET,TEBET TIMUR,376,1,30,2,343,0,0,0,0,0,6,0,0,6,525,21,504,33,0,33,182,6,162,4,10,
3173061003,DKI JAKARTA,JAKARTA BARAT,KALI DERES,TEGAL ALUR,666,6,50,6,604,0,0,0,0,0,7,0,0,7,1216,108,1108,11,0,11,205,6,160,3,36,
3174031004,DKI JAKARTA,JAKARTA SELATAN,MAMPANG PRAPATAN,TEGAL PARANG,321,3,17,3,298,5,0,0,1,4,4,0,0,4,966,84,882,12,0,12,279,3,239,5,32,
3173021003,DKI JAKARTA,JAKARTA BARAT,GROGOL PETAMBURAN,TOMANG,447,9,61,2,375,0,0,0,0,0,15,0,1,14,720,84,636,76,0,76,282,7,230,8,37,
3172031005,DKI JAKARTA,JAKARTA UTARA,KOJA,TUGU SELATAN,416,8,30,1,377,0,0,0,0,0,2,0,0,2,453,31,422,70,0,70,263,4,194,7,58,
3172031002,DKI JAKARTA,JAKARTA UTARA,KOJA,TUGU UTARA,860,13,57,0,790,3,0,0,0,3,7,0,0,7,833,48,785,86,0,86,419,10,329,12,68,
3175061006,DKI JAKARTA,JAKARTA TIMUR,CAKUNG,UJUNG MENTENG,159,2,16,2,139,1,0,0,0,1,0,0,0,0,447,39,408,18,0,18,125,2,104,3,16,
3174101005,DKI JAKARTA,JAKARTA SELATAN,PESANGGRAHAN,ULUJAMI,541,5,29,2,505,0,0,0,0,0,0,0,0,0,1176,104,1072,26,0,26,231,7,187,5,32,
3175011006,DKI JAKARTA,JAKARTA TIMUR,MATRAMAN,UTAN KAYU SELATAN,482,8,17,8,449,2,0,0,0,2,6,0,0,6,800,35,765,89,0,89,263,4,219,8,32,
3175011002,DKI JAKARTA,JAKARTA TIMUR,MATRAMAN,UTAN KAYU UTARA,395,5,21,0,369,2,0,0,0,2,4,0,0,4,639,27,612,45,0,45,211,4,165,11,31,
3171031008,DKI JAKARTA,JAKARTA PUSAT,KEMAYORAN,UTAN PANJANG,382,9,32,2,339,0,0,0,0,0,4,0,1,3,559,99,460,27,0,27,274,7,232,8,27,
3172021007,DKI JAKARTA,JAKARTA UTARA,TANJUNG PRIOK,WARAKAS,506,3,82,2,419,0,0,0,0,0,10,0,0,10,948,91,857,52,0,52,280,4,226,7,43,
3173021007,DKI JAKARTA,JAKARTA BARAT,GROGOL PETAMBURAN,WIJAYA KUSUMA,381,2,40,2,337,1,0,0,0,1,7,0,0,7,808,76,732,23,0,23,265,13,197,7,48,
