id_kel,nama_provinsi,nama_kota,nama_kecamatan,nama_kelurahan,suspek,perawatan_rs,isolasi_di_rumah,suspek_meninggal,selesai_isolasi,probable,perawatan_rs,isolasi_di_rumah,probable_meninggal,selesai_isolasi,pelaku_perjalanan,perawatan_rs,isolasi_di_rumah,selesai_isolasi,kontak_erat,isolasi_di_rumah,selesai_isolasi,discarded,meninggal,selesai_isolasi,positif,dirawat,sembuh,meninggal,self_isolation,keterangan
3172051003,DKI JAKARTA,JAKARTA UTARA,PADEMANGAN,ANCOL,472,3,22,0,447,4,0,0,0,4,10,0,0,10,627,15,612,9,0,9,323,1,271,4,47,
3173041007,DKI JAKARTA,JAKARTA BARAT,TAMBORA,ANGKE,403,3,14,2,384,1,0,0,1,0,0,0,0,0,484,12,472,25,0,25,175,2,162,4,7,
3175041005,DKI JAKARTA,JAKARTA TIMUR,KRAMAT JATI,BALE KAMBANG,277,2,13,1,261,3,2,0,0,1,5,0,0,5,526,22,504,23,0,23,160,5,144,3,8,
3175031003,DKI JAKARTA,JAKARTA TIMUR,JATINEGARA,BALI MESTER,98,0,3,1,94,1,0,0,0,1,0,0,0,0,152,29,123,6,0,6,70,1,39,1,29,
3175101006,DKI JAKARTA,JAKARTA TIMUR,CIPAYUNG,BAMBU APUS,386,3,21,1,361,0,0,0,0,0,4,0,0,4,622,28,594,17,0,17,163,7,144,3,9,
3174031002,DKI JAKARTA,JAKARTA SELATAN,MAMPANG PRAPATAN,BANGKA,289,3,16,2,268,5,0,0,1,4,18,0,0,18,685,24,661,8,0,8,177,2,156,2,17,
3175051002,DKI JAKARTA,JAKARTA TIMUR,PASAR REBO,BARU,400,6,24,1,369,0,0,0,0,0,5,0,0,5,398,6,392,17,0,17,187,4,171,0,12,
3175041004,DKI JAKARTA,JAKARTA TIMUR,KRAMAT JATI,BATU AMPAR,515,4,37,1,473,3,0,0,0,3,3,0,0,3,1040,86,954,26,0,26,265,9,217,5,34,
3171071002,DKI JAKARTA,JAKARTA PUSAT,TANAH ABANG,BENDUNGAN HILIR,445,7,25,0,413,2,1,0,0,1,4,0,0,4,810,72,738,10,0,10,247,9,209,9,20,
3175031002,DKI JAKARTA,JAKARTA TIMUR,JATINEGARA,BIDARA CINA,381,8,16,3,354,1,0,0,0,1,8,0,0,8,584,70,514,33,0,33,281,6,234,10,31,
3174101002,DKI JAKARTA,JAKARTA SELATAN,PESANGGRAHAN,BINTARO,727,3,37,2,685,4,0,0,0,4,9,0,0,9,1492,63,1429,24,0,24,321,4,279,8,30,
3174011005,DKI JAKARTA,JAKARTA SELATAN,TEBET,BUKIT DURI,389,3,9,3,374,2,0,0,0,2,13,0,0,13,581,25,556,13,0,13,231,6,197,7,21,
3171041006,DKI JAKARTA,JAKARTA PUSAT,SENEN,BUNGUR,242,11,16,2,213,1,0,0,0,1,13,0,0,13,596,73,523,14,0,14,184,1,165,4,14,
3175061007,DKI JAKARTA,JAKARTA TIMUR,CAKUNG,CAKUNG BARAT,353,6,40,1,306,2,1,0,0,1,0,0,0,0,717,52,665,41,0,41,274,4,237,5,28,
3175061004,DKI JAKARTA,JAKARTA TIMUR,CAKUNG,CAKUNG TIMUR,411,2,33,2,374,2,0,0,1,1,6,0,0,6,840,61,779,41,0,41,287,9,250,6,22,
3175041007,DKI JAKARTA,JAKARTA TIMUR,KRAMAT JATI,CAWANG,333,4,21,0,308,1,0,0,0,1,6,0,0,6,973,193,780,16,0,16,316,8,257,6,45,
3175101008,DKI JAKARTA,JAKARTA TIMUR,CIPAYUNG,CEGER,237,2,6,0,229,0,0,0,0,0,1,0,0,1,416,27,389,9,0,9,118,1,102,3,12,
3171031006,DKI JAKARTA,JAKARTA PUSAT,KEMAYORAN,CEMPAKA BARU,658,5,31,2,620,1,0,0,0,1,7,0,0,7,1041,59,982,34,0,34,427,0,384,17,26,
3171051002,DKI JAKARTA,JAKARTA PUSAT,CEMPAKA PUTIH,CEMPAKA PUTIH BARAT,913,6,35,2,870,4,2,0,0,2,20,0,1,19,2011,100,1911,49,0,49,666,7,629,15,15,
3171051001,DKI JAKARTA,JAKARTA PUSAT,CEMPAKA PUTIH,CEMPAKA PUTIH TIMUR,647,6,46,1,594,1,0,0,0,1,12,0,0,12,1443,63,1380,57,0,57,357,5,334,6,12,
3173011001,DKI JAKARTA,JAKARTA BARAT,CENGKARENG,CENGKARENG BARAT,717,9,37,1,670,0,0,0,0,0,6,0,0,6,1324,67,1257,13,0,13,454,31,365,8,50,
3173011006,DKI JAKARTA,JAKARTA BARAT,CENGKARENG,CENGKARENG TIMUR,891,6,35,7,843,1,0,0,0,1,4,0,0,4,1802,138,1664,18,0,18,654,25,545,13,71,
3175091002,DKI JAKARTA,JAKARTA TIMUR,CIRACAS,CIBUBUR,887,6,27,4,850,1,0,0,0,1,30,0,0,30,1884,46,1838,90,0,90,332,11,293,7,21,
3171011002,DKI JAKARTA,JAKARTA PUSAT,GAMBIR,CIDENG,297,2,7,2,286,0,0,0,0,0,10,0,0,10,618,11,607,13,0,13,193,2,174,7,10,
3174091003,DKI JAKARTA,JAKARTA SELATAN,JAGAKARSA,CIGANJUR,692,3,41,1,647,2,0,0,0,2,12,0,0,12,761,90,671,14,0,14,192,1,163,4,24,
3175051003,DKI JAKARTA,JAKARTA TIMUR,PASAR REBO,CIJANTUNG,800,1,34,3,762,0,0,0,0,0,3,0,0,3,557,18,539,10,0,10,308,10,251,9,38,
3171061003,DKI JAKARTA,JAKARTA PUSAT,MENTENG,CIKINI,154,0,3,0,151,0,0,0,0,0,2,0,0,2,213,5,208,11,0,11,67,0,58,3,6,
3174081006,DKI JAKARTA,JAKARTA SELATAN,PANCORAN,CIKOKO,189,0,4,0,185,1,0,0,0,1,10,0,0,10,281,8,273,1,0,1,66,1,60,3,2,
3174061001,DKI JAKARTA,JAKARTA SELATAN,CILANDAK,CILANDAK BARAT,1138,20,102,5,1011,1,0,0,0,1,97,0,0,97,1581,106,1476,41,0,40,385,12,301,7,65,
3174041003,DKI JAKARTA,JAKARTA SELATAN,PASAR MINGGU,CILANDAK TIMUR,493,3,27,1,462,5,0,0,0,5,17,0,0,17,484,44,440,86,0,86,257,2,236,8,11,
3175101002,DKI JAKARTA,JAKARTA TIMUR,CIPAYUNG,CILANGKAP,352,3,11,1,337,1,0,0,0,1,3,0,0,3,619,14,605,20,0,20,176,6,160,1,9,
3175041006,DKI JAKARTA,JAKARTA TIMUR,KRAMAT JATI,CILILITAN,328,1,30,1,296,0,0,0,0,0,6,0,0,6,878,109,769,47,0,47,300,8,246,8,38,
3172041001,DKI JAKARTA,JAKARTA UTARA,CILINCING,CILINCING,599,4,30,1,564,0,0,0,0,0,6,0,0,6,1148,16,1132,95,0,95,411,5,368,11,27,
3175101001,DKI JAKARTA,JAKARTA TIMUR,CIPAYUNG,CIPAYUNG,514,2,25,2,485,3,0,0,1,2,7,0,0,7,676,28,648,27,0,27,221,5,190,3,23,
3174091006,DKI JAKARTA,JAKARTA SELATAN,JAGAKARSA,CIPEDAK,573,5,22,0,546,2,0,0,0,2,1,0,0,1,810,46,764,8,0,8,259,3,237,3,16,
3174061005,DKI JAKARTA,JAKARTA SELATAN,CILANDAK,CIPETE SELATAN,307,3,23,1,280,2,0,0,0,2,46,0,0,46,530,47,483,6,0,6,142,4,107,7,24,
3174071010,DKI JAKARTA,JAKARTA SELATAN,KEBAYORAN BARU,CIPETE UTARA,659,5,75,3,576,0,0,0,0,0,9,0,0,9,567,38,529,5,0,5,176,4,144,4,24,
3175021003,DKI JAKARTA,JAKARTA TIMUR,PULO GADUNG,CIPINANG,328,4,12,2,310,1,0,0,0,1,3,0,0,3,928,34,895,38,0,37,347,13,304,12,18,
3175031007,DKI JAKARTA,JAKARTA TIMUR,JATINEGARA,CIPINANG BESAR SELATAN,278,6,16,2,254,2,0,0,0,2,2,0,0,2,576,60,516,17,0,17,234,6,181,2,45,
3175031008,DKI JAKARTA,JAKARTA TIMUR,JATINEGARA,CIPINANG BESAR UTARA,443,4,34,0,405,2,0,0,0,2,3,0,0,3,896,187,709,19,0,19,358,3,286,6,63,
3175031005,DKI JAKARTA,JAKARTA TIMUR,JATINEGARA,CIPINANG CEMPEDAK,266,4,13,2,247,0,0,0,0,0,5,0,0,5,538,66,473,18,0,17,205,5,168,5,27,
3175081005,DKI JAKARTA,JAKARTA TIMUR,MAKASAR,CIPINANG MELAYU,383,0,24,2,357,3,0,0,0,3,4,0,0,4,759,24,735,20,0,20,284,2,255,7,20,
3175031006,DKI JAKARTA,JAKARTA TIMUR,JATINEGARA,CIPINANG MUARA,449,2,23,1,423,5,0,0,0,5,9,0,0,9,974,81,894,30,0,29,405,6,308,6,85,
3174051003,DKI JAKARTA,JAKARTA SELATAN,KEBAYORAN LAMA,CIPULIR,341,5,23,4,309,6,0,0,0,6,6,0,0,6,542,11,531,8,0,8,251,8,196,4,43,
3175091001,DKI JAKARTA,JAKARTA TIMUR,CIRACAS,CIRACAS,948,22,38,9,879,3,0,0,0,3,23,0,0,23,1629,36,1593,45,0,45,476,13,409,14,40,
3175041003,DKI JAKARTA,JAKARTA TIMUR,KRAMAT JATI,DUKUH,308,13,37,1,257,0,0,0,0,0,1,0,0,1,711,60,651,14,0,14,187,8,150,4,25,
3175071001,DKI JAKARTA,JAKARTA TIMUR,DUREN SAWIT,DUREN SAWIT,889,4,23,3,859,17,2,0,0,15,4,0,0,4,1155,52,1103,32,0,32,586,9,506,14,57,
3174081004,DKI JAKARTA,JAKARTA SELATAN,PANCORAN,DUREN TIGA,438,1,13,0,424,2,0,0,0,2,6,0,0,6,632,12,620,3,0,3,201,6,173,1,21,
3173051005,DKI JAKARTA,JAKARTA BARAT,KEBON JERUK,DURI KEPA,559,6,45,2,506,3,0,0,0,3,12,0,0,12,1321,35,1287,74,0,73,422,15,363,12,32,
3173011002,DKI JAKARTA,JAKARTA BARAT,CENGKARENG,DURI KOSAMBI,608,9,36,3,560,0,0,0,0,0,4,0,0,4,1100,84,1016,11,0,11,455,24,367,8,56,
3171011006,DKI JAKARTA,JAKARTA PUSAT,GAMBIR,DURI PULO,203,5,10,3,185,0,0,0,0,0,1,0,0,1,509,34,475,7,0,7,185,3,162,8,12,
3173041011,DKI JAKARTA,JAKARTA BARAT,TAMBORA,DURI SELATAN,177,4,3,1,169,0,0,0,0,0,2,0,0,2,170,3,167,4,0,4,80,1,69,3,7,
3173041003,DKI JAKARTA,JAKARTA BARAT,TAMBORA,DURI UTARA,217,1,5,2,209,1,0,0,0,1,2,0,0,2,236,2,234,4,0,4,142,3,128,4,7,
3171081003,DKI JAKARTA,JAKARTA PUSAT,JOHAR BARU,GALUR,223,3,5,0,215,3,0,0,0,3,3,0,0,3,537,12,525,46,0,46,218,4,202,10,2,
3171011001,DKI JAKARTA,JAKARTA PUSAT,GAMBIR,GAMBIR,94,2,4,0,88,1,0,0,0,1,17,0,0,17,420,10,410,6,0,6,184,0,174,1,9,
3174061004,DKI JAKARTA,JAKARTA SELATAN,CILANDAK,GANDARIA SELATAN,228,1,14,0,213,2,0,0,0,2,20,0,0,20,700,42,658,4,0,4,164,4,136,5,19,
3174071009,DKI JAKARTA,JAKARTA SELATAN,KEBAYORAN BARU,GANDARIA UTARA,656,2,52,2,600,0,0,0,0,0,3,0,0,3,686,45,641,5,0,5,222,2,193,4,23,
3175051001,DKI JAKARTA,JAKARTA TIMUR,PASAR REBO,GEDONG,769,3,38,0,728,0,0,0,0,0,4,0,0,4,438,17,421,24,0,24,254,4,222,4,24,
3171071001,DKI JAKARTA,JAKARTA PUSAT,TANAH ABANG,GELORA,74,0,0,1,73,0,0,0,0,0,5,0,0,5,227,1,226,0,0,0,111,1,106,2,2,
3173031007,DKI JAKARTA,JAKARTA BARAT,TAMAN SARI,GLODOK,115,1,3,0,111,0,0,0,0,0,1,0,0,1,171,3,168,1,0,1,43,2,36,2,3,
3171061004,DKI JAKARTA,JAKARTA PUSAT,MENTENG,GONDANGDIA,70,1,4,1,64,0,0,0,0,0,13,0,0,13,146,7,139,7,0,7,63,2,54,3,4,
3173021001,DKI JAKARTA,JAKARTA BARAT,GROGOL PETAMBURAN,GROGOL,514,4,34,4,472,1,0,0,0,1,45,0,0,45,1008,78,930,36,0,36,258,3,240,1,14,
3174051005,DKI JAKARTA,JAKARTA SELATAN,KEBAYORAN LAMA,GROGOL SELATAN,403,6,30,5,362,0,0,0,0,0,12,0,0,12,628,18,611,12,0,11,261,4,228,7,22,
3174051004,DKI JAKARTA,JAKARTA SELATAN,KEBAYORAN LAMA,GROGOL UTARA,433,5,28,4,396,0,0,0,0,0,24,0,0,24,632,12,620,16,0,16,328,8,270,9,41,
3174021007,DKI JAKARTA,JAKARTA SELATAN,SETIA BUDI,GUNTUR,65,2,5,0,58,0,0,0,0,0,1,0,0,1,206,13,193,1,0,1,55,1,43,1,10,
3174071002,DKI JAKARTA,JAKARTA SELATAN,KEBAYORAN BARU,GUNUNG,290,1,23,3,263,0,0,0,0,0,7,0,0,7,366,12,354,0,0,0,126,6,110,3,7,
3171031005,DKI JAKARTA,JAKARTA PUSAT,KEMAYORAN,GUNUNG SAHARI SELATAN,320,3,18,1,298,0,0,0,0,0,5,0,0,5,546,22,524,1,0,1,200,6,179,6,9,
3171021004,DKI JAKARTA,JAKARTA PUSAT,SAWAH BESAR,GUNUNG SAHARI UTARA,284,0,11,1,272,1,0,0,0,1,7,0,0,7,572,14,558,11,0,11,181,4,162,10,5,
3175081004,DKI JAKARTA,JAKARTA TIMUR,MAKASAR,HALIM PERDANA KUSUMAH,263,3,17,2,241,0,0,0,0,0,6,0,0,6,571,14,557,9,0,9,444,13,410,6,15,
3171031003,DKI JAKARTA,JAKARTA PUSAT,KEMAYORAN,HARAPAN MULIA,371,3,25,3,340,1,0,0,0,1,6,0,0,6,585,27,559,32,0,31,267,4,236,9,18,
3174091001,DKI JAKARTA,JAKARTA SELATAN,JAGAKARSA,JAGAKARSA,1059,6,36,2,1015,8,0,0,0,8,8,0,0,8,1179,64,1115,18,0,18,418,5,382,6,25,
3175021007,DKI JAKARTA,JAKARTA TIMUR,PULO GADUNG,JATI,376,1,16,1,358,0,0,0,0,0,8,0,0,8,957,39,918,37,0,37,273,5,254,5,9,
3174041002,DKI JAKARTA,JAKARTA SELATAN,PASAR MINGGU,JATI PADANG,529,5,28,2,494,0,0,0,0,0,4,0,1,3,682,37,645,68,0,68,218,8,187,5,18,
3173071004,DKI JAKARTA,JAKARTA BARAT,PALMERAH,JATI PULO,545,1,37,4,503,2,1,0,0,1,4,0,0,4,790,36,754,63,0,63,309,6,282,9,12,
3175061001,DKI JAKARTA,JAKARTA TIMUR,CAKUNG,JATINEGARA,733,2,113,3,615,1,0,0,0,1,4,0,1,3,1559,106,1453,43,0,43,581,9,518,8,46,
3175021004,DKI JAKARTA,JAKARTA TIMUR,PULO GADUNG,JATINEGARA KAUM,133,0,5,0,128,1,0,0,1,0,3,0,0,3,405,49,356,11,0,11,118,2,97,6,13,
3173021004,DKI JAKARTA,JAKARTA BARAT,GROGOL PETAMBURAN,JELAMBAR,470,5,24,5,436,2,0,0,0,2,27,0,1,26,833,47,786,13,0,13,268,14,199,7,48,
3173021006,DKI JAKARTA,JAKARTA BARAT,GROGOL PETAMBURAN,JELAMBAR BARU,400,4,28,2,366,2,0,0,0,2,4,0,0,4,665,38,627,20,0,20,211,5,163,5,38,
3173041006,DKI JAKARTA,JAKARTA BARAT,TAMBORA,JEMBATAN BESI,562,7,5,1,549,1,0,0,0,1,5,0,0,5,502,14,488,8,0,8,245,0,222,7,16,
3173041008,DKI JAKARTA,JAKARTA BARAT,TAMBORA,JEMBATAN LIMA,211,4,11,0,196,0,0,0,0,0,1,0,0,1,218,7,211,5,0,5,137,2,115,4,16,
3173081005,DKI JAKARTA,JAKARTA BARAT,KEMBANGAN,JOGLO,507,6,38,4,459,1,0,0,0,1,5,0,0,5,781,38,743,14,0,14,253,9,223,4,17,
3171081001,DKI JAKARTA,JAKARTA PUSAT,JOHAR BARU,JOHAR BARU,692,2,27,3,660,6,2,0,0,4,11,0,0,11,1892,52,1842,99,0,97,505,3,471,18,13,
3173041002,DKI JAKARTA,JAKARTA BARAT,TAMBORA,KALI ANYAR,389,3,9,0,377,1,0,0,0,1,4,0,1,3,358,5,353,14,0,14,198,5,177,6,10,
3172041004,DKI JAKARTA,JAKARTA UTARA,CILINCING,KALI BARU,538,9,36,5,488,0,0,0,0,0,5,0,0,5,677,25,652,44,0,44,349,0,328,8,13,
3174081002,DKI JAKARTA,JAKARTA SELATAN,PANCORAN,KALIBATA,625,3,30,4,588,7,0,0,0,7,12,0,0,12,881,41,840,12,0,12,330,6,291,7,26,
3173061001,DKI JAKARTA,JAKARTA BARAT,KALI DERES,KALIDERES,1223,9,72,4,1138,1,0,0,0,1,6,0,0,6,2331,98,2233,30,0,30,499,14,391,7,87,
3175051004,DKI JAKARTA,JAKARTA TIMUR,PASAR REBO,KALISARI,1074,9,12,0,1053,0,0,0,0,0,3,0,0,3,542,14,528,12,0,12,283,11,251,6,15,
3173061004,DKI JAKARTA,JAKARTA BARAT,KALI DERES,KAMAL,345,2,18,3,322,0,0,0,0,0,1,0,0,1,574,24,550,5,0,5,85,2,64,8,11,
3172011002,DKI JAKARTA,JAKARTA UTARA,PENJARINGAN,KAMAL MUARA,100,1,8,0,91,0,0,0,0,0,4,0,0,4,214,5,209,1,0,1,92,3,71,2,16,
3171071007,DKI JAKARTA,JAKARTA PUSAT,TANAH ABANG,KAMPUNG BALI,151,1,3,2,145,1,0,0,0,1,2,0,0,2,329,8,321,2,0,2,86,9,71,4,2,
3175031001,DKI JAKARTA,JAKARTA TIMUR,JATINEGARA,KAMPUNG MELAYU,241,4,20,5,212,2,0,0,0,2,7,0,0,7,350,35,315,5,0,5,256,10,195,4,47,
3171081002,DKI JAKARTA,JAKARTA PUSAT,JOHAR BARU,KAMPUNG RAWA,318,6,7,0,305,2,0,0,0,2,2,0,1,1,794,25,769,66,0,66,273,2,250,13,8,
3175041002,DKI JAKARTA,JAKARTA TIMUR,KRAMAT JATI,KAMPUNG TENGAH,597,7,41,1,548,3,1,0,0,2,9,0,0,9,1231,72,1159,52,0,52,325,18,273,12,22,
3173011005,DKI JAKARTA,JAKARTA BARAT,CENGKARENG,KAPUK,829,12,40,16,761,2,0,0,0,2,12,0,1,11,1613,109,1504,14,0,14,646,23,523,18,82,
3172011003,DKI JAKARTA,JAKARTA UTARA,PENJARINGAN,KAPUK MUARA,260,4,23,0,233,1,0,0,0,1,10,0,0,10,620,22,598,23,0,23,179,4,159,7,9,
3171021002,DKI JAKARTA,JAKARTA PUSAT,SAWAH BESAR,KARANG ANYAR,484,3,25,5,451,1,0,0,0,1,4,0,0,4,921,53,869,11,0,10,227,6,183,7,31,
3174021004,DKI JAKARTA,JAKARTA SELATAN,SETIA BUDI,KARET,142,1,3,0,138,0,0,0,0,0,11,0,0,11,401,12,389,4,0,4,133,1,129,0,3,
3174021003,DKI JAKARTA,JAKARTA SELATAN,SETIA BUDI,KARET KUNINGAN,302,0,22,1,279,0,0,0,0,0,22,0,1,21,438,36,402,4,0,4,230,8,177,4,41,
3174021002,DKI JAKARTA,JAKARTA SELATAN,SETIA BUDI,KARET SEMANGGI,66,0,6,1,59,0,0,0,0,0,3,0,0,3,90,5,85,2,0,2,26,0,22,2,2,
3171071003,DKI JAKARTA,JAKARTA PUSAT,TANAH ABANG,KARET TENGSIN,290,6,15,0,269,0,0,0,0,0,8,0,0,8,760,35,725,2,0,2,159,5,138,6,10,
3171021003,DKI JAKARTA,JAKARTA PUSAT,SAWAH BESAR,KARTINI,337,1,14,1,321,1,0,0,0,1,0,0,0,0,706,9,697,18,0,18,238,4,216,5,13,
3175011003,DKI JAKARTA,JAKARTA TIMUR,MATRAMAN,KAYU MANIS,387,2,19,0,366,3,0,0,0,3,2,0,0,2,725,34,691,29,0,29,245,5,209,6,25,
3175021006,DKI JAKARTA,JAKARTA TIMUR,PULO GADUNG,KAYU PUTIH,500,1,21,4,474,1,0,0,1,0,15,0,0,15,1132,45,1088,48,0,47,351,7,302,10,32,
3173031006,DKI JAKARTA,JAKARTA BARAT,TAMAN SARI,KEAGUNGAN,307,0,9,0,298,0,0,0,0,0,3,0,0,3,508,22,486,10,0,10,181,1,178,1,1,
3174041007,DKI JAKARTA,JAKARTA SELATAN,PASAR MINGGU,KEBAGUSAN,650,6,51,1,592,3,0,0,0,3,3,0,1,2,739,32,707,39,0,39,223,13,187,1,22,
3174051006,DKI JAKARTA,JAKARTA SELATAN,KEBAYORAN LAMA,KEBAYORAN LAMA SELATAN,614,6,31,0,577,5,0,0,0,5,2,0,0,2,792,16,776,14,0,14,297,9,260,6,22,
3174051001,DKI JAKARTA,JAKARTA SELATAN,KEBAYORAN LAMA,KEBAYORAN LAMA UTARA,430,5,30,1,394,1,0,0,0,1,15,0,0,15,526,12,514,4,0,4,227,4,187,5,31,
3174011004,DKI JAKARTA,JAKARTA SELATAN,TEBET,KEBON BARU,421,6,17,2,396,0,0,0,0,0,15,0,0,15,721,16,705,20,0,20,226,5,203,7,11,
3172021005,DKI JAKARTA,JAKARTA UTARA,TANJUNG PRIOK,KEBON BAWANG,757,4,61,1,691,0,0,0,0,0,15,0,0,15,1286,77,1209,85,0,85,423,4,403,3,13,
3173051001,DKI JAKARTA,JAKARTA BARAT,KEBON JERUK,KEBON JERUK,846,3,73,6,764,2,0,0,0,2,13,0,0,13,2054,136,1918,61,0,61,683,18,595,18,52,
3171071006,DKI JAKARTA,JAKARTA PUSAT,TANAH ABANG,KEBON KACANG,462,2,18,1,441,1,0,0,0,1,0,0,0,0,577,21,556,6,0,6,300,5,279,11,5,
3171011005,DKI JAKARTA,JAKARTA PUSAT,GAMBIR,KEBON KELAPA,157,0,6,1,150,3,0,0,0,3,4,0,0,4,314,14,300,3,0,3,98,2,88,1,7,
3171031002,DKI JAKARTA,JAKARTA PUSAT,KEMAYORAN,KEBON KOSONG,383,2,19,5,357,1,1,0,0,0,9,0,1,8,530,23,507,32,0,32,251,4,233,7,7,
3175011005,DKI JAKARTA,JAKARTA TIMUR,MATRAMAN,KEBON MANGGIS,203,1,8,4,190,0,0,0,0,0,2,0,0,2,285,12,273,24,0,24,157,1,142,3,11,
3171071005,DKI JAKARTA,JAKARTA PUSAT,TANAH ABANG,KEBON MELATI,527,4,24,3,496,1,1,0,0,0,5,0,0,5,1002,32,970,10,0,10,487,9,454,9,15,
3175081003,DKI JAKARTA,JAKARTA TIMUR,MAKASAR,KEBON PALA,376,5,36,1,334,1,0,0,0,1,6,0,0,6,1004,35,969,16,0,16,365,11,306,7,41,
3171061005,DKI JAKARTA,JAKARTA PUSAT,MENTENG,KEBON SIRIH,171,1,8,2,160,0,0,0,0,0,4,0,0,4,322,15,307,14,0,14,141,0,133,2,6,
3173011004,DKI JAKARTA,JAKARTA BARAT,CENGKARENG,KEDAUNG KALI ANGKE,489,4,21,0,464,0,0,0,0,0,1,0,0,1,615,37,578,6,0,6,348,14,289,6,39,
3173051007,DKI JAKARTA,JAKARTA BARAT,KEBON JERUK,KEDOYA SELATAN,433,1,35,5,392,2,0,0,0,2,8,0,0,8,732,42,691,22,0,21,233,7,195,7,24,
3173051006,DKI JAKARTA,JAKARTA BARAT,KEBON JERUK,KEDOYA UTARA,449,7,37,2,403,1,0,0,0,1,15,0,0,15,956,30,926,22,0,22,320,21,265,7,27,
3173051004,DKI JAKARTA,JAKARTA BARAT,KEBON JERUK,KELAPA DUA,326,3,17,0,306,0,0,0,0,0,5,0,0,5,718,44,674,22,0,22,198,5,173,3,17,
3175091003,DKI JAKARTA,JAKARTA TIMUR,CIRACAS,KELAPA DUA WETAN,635,12,22,1,600,1,0,0,0,1,8,0,0,8,1166,26,1141,37,0,36,238,11,208,2,17,
3172061003,DKI JAKARTA,JAKARTA UTARA,KELAPA GADING,KELAPA GADING BARAT,947,8,61,3,875,2,0,0,0,2,49,0,1,48,1329,47,1283,166,0,165,427,5,368,5,49,
3172061001,DKI JAKARTA,JAKARTA UTARA,KELAPA GADING,KELAPA GADING TIMUR,742,5,26,2,709,2,0,0,0,2,23,0,2,21,1299,33,1266,107,0,107,337,6,267,9,55,
3173071005,DKI JAKARTA,JAKARTA BARAT,PALMERAH,KEMANGGISAN,649,4,37,6,602,0,0,0,0,0,9,0,1,8,959,45,914,50,0,50,343,9,298,11,25,
3171031001,DKI JAKARTA,JAKARTA PUSAT,KEMAYORAN,KEMAYORAN,412,1,20,3,388,2,2,0,0,0,3,0,1,2,598,17,581,26,0,26,336,6,313,10,7,
3173081006,DKI JAKARTA,JAKARTA BARAT,KEMBANGAN,KEMBANGAN SELATAN,304,0,29,1,274,0,0,0,0,0,8,0,0,8,627,24,603,53,0,53,211,8,186,5,12,
3173081001,DKI JAKARTA,JAKARTA BARAT,KEMBANGAN,KEMBANGAN UTARA,672,8,53,3,608,4,0,0,1,3,3,0,0,3,1562,34,1528,11,0,11,335,13,284,6,32,
3171041002,DKI JAKARTA,JAKARTA PUSAT,SENEN,KENARI,250,9,8,1,232,1,0,0,0,1,8,0,0,8,557,37,520,46,0,46,182,0,170,3,9,
3173041005,DKI JAKARTA,JAKARTA BARAT,TAMBORA,KERENDANG,276,0,6,2,268,1,0,0,0,1,0,0,0,0,224,5,219,9,0,9,143,3,120,8,12,
3175071003,DKI JAKARTA,JAKARTA TIMUR,DUREN SAWIT,KLENDER,675,5,19,2,649,4,0,0,0,4,5,0,0,5,1099,47,1052,33,0,33,450,14,379,17,40,
3172031001,DKI JAKARTA,JAKARTA UTARA,KOJA,KOJA,325,3,12,0,310,0,0,0,0,0,4,0,0,4,458,10,448,41,0,41,365,1,304,9,51,
3173071006,DKI JAKARTA,JAKARTA BARAT,PALMERAH,KOTA BAMBU SELATAN,514,2,22,5,485,0,0,0,0,0,1,0,0,1,894,30,864,72,0,72,280,13,249,5,13,
3173071003,DKI JAKARTA,JAKARTA BARAT,PALMERAH,KOTA BAMBU UTARA,424,2,17,11,394,1,0,0,0,1,3,0,0,3,593,16,577,54,0,54,247,4,218,9,16,
3171041004,DKI JAKARTA,JAKARTA PUSAT,SENEN,KRAMAT,431,3,23,6,399,0,0,0,0,0,9,0,1,8,988,74,914,35,0,35,307,3,277,11,16,
3175041001,DKI JAKARTA,JAKARTA TIMUR,KRAMAT JATI,KRAMAT JATI,456,3,37,1,415,1,1,0,0,0,12,0,0,12,962,71,891,22,0,22,387,16,332,11,28,
3174071003,DKI JAKARTA,JAKARTA SELATAN,KEBAYORAN BARU,KRAMAT PELA,270,1,7,0,262,0,0,0,0,0,0,0,0,0,514,13,501,6,0,6,161,6,137,2,16,
3173031002,DKI JAKARTA,JAKARTA BARAT,TAMAN SARI,KRUKUT,287,1,10,6,270,2,1,0,0,1,3,0,0,3,480,28,452,12,0,12,192,1,169,4,18,
3174031005,DKI JAKARTA,JAKARTA SELATAN,MAMPANG PRAPATAN,KUNINGAN BARAT,144,0,18,1,125,1,0,0,0,1,0,0,0,0,485,12,473,5,0,5,143,2,120,2,19,
3174021008,DKI JAKARTA,JAKARTA SELATAN,SETIA BUDI,KUNINGAN TIMUR,154,0,20,1,133,1,0,0,0,1,20,0,0,20,227,12,215,1,0,1,128,1,103,2,22,
3171041005,DKI JAKARTA,JAKARTA PUSAT,SENEN,KWITANG,244,0,17,0,227,3,1,0,0,2,7,0,0,7,510,48,462,10,0,10,129,1,117,5,6,
3172031003,DKI JAKARTA,JAKARTA UTARA,KOJA,LAGOA,666,2,26,1,637,1,1,0,0,0,5,0,0,5,730,18,713,72,0,71,668,6,625,14,23,
3174061002,DKI JAKARTA,JAKARTA SELATAN,CILANDAK,LEBAK BULUS,457,3,34,2,418,3,0,0,0,3,27,0,0,27,1082,59,1023,22,0,22,459,5,425,9,20,
3174091004,DKI JAKARTA,JAKARTA SELATAN,JAGAKARSA,LENTENG AGUNG,833,2,41,0,790,3,0,0,0,3,6,0,0,6,778,56,722,16,0,16,256,10,219,2,25,
LUAR DKI JAKARTA,LUAR DKI JAKARTA,LUAR DKI JAKARTA,LUAR DKI JAKARTA,LUAR DKI JAKARTA,41988,384,2605,98,38901,88,11,0,0,77,662,0,12,650,64936,5182,59781,2228,0,2201,8187,328,7305,133,421,
3175101007,DKI JAKARTA,JAKARTA TIMUR,CIPAYUNG,LUBANG BUAYA,868,16,36,3,813,3,1,0,0,2,10,0,0,10,828,37,791,32,0,32,427,14,375,3,35,
3175081001,DKI JAKARTA,JAKARTA TIMUR,MAKASAR,MAKASAR,389,3,49,1,336,0,0,0,0,0,8,0,0,8,1268,36,1232,23,0,23,310,9,273,5,23,
3175071006,DKI JAKARTA,JAKARTA TIMUR,DUREN SAWIT,MALAKA JAYA,352,2,6,2,342,1,0,0,0,1,2,0,0,2,658,25,633,16,0,16,242,5,219,4,14,
3175071005,DKI JAKARTA,JAKARTA TIMUR,DUREN SAWIT,MALAKA SARI,323,3,8,1,311,0,0,0,0,0,1,0,0,1,589,17,572,15,0,15,212,6,185,4,17,
3174031001,DKI JAKARTA,JAKARTA SELATAN,MAMPANG PRAPATAN,MAMPANG PRAPATAN,329,2,15,2,310,2,1,0,0,1,0,0,0,0,1037,31,1006,10,0,10,320,7,279,9,25,
3173031005,DKI JAKARTA,JAKARTA BARAT,TAMAN SARI,MANGGA BESAR,155,1,6,1,147,1,0,0,0,1,0,0,0,0,188,11,177,6,0,6,77,2,62,4,9,
3171021005,DKI JAKARTA,JAKARTA PUSAT,SAWAH BESAR,MANGGA DUA SELATAN,421,5,20,1,395,3,0,0,0,3,1,0,0,1,867,33,834,16,0,16,254,7,227,5,15,
3174011007,DKI JAKARTA,JAKARTA SELATAN,TEBET,MANGGARAI,441,4,21,0,416,4,0,0,0,4,4,0,0,4,572,25,547,25,0,25,244,5,216,2,21,
3174011006,DKI JAKARTA,JAKARTA SELATAN,TEBET,MANGGARAI SELATAN,306,4,14,2,286,0,0,0,0,0,6,0,0,6,499,21,478,23,0,23,153,5,120,7,21,
3173031003,DKI JAKARTA,JAKARTA BARAT,TAMAN SARI,MAPHAR,242,0,18,1,223,0,0,0,0,0,6,0,0,6,402,10,392,39,0,39,212,3,197,2,10,
3172041003,DKI JAKARTA,JAKARTA UTARA,CILINCING,MARUNDA,298,2,22,0,274,3,0,0,0,3,0,0,0,0,364,8,356,15,0,15,140,0,112,1,27,
3174071001,DKI JAKARTA,JAKARTA SELATAN,KEBAYORAN BARU,MELAWAI,75,0,5,0,70,0,0,0,0,0,1,0,0,1,89,5,84,0,0,0,19,1,16,1,1,
3171061001,DKI JAKARTA,JAKARTA PUSAT,MENTENG,MENTENG,463,6,21,2,434,2,0,0,0,2,5,0,0,5,805,26,779,27,0,27,289,2,266,10,11,
3174021005,DKI JAKARTA,JAKARTA SELATAN,SETIA BUDI,MENTENG ATAS,410,8,27,3,372,2,0,0,0,2,55,0,0,55,1387,69,1319,38,0,37,306,4,259,7,36,
3174011003,DKI JAKARTA,JAKARTA SELATAN,TEBET,MENTENG DALAM,622,3,23,4,592,4,0,0,0,4,13,0,0,13,760,19,741,44,0,44,255,9,215,8,23,
3173081003,DKI JAKARTA,JAKARTA BARAT,KEMBANGAN,MERUYA SELATAN,413,3,35,1,374,1,0,0,0,1,5,0,0,5,814,37,777,17,0,17,243,5,207,3,28,
3173081002,DKI JAKARTA,JAKARTA BARAT,KEMBANGAN,MERUYA UTARA,606,6,26,6,568,1,0,0,1,0,7,0,0,7,1030,42,988,10,0,10,313,13,258,4,38,
3175101004,DKI JAKARTA,JAKARTA TIMUR,CIPAYUNG,MUNJUL,296,7,9,0,280,0,0,0,0,0,3,0,0,3,364,15,349,24,0,24,113,5,101,1,6,
3172051002,DKI JAKARTA,JAKARTA UTARA,PADEMANGAN,PADEMANGAN BARAT,1879,7,72,5,1795,5,0,0,0,5,15,0,0,15,2491,41,2450,35,0,35,766,5,709,23,29,
3172051001,DKI JAKARTA,JAKARTA UTARA,PADEMANGAN,PADEMANGAN TIMUR,660,3,45,3,609,2,0,0,0,2,15,0,2,13,908,16,893,21,0,20,305,5,265,6,29,
3175011004,DKI JAKARTA,JAKARTA TIMUR,MATRAMAN,PAL MERIAM,272,1,11,2,258,2,0,0,0,2,3,0,0,3,662,20,642,62,0,62,237,2,202,6,27,
3173071001,DKI JAKARTA,JAKARTA BARAT,PALMERAH,PALMERAH,1293,3,80,2,1208,0,0,0,0,0,2,0,0,2,1970,82,1888,78,0,78,561,16,488,21,36,
3174081001,DKI JAKARTA,JAKARTA SELATAN,PANCORAN,PANCORAN,425,3,26,0,396,1,0,0,0,1,9,0,0,9,614,20,594,7,0,7,275,6,238,4,27,
3172021003,DKI JAKARTA,JAKARTA UTARA,TANJUNG PRIOK,PAPANGGO,501,2,59,0,440,1,0,0,0,1,7,0,0,7,885,53,832,60,0,60,291,4,281,2,4,
3171021001,DKI JAKARTA,JAKARTA PUSAT,SAWAH BESAR,PASAR BARU,248,1,14,2,231,2,0,0,0,2,8,0,0,8,499,28,471,11,0,11,184,7,168,2,7,
3174021006,DKI JAKARTA,JAKARTA SELATAN,SETIA BUDI,PASAR MANGGIS,272,2,26,3,241,4,0,0,0,4,28,0,0,28,1000,46,954,18,0,18,267,6,216,9,36,
3174041001,DKI JAKARTA,JAKARTA SELATAN,PASAR MINGGU,PASAR MINGGU,465,14,27,1,423,3,0,0,0,3,7,0,0,7,660,54,606,20,0,20,256,8,223,7,18,
3171041003,DKI JAKARTA,JAKARTA PUSAT,SENEN,PASEBAN,576,4,17,1,554,4,1,0,0,3,21,0,1,20,1075,86,989,63,0,63,338,2,291,9,36,
3173061005,DKI JAKARTA,JAKARTA BARAT,KALI DERES,PEGADUNGAN,792,10,53,7,722,0,0,0,0,0,10,0,0,10,1564,51,1513,18,0,18,316,16,262,8,30,
3171061002,DKI JAKARTA,JAKARTA PUSAT,MENTENG,PEGANGSAAN,399,2,21,2,374,3,0,0,0,3,3,0,0,3,905,25,880,51,0,51,368,0,352,4,12,
3172061002,DKI JAKARTA,JAKARTA UTARA,KELAPA GADING,PEGANGSAAN DUA,882,4,46,1,831,2,0,0,0,2,43,0,1,42,1824,129,1696,184,0,183,487,6,425,11,45,
3172011004,DKI JAKARTA,JAKARTA UTARA,PENJARINGAN,PEJAGALAN,621,5,31,2,583,3,0,0,0,3,8,0,0,8,1056,58,998,32,0,32,357,23,300,6,28,
3174041006,DKI JAKARTA,JAKARTA SELATAN,PASAR MINGGU,PEJATEN BARAT,525,8,34,2,481,8,0,0,0,8,2,0,0,2,757,45,712,74,0,74,249,4,220,2,23,
3174041005,DKI JAKARTA,JAKARTA SELATAN,PASAR MINGGU,PEJATEN TIMUR,553,6,41,1,505,4,0,0,0,4,3,0,0,3,725,52,673,40,0,40,279,11,222,12,34,
3175051005,DKI JAKARTA,JAKARTA TIMUR,PASAR REBO,PEKAYON,900,5,23,1,871,2,0,0,0,2,3,0,0,3,396,17,379,14,0,14,241,7,206,4,24,
3173041009,DKI JAKARTA,JAKARTA BARAT,TAMBORA,PEKOJAN,308,1,7,2,298,0,0,0,0,0,3,0,0,3,273,6,267,18,0,18,152,5,127,5,15,
3174031003,DKI JAKARTA,JAKARTA SELATAN,MAMPANG PRAPATAN,PELA MAMPANG,433,10,21,2,400,4,0,0,0,4,15,0,0,15,1544,71,1473,6,0,6,356,2,309,6,39,
3174081005,DKI JAKARTA,JAKARTA SELATAN,PANCORAN,PENGADEGAN,224,1,10,2,211,0,0,0,0,0,8,0,0,8,433,15,418,10,0,10,122,4,110,1,7,
3175061003,DKI JAKARTA,JAKARTA TIMUR,CAKUNG,PENGGILINGAN,804,2,93,1,708,2,0,0,0,2,10,0,1,9,1942,149,1793,79,0,79,627,10,553,12,52,
3172011001,DKI JAKARTA,JAKARTA UTARA,PENJARINGAN,PENJARINGAN,1239,11,81,4,1143,2,0,0,0,2,24,0,1,23,3036,81,2955,120,0,120,698,5,633,16,44,
3174101001,DKI JAKARTA,JAKARTA SELATAN,PESANGGRAHAN,PESANGGRAHAN,499,4,45,4,446,2,0,0,1,1,0,0,0,0,971,73,898,19,0,19,186,1,163,3,19,
3171071004,DKI JAKARTA,JAKARTA PUSAT,TANAH ABANG,PETAMBURAN,608,6,20,7,575,0,0,0,0,0,7,0,0,7,958,44,914,12,0,12,432,7,402,13,10,
3174071008,DKI JAKARTA,JAKARTA SELATAN,KEBAYORAN BARU,PETOGOGAN,246,3,36,0,207,0,0,0,0,0,3,0,0,3,295,21,274,1,0,1,110,6,74,0,30,
3171011004,DKI JAKARTA,JAKARTA PUSAT,GAMBIR,PETOJO SELATAN,254,4,9,1,240,0,0,0,0,0,28,0,0,28,795,11,784,16,0,16,285,3,266,8,8,
3171011003,DKI JAKARTA,JAKARTA PUSAT,GAMBIR,PETOJO UTARA,214,2,12,3,197,1,0,0,0,1,12,0,0,12,422,25,397,25,0,25,162,3,147,3,9,
3174101004,DKI JAKARTA,JAKARTA SELATAN,PESANGGRAHAN,PETUKANGAN SELATAN,513,7,58,2,446,1,1,0,0,0,2,0,0,2,987,73,914,8,0,8,244,6,188,4,46,
3174101003,DKI JAKARTA,JAKARTA SELATAN,PESANGGRAHAN,PETUKANGAN UTARA,582,5,32,4,541,4,2,0,0,2,6,0,0,6,1694,36,1658,9,0,9,346,4,307,2,33,
3175081002,DKI JAKARTA,JAKARTA TIMUR,MAKASAR,PINANG RANTI,283,3,24,1,255,0,0,0,0,0,2,0,0,2,734,28,706,28,0,28,190,5,152,5,28,
3173031008,DKI JAKARTA,JAKARTA BARAT,TAMAN SARI,PINANGSIA,151,2,9,1,139,0,0,0,0,0,2,0,0,2,252,7,245,3,0,3,115,8,104,0,3,
3175011001,DKI JAKARTA,JAKARTA TIMUR,MATRAMAN,PISANGAN BARU,389,4,22,3,360,2,1,0,0,1,5,0,0,5,550,78,472,34,0,34,226,4,181,8,33,
3175021002,DKI JAKARTA,JAKARTA TIMUR,PULO GADUNG,PISANGAN TIMUR,378,2,14,4,358,1,0,0,0,1,10,0,0,10,883,108,775,30,0,30,252,5,224,5,18,
3172011005,DKI JAKARTA,JAKARTA UTARA,PENJARINGAN,PLUIT,483,9,48,4,422,0,0,0,0,0,13,0,1,12,1367,58,1309,18,0,18,286,13,231,9,33,
3175071002,DKI JAKARTA,JAKARTA TIMUR,DUREN SAWIT,PONDOK BAMBU,1019,10,28,1,980,5,0,0,0,5,3,0,0,3,1192,66,1127,35,0,34,463,12,394,9,48,
3175071004,DKI JAKARTA,JAKARTA TIMUR,DUREN SAWIT,PONDOK KELAPA,745,6,23,0,716,0,0,0,0,0,11,0,0,11,1293,55,1239,27,0,26,434,17,366,11,40,
3175071007,DKI JAKARTA,JAKARTA TIMUR,DUREN SAWIT,PONDOK KOPI,477,4,22,1,450,0,0,0,0,0,2,0,0,2,537,13,524,15,0,15,263,7,231,13,12,
3174061003,DKI JAKARTA,JAKARTA SELATAN,CILANDAK,PONDOK LABU,579,8,40,1,530,6,0,0,0,6,73,0,0,73,1207,91,1116,37,0,37,239,1,203,3,32,
3174051002,DKI JAKARTA,JAKARTA SELATAN,KEBAYORAN LAMA,PONDOK PINANG,664,8,47,4,605,0,0,0,0,0,44,0,0,44,917,36,881,11,0,11,348,11,283,9,45,
3175101003,DKI JAKARTA,JAKARTA TIMUR,CIPAYUNG,PONDOK RANGGON,305,2,14,3,286,0,0,0,0,0,3,0,0,3,456,25,431,21,0,21,197,4,167,1,25,
PROSES UPDATE DATA,PROSES UPDATE DATA,PROSES UPDATE DATA,PROSES UPDATE DATA,PROSES UPDATE DATA,14954,153,604,1696,12501,3475,2,0,3466,7,114,0,2,112,25888,2992,22899,159,1,155,25260,941,22474,470,1375,
3101011003,DKI JAKARTA,KAB.ADM.KEP.SERIBU,KEP. SERIBU UTARA,PULAU HARAPAN,65,0,0,0,65,0,0,0,0,0,0,0,0,0,77,0,77,0,0,0,6,0,6,0,0,
3101011002,DKI JAKARTA,KAB.ADM.KEP.SERIBU,KEP. SERIBU UTARA,PULAU KELAPA,81,0,2,1,78,0,0,0,0,0,3,0,0,3,184,2,182,1,0,1,8,0,8,0,0,
3101011001,DKI JAKARTA,KAB.ADM.KEP.SERIBU,KEP. SERIBU UTARA,PULAU PANGGANG,173,9,11,1,152,0,0,0,0,0,0,0,0,0,179,2,177,4,0,4,29,0,29,0,0,
3101021003,DKI JAKARTA,KAB.ADM.KEP.SERIBU,KEP. SERIBU SELATAN,PULAU PARI,12,0,3,0,9,0,0,0,0,0,0,0,0,0,175,0,175,1,0,1,6,0,5,0,1,
3101021002,DKI JAKARTA,KAB.ADM.KEP.SERIBU,KEP. SERIBU SELATAN,PULAU TIDUNG,38,0,0,0,38,1,0,0,1,0,1,0,1,0,387,3,384,1,0,1,37,0,37,0,0,
3101021001,DKI JAKARTA,KAB.ADM.KEP.SERIBU,KEP. SERIBU SELATAN,PULAU UNTUNG JAWA,25,0,0,0,25,0,0,0,0,0,0,0,0,0,112,3,109,0,0,0,5,0,5,0,0,
3174071007,DKI JAKARTA,JAKARTA SELATAN,KEBAYORAN BARU,PULO,300,0,7,1,292,1,0,0,0,1,1,0,0,1,224,4,220,0,0,0,57,1,55,0,1,
3175021001,DKI JAKARTA,JAKARTA TIMUR,PULO GADUNG,PULO GADUNG,434,1,23,2,408,0,0,0,0,0,11,0,0,11,946,39,907,35,0,35,287,3,263,6,15,
3175061005,DKI JAKARTA,JAKARTA TIMUR,CAKUNG,PULO GEBANG,638,3,53,2,580,1,0,0,0,1,9,0,0,9,1474,79,1396,65,0,64,461,8,382,12,59,
3174041004,DKI JAKARTA,JAKARTA SELATAN,PASAR MINGGU,RAGUNAN,843,8,89,2,744,1,0,0,0,1,2,0,0,2,793,58,735,25,0,25,241,5,201,6,29,
3175091005,DKI JAKARTA,JAKARTA TIMUR,CIRACAS,RAMBUTAN,470,9,15,1,445,2,0,0,0,2,12,0,0,12,760,23,737,29,0,29,212,10,178,3,21,
3172031006,DKI JAKARTA,JAKARTA UTARA,KOJA,RAWA BADAK SELATAN,528,4,26,2,496,2,0,0,0,2,2,0,0,2,595,18,578,53,0,52,331,3,308,5,15,
3172031004,DKI JAKARTA,JAKARTA UTARA,KOJA,RAWA BADAK UTARA,506,4,24,1,477,0,0,0,0,0,2,0,0,2,555,18,537,81,0,81,260,1,242,4,13,
3174071005,DKI JAKARTA,JAKARTA SELATAN,KEBAYORAN BARU,RAWA BARAT,105,0,5,2,98,0,0,0,0,0,2,0,0,2,174,8,166,0,0,0,44,1,31,1,11,
3173011003,DKI JAKARTA,JAKARTA BARAT,CENGKARENG,RAWA BUAYA,423,2,42,2,377,1,0,0,0,1,6,0,0,6,847,65,782,6,0,6,356,14,284,11,47,
3175031004,DKI JAKARTA,JAKARTA TIMUR,JATINEGARA,RAWA BUNGA,164,0,2,1,161,0,0,0,0,0,1,0,0,1,303,15,288,16,0,16,153,4,128,3,18,
3174081003,DKI JAKARTA,JAKARTA SELATAN,PANCORAN,RAWA JATI,317,0,18,0,299,2,0,0,0,2,11,0,0,11,547,49,498,7,0,7,129,8,96,0,25,
3175061002,DKI JAKARTA,JAKARTA TIMUR,CAKUNG,RAWA TERATE,168,0,29,0,139,0,0,0,0,0,2,0,0,2,415,42,373,6,0,6,192,4,168,1,19,
3175021005,DKI JAKARTA,JAKARTA TIMUR,PULO GADUNG,RAWAMANGUN,380,0,22,0,358,1,0,0,0,1,9,0,0,9,927,41,886,33,0,33,313,5,276,9,23,
3171051003,DKI JAKARTA,JAKARTA PUSAT,CEMPAKA PUTIH,RAWASARI,773,5,55,2,711,3,0,0,1,2,10,0,0,10,1391,67,1324,36,0,36,443,10,415,5,13,
3173041010,DKI JAKARTA,JAKARTA BARAT,TAMBORA,ROA MALAKA,41,0,2,0,39,1,0,0,0,1,0,0,0,0,45,1,45,2,0,1,15,0,14,0,1,
3172041006,DKI JAKARTA,JAKARTA UTARA,CILINCING,ROROTAN,428,5,29,2,392,0,0,0,0,0,4,0,0,4,645,10,635,79,0,79,191,1,165,2,23,
3174071004,DKI JAKARTA,JAKARTA SELATAN,KEBAYORAN BARU,SELONG,90,0,8,0,82,0,0,0,0,0,3,0,0,3,133,2,131,3,0,3,26,0,23,1,2,
3173061002,DKI JAKARTA,JAKARTA BARAT,KALI DERES,SEMANAN,615,8,68,3,536,1,0,0,0,1,3,0,0,3,1191,91,1100,9,0,9,245,6,196,3,40,
3172041007,DKI JAKARTA,JAKARTA UTARA,CILINCING,SEMPER BARAT,835,4,52,1,778,3,0,0,0,3,12,0,0,12,1222,40,1183,107,0,106,487,4,447,11,25,
3172041005,DKI JAKARTA,JAKARTA UTARA,CILINCING,SEMPER TIMUR,474,5,35,1,433,1,0,0,0,1,4,0,0,4,743,61,682,52,0,52,249,5,228,5,11,
3174071006,DKI JAKARTA,JAKARTA SELATAN,KEBAYORAN BARU,SENAYAN,370,0,7,0,363,0,0,0,0,0,10,0,0,10,645,34,611,0,0,0,196,1,133,0,62,
3171041001,DKI JAKARTA,JAKARTA PUSAT,SENEN,SENEN,206,4,8,0,194,1,0,0,0,1,8,0,0,8,741,58,683,26,0,26,159,1,151,3,4,
3171031004,DKI JAKARTA,JAKARTA PUSAT,KEMAYORAN,SERDANG,475,4,32,2,437,0,0,0,0,0,5,0,0,5,786,50,736,30,0,30,290,4,261,6,19,
3174021001,DKI JAKARTA,JAKARTA SELATAN,SETIA BUDI,SETIA BUDI,108,2,7,0,99,0,0,0,0,0,4,0,0,4,365,9,356,6,0,6,47,2,41,0,4,
3175101005,DKI JAKARTA,JAKARTA TIMUR,CIPAYUNG,SETU,282,3,13,0,266,2,0,0,0,2,2,0,0,2,447,18,429,14,0,14,130,5,116,1,8,
3173071002,DKI JAKARTA,JAKARTA BARAT,PALMERAH,SLIPI,568,2,19,2,545,0,0,0,0,0,2,0,0,2,1036,41,995,41,0,41,316,7,291,4,14,
3173081004,DKI JAKARTA,JAKARTA BARAT,KEMBANGAN,SRENGSENG,594,4,39,3,548,1,0,0,0,1,6,0,0,6,1334,92,1242,26,0,26,342,11,289,5,37,
3174091002,DKI JAKARTA,JAKARTA SELATAN,JAGAKARSA,SRENGSENG SAWAH,925,11,49,0,865,8,0,0,0,8,11,0,0,11,1034,52,982,26,0,26,251,4,214,8,25,
3173051003,DKI JAKARTA,JAKARTA BARAT,KEBON JERUK,SUKABUMI SELATAN,343,8,35,4,296,1,0,0,0,1,1,0,0,1,742,50,693,25,0,24,233,11,189,5,28,
3173051002,DKI JAKARTA,JAKARTA BARAT,KEBON JERUK,SUKABUMI UTARA,384,3,40,3,338,0,0,0,0,0,19,0,0,19,795,24,771,46,0,46,272,7,209,8,48,
3172041002,DKI JAKARTA,JAKARTA UTARA,CILINCING,SUKAPURA,657,1,45,2,609,0,0,0,0,0,6,0,0,6,952,47,905,97,0,97,349,1,320,6,22,
3171031007,DKI JAKARTA,JAKARTA PUSAT,KEMAYORAN,SUMUR BATU,444,4,24,1,415,2,0,0,0,2,6,0,0,6,587,20,567,31,0,31,241,4,221,3,13,
3172021004,DKI JAKARTA,JAKARTA UTARA,TANJUNG PRIOK,SUNGAI BAMBU,406,2,50,0,354,0,0,0,0,0,7,0,0,7,695,41,654,39,0,39,238,1,196,5,36,
3172021006,DKI JAKARTA,JAKARTA UTARA,TANJUNG PRIOK,SUNTER AGUNG,1020,5,82,1,932,4,0,0,0,4,23,0,1,22,2067,115,1953,86,0,85,654,13,570,17,54,
3172021002,DKI JAKARTA,JAKARTA UTARA,TANJUNG PRIOK,SUNTER JAYA,963,9,113,6,835,1,0,0,0,1,10,0,0,10,1788,140,1648,176,0,176,606,10,539,19,38,
3175091004,DKI JAKARTA,JAKARTA TIMUR,CIRACAS,SUSUKAN,556,20,18,1,517,0,0,0,0,0,17,0,0,17,1344,33,1311,69,0,69,200,6,171,7,16,
3173031001,DKI JAKARTA,JAKARTA BARAT,TAMAN SARI,TAMAN SARI,287,1,14,0,272,2,0,0,0,2,1,0,0,1,439,25,414,16,0,16,194,1,170,4,19,
3173041001,DKI JAKARTA,JAKARTA BARAT,TAMBORA,TAMBORA,214,0,11,3,200,0,0,0,0,0,1,0,0,1,315,12,303,3,0,3,103,2,88,3,10,
3173041004,DKI JAKARTA,JAKARTA BARAT,TAMBORA,TANAH SEREAL,305,0,10,2,293,1,0,0,0,1,4,0,0,4,286,11,275,5,0,5,173,6,154,7,6,
3171081004,DKI JAKARTA,JAKARTA PUSAT,JOHAR BARU,TANAH TINGGI,488,5,16,3,464,4,0,0,0,4,6,0,0,6,1119,51,1068,35,0,35,409,9,368,16,16,
3173031004,DKI JAKARTA,JAKARTA BARAT,TAMAN SARI,TANGKI,251,5,7,1,238,1,0,0,0,1,3,0,0,3,323,18,305,2,0,2,131,2,116,1,12,
3174091005,DKI JAKARTA,JAKARTA SELATAN,JAGAKARSA,TANJUNG BARAT,723,1,32,1,689,1,0,0,0,1,2,0,0,2,630,26,604,11,0,11,265,5,233,6,21,
3173021005,DKI JAKARTA,JAKARTA BARAT,GROGOL PETAMBURAN,TANJUNG DUREN SELATAN,442,6,19,1,416,0,0,0,0,0,19,0,0,19,718,33,685,22,0,22,317,5,271,8,33,
3173021002,DKI JAKARTA,JAKARTA BARAT,GROGOL PETAMBURAN,TANJUNG DUREN UTARA,294,0,10,0,284,2,0,0,0,2,21,0,0,21,602,26,576,19,0,19,179,4,151,9,15,
3172021001,DKI JAKARTA,JAKARTA UTARA,TANJUNG PRIOK,TANJUNG PRIOK,559,3,51,6,499,0,0,0,0,0,13,0,1,12,806,32,774,68,0,68,380,2,345,9,24,
3174011002,DKI JAKARTA,JAKARTA SELATAN,TEBET,TEBET BARAT,494,5,22,0,467,2,0,0,0,2,8,0,0,8,673,24,649,24,0,24,332,2,288,7,35,
3174011001,DKI JAKARTA,JAKARTA SELATAN,TEBET,TEBET TIMUR,398,4,10,2,382,0,0,0,0,0,6,0,0,6,569,31,538,33,0,33,211,3,184,4,20,
3173061003,DKI JAKARTA,JAKARTA BARAT,KALI DERES,TEGAL ALUR,728,7,34,6,681,0,0,0,0,0,7,0,0,7,1284,47,1237,13,0,13,247,7,206,5,29,
3174031004,DKI JAKARTA,JAKARTA SELATAN,MAMPANG PRAPATAN,TEGAL PARANG,360,3,16,3,338,5,0,0,1,4,4,0,0,4,1051,58,993,12,0,12,318,3,276,6,33,
3173021003,DKI JAKARTA,JAKARTA BARAT,GROGOL PETAMBURAN,TOMANG,488,4,21,2,461,0,0,0,0,0,15,0,0,15,792,33,759,82,0,82,305,8,275,8,14,
3172031005,DKI JAKARTA,JAKARTA UTARA,KOJA,TUGU SELATAN,460,6,11,1,442,0,0,0,0,0,2,0,0,2,480,16,465,78,0,77,303,3,253,7,40,
3172031002,DKI JAKARTA,JAKARTA UTARA,KOJA,TUGU UTARA,937,1,25,0,911,3,0,0,0,3,7,0,0,7,894,32,862,94,0,94,466,4,410,14,38,
3175061006,DKI JAKARTA,JAKARTA TIMUR,CAKUNG,UJUNG MENTENG,182,0,17,2,163,1,0,0,0,1,1,0,0,1,491,28,464,24,0,23,137,2,122,3,10,
3174101005,DKI JAKARTA,JAKARTA SELATAN,PESANGGRAHAN,ULUJAMI,589,6,28,2,553,0,0,0,0,0,0,0,0,0,1246,58,1188,26,0,26,276,6,228,5,37,
3175011006,DKI JAKARTA,JAKARTA TIMUR,MATRAMAN,UTAN KAYU SELATAN,521,0,20,8,493,2,0,0,0,2,7,0,0,7,876,60,817,91,0,90,291,8,252,8,23,
3175011002,DKI JAKARTA,JAKARTA TIMUR,MATRAMAN,UTAN KAYU UTARA,427,5,11,0,411,2,0,0,0,2,4,0,0,4,685,31,655,46,0,45,226,4,197,12,13,
3171031008,DKI JAKARTA,JAKARTA PUSAT,KEMAYORAN,UTAN PANJANG,417,3,23,2,389,0,0,0,0,0,4,0,0,4,626,55,571,27,0,27,303,3,272,9,19,
3172021007,DKI JAKARTA,JAKARTA UTARA,TANJUNG PRIOK,WARAKAS,577,6,84,2,485,0,0,0,0,0,11,0,0,11,1002,60,942,57,0,57,346,4,278,8,56,
3173021007,DKI JAKARTA,JAKARTA BARAT,GROGOL PETAMBURAN,WIJAYA KUSUMA,417,2,25,2,388,1,0,0,0,1,7,0,0,7,869,41,828,23,0,23,283,6,252,8,17,
