id_kel,nama_provinsi,nama_kota,nama_kecamatan,nama_kelurahan,suspek,perawatan_rs,isolasi_di_rumah,suspek_meninggal,selesai_isolasi,probable,perawatan_rs,isolasi_di_rumah,probable_meninggal,selesai_isolasi,pelaku_perjalanan,perawatan_rs,isolasi_di_rumah,selesai_isolasi,kontak_erat,isolasi_di_rumah,selesai_isolasi,discarded,meninggal,selesai_isolasi,positif,dirawat,sembuh,meninggal,self_isolation,keterangan
3172051003,DKI JAKARTA,JAKARTA UTARA,PADEMANGAN,ANCOL,456,3,38,0,415,4,0,0,0,4,10,0,0,10,612,26,586,9,0,9,305,2,261,4,38,
3173041007,DKI JAKARTA,JAKARTA BARAT,TAMBORA,ANGKE,389,2,14,2,371,1,0,0,1,0,0,0,0,0,472,9,463,25,0,25,171,6,148,4,13,
3175041005,DKI JAKARTA,JAKARTA TIMUR,KRAMAT JATI,BALE KAMBANG,265,0,12,1,252,1,0,0,0,1,5,0,0,5,502,37,465,23,0,23,154,6,135,3,10,
3175031003,DKI JAKARTA,JAKARTA TIMUR,JATINEGARA,BALI MESTER,97,0,3,1,93,1,0,0,0,1,0,0,0,0,123,7,116,4,0,4,42,1,34,1,6,
3175101006,DKI JAKARTA,JAKARTA TIMUR,CIPAYUNG,BAMBU APUS,370,4,20,1,345,0,0,0,0,0,4,0,0,4,595,40,555,17,0,17,150,0,130,3,17,
3174031002,DKI JAKARTA,JAKARTA SELATAN,MAMPANG PRAPATAN,BANGKA,271,3,18,2,248,5,0,0,1,4,18,0,0,18,661,27,634,8,0,8,171,4,136,2,29,
3175051002,DKI JAKARTA,JAKARTA TIMUR,PASAR REBO,BARU,382,6,22,1,353,0,0,0,0,0,5,0,0,5,395,22,373,17,0,17,180,7,154,0,19,
3175041004,DKI JAKARTA,JAKARTA TIMUR,KRAMAT JATI,BATU AMPAR,484,2,54,1,427,3,0,0,0,3,3,0,0,3,960,105,855,25,0,25,236,9,178,5,44,
3171071002,DKI JAKARTA,JAKARTA PUSAT,TANAH ABANG,BENDUNGAN HILIR,422,7,29,0,386,2,1,0,0,1,4,0,0,4,780,82,698,10,0,10,235,10,198,6,21,
3175031002,DKI JAKARTA,JAKARTA TIMUR,JATINEGARA,BIDARA CINA,361,2,17,3,339,1,0,0,0,1,7,0,0,7,537,79,458,32,0,32,264,7,218,10,29,
3174101002,DKI JAKARTA,JAKARTA SELATAN,PESANGGRAHAN,BINTARO,694,5,50,2,637,4,0,0,0,4,9,0,0,9,1450,100,1350,24,0,24,302,5,256,8,33,
3174011005,DKI JAKARTA,JAKARTA SELATAN,TEBET,BUKIT DURI,376,3,16,3,354,2,0,0,0,2,13,0,0,13,558,35,523,13,0,13,211,5,187,7,12,
3171041006,DKI JAKARTA,JAKARTA PUSAT,SENEN,BUNGUR,221,2,13,2,204,1,0,0,0,1,13,0,0,13,543,61,482,13,0,13,180,1,156,4,19,
3175061007,DKI JAKARTA,JAKARTA TIMUR,CAKUNG,CAKUNG BARAT,323,8,26,1,288,2,1,0,0,1,0,0,0,0,684,44,640,41,0,41,266,4,220,5,37,
3175061004,DKI JAKARTA,JAKARTA TIMUR,CAKUNG,CAKUNG TIMUR,389,2,30,2,355,2,0,0,1,1,6,0,0,6,800,67,733,38,0,38,274,9,226,6,33,
3175041007,DKI JAKARTA,JAKARTA TIMUR,KRAMAT JATI,CAWANG,322,8,37,0,277,1,0,0,0,1,5,0,0,5,825,129,696,15,0,15,275,10,214,6,45,
3175101008,DKI JAKARTA,JAKARTA TIMUR,CIPAYUNG,CEGER,230,2,11,0,217,0,0,0,0,0,1,0,0,1,405,32,373,9,0,9,110,1,94,3,12,
3171031006,DKI JAKARTA,JAKARTA PUSAT,KEMAYORAN,CEMPAKA BARU,625,7,21,2,595,1,0,0,0,1,7,0,0,7,1011,99,912,34,0,34,409,3,350,15,41,
3171051002,DKI JAKARTA,JAKARTA PUSAT,CEMPAKA PUTIH,CEMPAKA PUTIH BARAT,875,6,21,2,846,4,2,0,0,2,19,0,1,18,1924,82,1842,49,0,49,649,3,618,15,13,
3171051001,DKI JAKARTA,JAKARTA PUSAT,CEMPAKA PUTIH,CEMPAKA PUTIH TIMUR,605,5,20,1,579,1,0,0,0,1,12,0,0,12,1373,64,1309,57,0,57,347,4,326,6,11,
3173011001,DKI JAKARTA,JAKARTA BARAT,CENGKARENG,CENGKARENG BARAT,671,4,60,1,606,0,0,0,0,0,6,0,0,6,1271,107,1164,13,0,13,397,6,317,8,66,
3173011006,DKI JAKARTA,JAKARTA BARAT,CENGKARENG,CENGKARENG TIMUR,857,5,41,7,804,1,0,0,0,1,4,0,0,4,1740,182,1558,18,0,18,605,26,515,13,51,
3175091002,DKI JAKARTA,JAKARTA TIMUR,CIRACAS,CIBUBUR,861,5,41,4,811,1,0,0,0,1,30,0,0,30,1842,72,1770,89,0,89,316,10,269,7,30,
3171011002,DKI JAKARTA,JAKARTA PUSAT,GAMBIR,CIDENG,290,3,17,2,268,0,0,0,0,0,10,0,0,10,607,55,552,13,0,13,199,2,175,7,15,
3174091003,DKI JAKARTA,JAKARTA SELATAN,JAGAKARSA,CIGANJUR,670,4,49,1,616,2,0,0,0,2,12,0,0,12,682,79,603,14,0,14,173,4,152,4,13,
3175051003,DKI JAKARTA,JAKARTA TIMUR,PASAR REBO,CIJANTUNG,773,1,45,3,724,0,0,0,0,0,3,0,0,3,535,40,495,10,0,10,282,5,231,8,38,
3171061003,DKI JAKARTA,JAKARTA PUSAT,MENTENG,CIKINI,154,1,9,0,144,0,0,0,0,0,1,0,0,1,206,14,192,11,0,11,65,1,49,3,12,
3174081006,DKI JAKARTA,JAKARTA SELATAN,PANCORAN,CIKOKO,184,2,7,0,175,1,0,0,0,1,10,0,0,10,275,7,268,0,0,0,64,2,56,3,3,
3174061001,DKI JAKARTA,JAKARTA SELATAN,CILANDAK,CILANDAK BARAT,1033,12,138,5,878,1,0,0,0,1,97,0,0,97,1505,143,1362,39,0,39,351,4,277,7,63,
3174041003,DKI JAKARTA,JAKARTA SELATAN,PASAR MINGGU,CILANDAK TIMUR,470,7,37,1,425,4,0,0,0,4,17,0,0,17,442,44,398,86,0,86,252,4,224,8,16,
3175101002,DKI JAKARTA,JAKARTA TIMUR,CIPAYUNG,CILANGKAP,342,2,21,1,318,1,0,0,0,1,2,0,0,2,602,35,567,20,0,20,168,5,156,1,6,
3175041006,DKI JAKARTA,JAKARTA TIMUR,KRAMAT JATI,CILILITAN,310,4,21,1,284,0,0,0,0,0,6,0,0,6,847,131,716,47,0,47,275,15,218,6,36,
3172041001,DKI JAKARTA,JAKARTA UTARA,CILINCING,CILINCING,576,5,42,1,528,0,0,0,0,0,6,0,0,6,1135,30,1105,90,0,90,398,7,340,11,40,
3175101001,DKI JAKARTA,JAKARTA TIMUR,CIPAYUNG,CIPAYUNG,492,5,25,2,460,3,0,0,1,2,7,0,0,7,647,67,580,24,0,24,199,7,179,2,11,
3174091006,DKI JAKARTA,JAKARTA SELATAN,JAGAKARSA,CIPEDAK,559,3,23,0,533,2,0,0,0,2,1,0,0,1,751,61,690,7,0,7,251,5,224,3,19,
3174061005,DKI JAKARTA,JAKARTA SELATAN,CILANDAK,CIPETE SELATAN,283,5,29,1,248,2,0,0,0,2,45,0,0,45,502,48,454,6,0,6,127,4,96,7,20,
3174071010,DKI JAKARTA,JAKARTA SELATAN,KEBAYORAN BARU,CIPETE UTARA,601,5,97,3,496,0,0,0,0,0,9,0,0,9,547,46,501,5,0,5,158,4,122,4,28,
3175021003,DKI JAKARTA,JAKARTA TIMUR,PULO GADUNG,CIPINANG,311,3,12,2,294,1,0,0,0,1,3,0,0,3,909,78,831,37,0,37,337,16,281,12,28,
3175031007,DKI JAKARTA,JAKARTA TIMUR,JATINEGARA,CIPINANG BESAR SELATAN,267,4,18,2,243,2,0,0,0,2,2,0,0,2,535,88,447,16,0,16,205,5,150,2,48,
3175031008,DKI JAKARTA,JAKARTA TIMUR,JATINEGARA,CIPINANG BESAR UTARA,420,4,39,0,377,2,0,0,0,2,3,0,0,3,857,230,627,18,0,18,332,6,256,6,64,
3175031005,DKI JAKARTA,JAKARTA TIMUR,JATINEGARA,CIPINANG CEMPEDAK,247,2,9,2,234,0,0,0,0,0,5,0,0,5,504,89,415,17,0,17,194,7,145,4,38,
3175081005,DKI JAKARTA,JAKARTA TIMUR,MAKASAR,CIPINANG MELAYU,369,4,23,2,340,3,0,0,0,3,4,0,0,4,734,64,670,20,0,20,272,9,233,6,24,
3175031006,DKI JAKARTA,JAKARTA TIMUR,JATINEGARA,CIPINANG MUARA,430,2,27,1,400,5,0,0,0,5,9,0,0,9,936,114,822,26,0,26,354,7,275,6,66,
3174051003,DKI JAKARTA,JAKARTA SELATAN,KEBAYORAN LAMA,CIPULIR,318,3,26,4,285,6,0,0,0,6,6,0,0,6,527,25,502,8,0,8,229,9,180,4,36,
3175091001,DKI JAKARTA,JAKARTA TIMUR,CIRACAS,CIRACAS,909,22,52,9,826,3,0,0,0,3,23,0,0,23,1594,99,1495,45,0,45,463,20,370,13,60,
3175041003,DKI JAKARTA,JAKARTA TIMUR,KRAMAT JATI,DUKUH,293,8,44,1,240,0,0,0,0,0,1,0,0,1,670,69,601,14,0,14,166,5,133,4,24,
3175071001,DKI JAKARTA,JAKARTA TIMUR,DUREN SAWIT,DUREN SAWIT,872,5,33,3,831,17,2,0,0,15,3,0,0,3,1108,98,1010,32,0,32,542,10,469,13,50,
3174081004,DKI JAKARTA,JAKARTA SELATAN,PANCORAN,DUREN TIGA,427,2,31,0,394,2,0,0,0,2,6,0,0,6,617,44,573,3,0,3,193,8,154,1,30,
3173051005,DKI JAKARTA,JAKARTA BARAT,KEBON JERUK,DURI KEPA,524,5,53,2,464,3,0,0,0,3,12,0,0,12,1291,91,1200,72,0,72,401,14,349,11,27,
3173011002,DKI JAKARTA,JAKARTA BARAT,CENGKARENG,DURI KOSAMBI,562,3,56,3,500,0,0,0,0,0,4,0,0,4,1043,118,925,11,0,11,409,22,313,6,68,
3171011006,DKI JAKARTA,JAKARTA PUSAT,GAMBIR,DURI PULO,196,4,18,3,171,0,0,0,0,0,1,0,0,1,491,70,421,7,0,7,181,7,148,6,20,
3173041011,DKI JAKARTA,JAKARTA BARAT,TAMBORA,DURI SELATAN,169,2,27,1,139,0,0,0,0,0,2,0,0,2,157,9,148,4,0,4,74,1,61,3,9,
3173041003,DKI JAKARTA,JAKARTA BARAT,TAMBORA,DURI UTARA,210,4,19,2,185,1,0,0,0,1,2,0,0,2,232,16,216,4,0,4,137,2,112,4,19,
3171081003,DKI JAKARTA,JAKARTA PUSAT,JOHAR BARU,GALUR,220,2,3,0,215,3,0,0,0,3,3,0,0,3,528,17,511,46,0,46,214,2,196,10,6,
3171011001,DKI JAKARTA,JAKARTA PUSAT,GAMBIR,GAMBIR,86,1,3,0,82,1,0,0,0,1,17,0,0,17,414,16,398,6,0,6,178,0,163,1,14,
3174061004,DKI JAKARTA,JAKARTA SELATAN,CILANDAK,GANDARIA SELATAN,221,4,29,0,188,2,0,0,0,2,20,0,0,20,670,58,612,4,0,4,158,5,130,5,18,
3174071009,DKI JAKARTA,JAKARTA SELATAN,KEBAYORAN BARU,GANDARIA UTARA,613,1,81,2,529,0,0,0,0,0,3,0,0,3,643,42,601,5,0,5,206,3,168,4,31,
3175051001,DKI JAKARTA,JAKARTA TIMUR,PASAR REBO,GEDONG,738,3,39,0,696,0,0,0,0,0,4,0,0,4,416,40,376,24,0,24,246,5,196,4,41,
3171071001,DKI JAKARTA,JAKARTA PUSAT,TANAH ABANG,GELORA,66,0,4,1,61,0,0,0,0,0,5,0,0,5,225,12,213,0,0,0,111,1,106,2,2,
3173031007,DKI JAKARTA,JAKARTA BARAT,TAMAN SARI,GLODOK,114,0,6,0,108,0,0,0,0,0,1,0,0,1,166,3,163,0,0,0,40,2,33,2,3,
3171061004,DKI JAKARTA,JAKARTA PUSAT,MENTENG,GONDANGDIA,64,0,0,1,63,0,0,0,0,0,12,0,0,12,136,5,131,7,0,7,61,1,51,3,6,
3173021001,DKI JAKARTA,JAKARTA BARAT,GROGOL PETAMBURAN,GROGOL,497,3,47,4,443,1,0,0,0,1,45,0,0,45,986,111,875,36,0,36,248,5,215,1,27,
3174051005,DKI JAKARTA,JAKARTA SELATAN,KEBAYORAN LAMA,GROGOL SELATAN,378,6,30,5,337,0,0,0,0,0,12,0,0,12,608,23,585,11,0,11,249,12,201,7,29,
3174051004,DKI JAKARTA,JAKARTA SELATAN,KEBAYORAN LAMA,GROGOL UTARA,402,5,35,4,358,0,0,0,0,0,24,0,0,24,621,27,594,16,0,16,305,12,254,9,30,
3174021007,DKI JAKARTA,JAKARTA SELATAN,SETIA BUDI,GUNTUR,60,0,5,0,55,0,0,0,0,0,1,0,0,1,198,14,184,1,0,1,47,0,40,0,7,
3174071002,DKI JAKARTA,JAKARTA SELATAN,KEBAYORAN BARU,GUNUNG,278,1,35,3,239,0,0,0,0,0,7,0,0,7,356,14,342,0,0,0,118,12,92,2,12,
3171031005,DKI JAKARTA,JAKARTA PUSAT,KEMAYORAN,GUNUNG SAHARI SELATAN,309,3,18,1,287,0,0,0,0,0,4,0,0,4,528,87,441,1,0,1,197,6,145,6,40,
3171021004,DKI JAKARTA,JAKARTA PUSAT,SAWAH BESAR,GUNUNG SAHARI UTARA,279,2,10,1,266,1,0,0,0,1,7,0,0,7,559,56,503,8,0,8,178,4,149,10,15,
3175081004,DKI JAKARTA,JAKARTA TIMUR,MAKASAR,HALIM PERDANA KUSUMAH,252,2,19,2,229,0,0,0,0,0,6,0,1,5,553,49,504,9,0,9,429,34,357,6,32,
3171031003,DKI JAKARTA,JAKARTA PUSAT,KEMAYORAN,HARAPAN MULIA,353,4,16,3,330,1,0,0,0,1,6,0,0,6,569,43,526,30,0,30,253,5,219,9,20,
3174091001,DKI JAKARTA,JAKARTA SELATAN,JAGAKARSA,JAGAKARSA,977,5,50,2,920,8,0,0,0,8,8,0,0,8,1130,96,1034,18,0,18,401,15,348,6,32,
3175021007,DKI JAKARTA,JAKARTA TIMUR,PULO GADUNG,JATI,361,0,13,1,347,0,0,0,0,0,8,0,0,8,935,56,879,36,0,36,261,3,231,5,22,
3174041002,DKI JAKARTA,JAKARTA SELATAN,PASAR MINGGU,JATI PADANG,510,4,40,2,464,0,0,0,0,0,3,0,0,3,653,51,602,68,0,68,207,7,167,5,28,
3173071004,DKI JAKARTA,JAKARTA BARAT,PALMERAH,JATI PULO,527,3,39,4,481,2,1,0,0,1,4,0,0,4,769,47,722,63,0,63,303,11,267,8,17,
3175061001,DKI JAKARTA,JAKARTA TIMUR,CAKUNG,JATINEGARA,669,3,85,3,578,1,0,0,0,1,3,0,0,3,1507,215,1292,43,0,43,548,12,459,8,69,
3175021004,DKI JAKARTA,JAKARTA TIMUR,PULO GADUNG,JATINEGARA KAUM,133,1,15,0,117,1,0,0,1,0,3,0,0,3,385,54,331,11,0,11,110,2,80,5,23,
3173021004,DKI JAKARTA,JAKARTA BARAT,GROGOL PETAMBURAN,JELAMBAR,450,1,59,5,385,2,0,0,0,2,27,0,1,26,793,79,714,12,0,12,231,13,192,6,20,
3173021006,DKI JAKARTA,JAKARTA BARAT,GROGOL PETAMBURAN,JELAMBAR BARU,388,5,32,2,349,2,0,0,0,2,4,0,0,4,644,59,585,20,0,20,200,8,134,5,53,
3173041006,DKI JAKARTA,JAKARTA BARAT,TAMBORA,JEMBATAN BESI,552,7,10,1,534,1,1,0,0,0,5,0,0,5,486,18,468,7,0,7,236,2,208,7,19,
3173041008,DKI JAKARTA,JAKARTA BARAT,TAMBORA,JEMBATAN LIMA,199,2,9,0,188,0,0,0,0,0,1,0,0,1,209,13,196,5,0,5,128,1,106,4,17,
3173081005,DKI JAKARTA,JAKARTA BARAT,KEMBANGAN,JOGLO,469,3,54,4,408,1,0,0,0,1,5,0,0,5,748,55,693,14,0,14,239,8,209,3,19,
3171081001,DKI JAKARTA,JAKARTA PUSAT,JOHAR BARU,JOHAR BARU,673,4,19,3,647,4,1,0,0,3,11,0,0,11,1838,80,1758,97,0,97,494,9,445,18,22,
3173041002,DKI JAKARTA,JAKARTA BARAT,TAMBORA,KALI ANYAR,378,4,11,0,363,1,0,0,0,1,4,0,1,3,352,12,340,14,0,14,190,6,162,5,17,
3172041004,DKI JAKARTA,JAKARTA UTARA,CILINCING,KALI BARU,510,11,42,5,452,0,0,0,0,0,4,0,0,4,657,31,626,43,0,43,343,1,319,8,15,
3174081002,DKI JAKARTA,JAKARTA SELATAN,PANCORAN,KALIBATA,599,6,45,4,544,7,0,0,0,7,11,0,0,11,826,49,777,12,0,12,319,11,267,6,35,
3173061001,DKI JAKARTA,JAKARTA BARAT,KALI DERES,KALIDERES,1098,5,77,4,1012,1,0,0,0,1,6,0,0,6,2245,115,2130,30,0,30,464,18,347,7,92,
3175051004,DKI JAKARTA,JAKARTA TIMUR,PASAR REBO,KALISARI,1057,5,53,0,999,0,0,0,0,0,3,0,0,3,519,51,468,12,0,12,262,7,216,6,33,
3173061004,DKI JAKARTA,JAKARTA BARAT,KALI DERES,KAMAL,330,1,20,3,306,0,0,0,0,0,1,0,0,1,556,39,517,4,0,4,76,1,48,8,19,
3172011002,DKI JAKARTA,JAKARTA UTARA,PENJARINGAN,KAMAL MUARA,96,0,14,0,82,0,0,0,0,0,4,0,0,4,208,5,203,1,0,1,74,2,65,2,5,
3171071007,DKI JAKARTA,JAKARTA PUSAT,TANAH ABANG,KAMPUNG BALI,148,1,2,2,143,1,0,0,0,1,2,0,0,2,322,20,302,2,0,2,79,4,67,4,4,
3175031001,DKI JAKARTA,JAKARTA TIMUR,JATINEGARA,KAMPUNG MELAYU,221,2,21,5,193,2,0,0,0,2,7,0,0,7,334,55,279,4,0,4,237,8,186,4,39,
3171081002,DKI JAKARTA,JAKARTA PUSAT,JOHAR BARU,KAMPUNG RAWA,309,2,11,0,296,1,0,0,0,1,1,0,0,1,771,29,742,66,0,66,266,4,241,13,8,
3175041002,DKI JAKARTA,JAKARTA TIMUR,KRAMAT JATI,KAMPUNG TENGAH,566,5,50,1,510,2,1,0,0,1,9,0,0,9,1190,122,1068,51,0,51,302,9,249,11,33,
3173011005,DKI JAKARTA,JAKARTA BARAT,CENGKARENG,KAPUK,788,6,77,16,689,1,0,0,0,1,12,0,1,11,1538,147,1391,14,0,14,579,18,461,15,85,
3172011003,DKI JAKARTA,JAKARTA UTARA,PENJARINGAN,KAPUK MUARA,245,2,31,0,212,1,0,0,0,1,10,0,0,10,591,55,536,20,0,20,172,10,140,7,15,
3171021002,DKI JAKARTA,JAKARTA PUSAT,SAWAH BESAR,KARANG ANYAR,470,7,23,5,435,1,0,0,0,1,4,0,0,4,873,42,831,10,0,10,201,3,165,7,26,
3174021004,DKI JAKARTA,JAKARTA SELATAN,SETIA BUDI,KARET,138,2,8,0,128,0,0,0,0,0,11,0,0,11,390,14,376,4,0,4,132,4,120,0,8,
3174021003,DKI JAKARTA,JAKARTA SELATAN,SETIA BUDI,KARET KUNINGAN,288,5,16,1,266,0,0,0,0,0,22,0,1,21,409,31,378,4,0,4,208,11,155,4,38,
3174021002,DKI JAKARTA,JAKARTA SELATAN,SETIA BUDI,KARET SEMANGGI,60,0,4,1,55,0,0,0,0,0,3,0,0,3,86,6,80,2,0,2,26,0,22,2,2,
3171071003,DKI JAKARTA,JAKARTA PUSAT,TANAH ABANG,KARET TENGSIN,270,3,13,0,254,0,0,0,0,0,8,0,0,8,745,79,666,2,0,2,147,3,128,4,12,
3171021003,DKI JAKARTA,JAKARTA PUSAT,SAWAH BESAR,KARTINI,325,3,8,1,313,1,0,0,0,1,0,0,0,0,693,28,665,17,0,17,225,1,200,5,19,
3175011003,DKI JAKARTA,JAKARTA TIMUR,MATRAMAN,KAYU MANIS,368,4,14,0,350,3,0,0,0,3,2,0,0,2,707,49,658,29,0,29,224,6,187,5,26,
3175021006,DKI JAKARTA,JAKARTA TIMUR,PULO GADUNG,KAYU PUTIH,480,2,19,4,455,1,0,0,1,0,15,0,0,15,1098,66,1032,45,0,45,340,8,277,9,46,
3173031006,DKI JAKARTA,JAKARTA BARAT,TAMAN SARI,KEAGUNGAN,297,1,9,0,287,0,0,0,0,0,3,0,0,3,496,18,478,10,0,10,179,2,161,1,15,
3174041007,DKI JAKARTA,JAKARTA SELATAN,PASAR MINGGU,KEBAGUSAN,616,15,55,1,545,3,0,0,0,3,3,0,1,2,713,47,666,39,0,39,199,8,168,1,22,
3174051006,DKI JAKARTA,JAKARTA SELATAN,KEBAYORAN LAMA,KEBAYORAN LAMA SELATAN,581,8,57,0,516,5,0,0,0,5,2,0,0,2,780,41,739,14,0,14,288,13,244,6,25,
3174051001,DKI JAKARTA,JAKARTA SELATAN,KEBAYORAN LAMA,KEBAYORAN LAMA UTARA,399,6,32,1,360,1,0,0,0,1,15,0,0,15,508,20,488,4,0,4,204,4,162,4,34,
3174011004,DKI JAKARTA,JAKARTA SELATAN,TEBET,KEBON BARU,403,5,29,2,367,0,0,0,0,0,15,0,0,15,707,46,661,18,0,18,217,7,187,7,16,
3172021005,DKI JAKARTA,JAKARTA UTARA,TANJUNG PRIOK,KEBON BAWANG,732,4,82,1,645,0,0,0,0,0,15,0,0,15,1252,138,1114,82,0,82,413,8,376,3,26,
3173051001,DKI JAKARTA,JAKARTA BARAT,KEBON JERUK,KEBON JERUK,783,3,83,6,691,2,0,0,0,2,13,0,0,13,1930,125,1805,60,0,60,644,20,570,18,36,
3171071006,DKI JAKARTA,JAKARTA PUSAT,TANAH ABANG,KEBON KACANG,450,0,13,1,436,1,0,0,0,1,0,0,0,0,557,25,532,6,0,6,295,5,266,11,13,
3171011005,DKI JAKARTA,JAKARTA PUSAT,GAMBIR,KEBON KELAPA,152,0,8,1,143,3,0,0,0,3,4,0,0,4,304,38,266,3,0,3,96,0,86,1,9,
3171031002,DKI JAKARTA,JAKARTA PUSAT,KEMAYORAN,KEBON KOSONG,367,0,16,5,346,0,0,0,0,0,8,0,0,8,514,68,446,31,0,31,244,7,216,7,14,
3175011005,DKI JAKARTA,JAKARTA TIMUR,MATRAMAN,KEBON MANGGIS,190,0,5,4,181,0,0,0,0,0,2,0,0,2,275,25,250,23,0,23,155,2,135,3,15,
3171071005,DKI JAKARTA,JAKARTA PUSAT,TANAH ABANG,KEBON MELATI,507,3,25,3,476,1,1,0,0,0,5,0,0,5,983,56,927,10,0,10,480,9,439,9,23,
3175081003,DKI JAKARTA,JAKARTA TIMUR,MAKASAR,KEBON PALA,361,7,39,1,314,1,0,0,0,1,5,0,0,5,977,88,889,16,0,16,344,14,273,5,52,
3171061005,DKI JAKARTA,JAKARTA PUSAT,MENTENG,KEBON SIRIH,165,0,10,2,153,0,0,0,0,0,4,0,0,4,308,15,293,14,0,14,137,1,127,2,7,
3173011004,DKI JAKARTA,JAKARTA BARAT,CENGKARENG,KEDAUNG KALI ANGKE,469,2,28,0,439,0,0,0,0,0,1,0,0,1,596,58,538,6,0,6,302,4,268,3,27,
3173051007,DKI JAKARTA,JAKARTA BARAT,KEBON JERUK,KEDOYA SELATAN,408,3,61,5,339,2,0,0,0,2,8,0,0,8,687,53,634,21,0,21,215,7,183,7,18,
3173051006,DKI JAKARTA,JAKARTA BARAT,KEBON JERUK,KEDOYA UTARA,413,4,44,2,363,1,0,0,0,1,15,0,0,15,928,94,834,21,0,21,292,13,240,7,32,
3173051004,DKI JAKARTA,JAKARTA BARAT,KEBON JERUK,KELAPA DUA,312,0,41,0,271,0,0,0,0,0,5,0,0,5,681,103,578,22,0,22,187,14,138,3,32,
3175091003,DKI JAKARTA,JAKARTA TIMUR,CIRACAS,KELAPA DUA WETAN,610,17,38,1,554,1,0,0,0,1,8,0,0,8,1116,54,1062,36,0,36,228,12,188,2,26,
3172061003,DKI JAKARTA,JAKARTA UTARA,KELAPA GADING,KELAPA GADING BARAT,889,4,57,3,825,2,0,0,0,2,48,0,1,47,1276,50,1226,133,0,133,400,5,346,5,44,
3172061001,DKI JAKARTA,JAKARTA UTARA,KELAPA GADING,KELAPA GADING TIMUR,711,2,30,2,677,2,0,0,0,2,22,0,1,21,1269,51,1218,95,0,95,304,5,255,9,35,
3173071005,DKI JAKARTA,JAKARTA BARAT,PALMERAH,KEMANGGISAN,621,2,53,6,560,0,0,0,0,0,8,0,0,8,923,51,872,50,0,50,318,11,270,11,26,
3171031001,DKI JAKARTA,JAKARTA PUSAT,KEMAYORAN,KEMAYORAN,396,7,25,3,361,0,0,0,0,0,3,0,1,2,580,43,537,25,0,25,331,6,301,10,14,
3173081006,DKI JAKARTA,JAKARTA BARAT,KEMBANGAN,KEMBANGAN SELATAN,278,3,30,1,244,0,0,0,0,0,8,0,0,8,606,59,547,52,0,52,202,8,173,4,17,
3173081001,DKI JAKARTA,JAKARTA BARAT,KEMBANGAN,KEMBANGAN UTARA,635,2,82,3,548,4,0,0,1,3,3,0,0,3,1538,74,1464,11,0,11,313,9,269,6,29,
3171041002,DKI JAKARTA,JAKARTA PUSAT,SENEN,KENARI,234,5,8,1,220,1,0,0,0,1,8,0,0,8,529,27,502,46,0,46,177,0,164,3,10,
3173041005,DKI JAKARTA,JAKARTA BARAT,TAMBORA,KERENDANG,271,1,14,2,254,1,0,0,0,1,0,0,0,0,221,11,210,9,0,9,133,2,116,8,7,
3175071003,DKI JAKARTA,JAKARTA TIMUR,DUREN SAWIT,KLENDER,642,7,17,2,616,4,0,0,0,4,5,0,0,5,1067,105,962,30,0,30,420,16,342,17,45,
3172031001,DKI JAKARTA,JAKARTA UTARA,KOJA,KOJA,310,3,18,0,289,0,0,0,0,0,4,0,0,4,447,23,424,40,0,40,333,0,275,9,49,
3173071006,DKI JAKARTA,JAKARTA BARAT,PALMERAH,KOTA BAMBU SELATAN,501,1,33,5,462,0,0,0,0,0,1,0,0,1,871,40,831,72,0,72,271,16,234,5,16,
3173071003,DKI JAKARTA,JAKARTA BARAT,PALMERAH,KOTA BAMBU UTARA,412,0,19,11,382,1,0,0,0,1,3,0,0,3,579,24,555,54,0,54,237,8,203,9,17,
3171041004,DKI JAKARTA,JAKARTA PUSAT,SENEN,KRAMAT,410,6,21,6,377,0,0,0,0,0,8,0,0,8,947,67,880,34,0,34,294,10,250,11,23,
3175041001,DKI JAKARTA,JAKARTA TIMUR,KRAMAT JATI,KRAMAT JATI,433,6,46,1,380,1,1,0,0,0,12,0,0,12,909,86,823,22,0,22,368,20,303,11,34,
3174071003,DKI JAKARTA,JAKARTA SELATAN,KEBAYORAN BARU,KRAMAT PELA,264,2,18,0,244,0,0,0,0,0,0,0,0,0,502,9,493,6,0,6,149,6,127,1,15,
3173031002,DKI JAKARTA,JAKARTA BARAT,TAMAN SARI,KRUKUT,279,3,8,6,262,1,0,0,0,1,3,0,0,3,463,38,425,12,0,12,182,5,159,4,14,
3174031005,DKI JAKARTA,JAKARTA SELATAN,MAMPANG PRAPATAN,KUNINGAN BARAT,137,3,16,1,117,1,1,0,0,0,0,0,0,0,476,23,453,5,0,5,136,3,107,2,24,
3174021008,DKI JAKARTA,JAKARTA SELATAN,SETIA BUDI,KUNINGAN TIMUR,134,1,16,1,116,1,0,0,0,1,20,0,0,20,210,36,174,1,0,1,117,0,88,2,27,
3171041005,DKI JAKARTA,JAKARTA PUSAT,SENEN,KWITANG,237,1,12,0,224,3,1,0,0,2,7,0,0,7,480,48,432,10,0,10,124,4,107,5,8,
3172031003,DKI JAKARTA,JAKARTA UTARA,KOJA,LAGOA,639,5,55,1,578,1,1,0,0,0,5,0,0,5,702,34,668,70,0,70,657,5,577,13,62,
3174061002,DKI JAKARTA,JAKARTA SELATAN,CILANDAK,LEBAK BULUS,433,4,38,2,389,3,0,0,0,3,27,0,0,27,1036,65,971,22,0,22,443,1,416,9,17,
3174091004,DKI JAKARTA,JAKARTA SELATAN,JAGAKARSA,LENTENG AGUNG,802,3,53,0,746,3,0,0,0,3,6,0,0,6,741,90,651,15,0,15,241,9,201,2,29,
LUAR DKI JAKARTA,LUAR DKI JAKARTA,LUAR DKI JAKARTA,LUAR DKI JAKARTA,LUAR DKI JAKARTA,39286,492,3087,98,35609,85,9,0,0,76,647,0,11,636,60486,6525,53961,1989,0,1989,8078,370,7018,130,560,
3175101007,DKI JAKARTA,JAKARTA TIMUR,CIPAYUNG,LUBANG BUAYA,831,15,78,3,735,2,0,0,0,2,10,0,0,10,804,79,725,31,0,31,408,17,322,2,67,
3175081001,DKI JAKARTA,JAKARTA TIMUR,MAKASAR,MAKASAR,369,2,56,1,310,0,0,0,0,0,8,0,0,8,1232,180,1052,23,0,23,292,14,238,3,37,
3175071006,DKI JAKARTA,JAKARTA TIMUR,DUREN SAWIT,MALAKA JAYA,346,6,11,2,327,1,0,0,0,1,2,0,0,2,624,48,576,16,0,16,234,5,206,4,19,
3175071005,DKI JAKARTA,JAKARTA TIMUR,DUREN SAWIT,MALAKA SARI,314,0,15,1,298,0,0,0,0,0,1,0,0,1,559,50,509,15,0,15,205,5,179,4,17,
3174031001,DKI JAKARTA,JAKARTA SELATAN,MAMPANG PRAPATAN,MAMPANG PRAPATAN,322,4,19,2,297,1,0,0,0,1,0,0,0,0,1022,48,974,10,0,10,305,5,268,8,24,
3173031005,DKI JAKARTA,JAKARTA BARAT,TAMAN SARI,MANGGA BESAR,149,2,12,1,134,1,0,0,0,1,0,0,0,0,184,25,159,6,0,6,72,3,55,4,10,
3171021005,DKI JAKARTA,JAKARTA PUSAT,SAWAH BESAR,MANGGA DUA SELATAN,406,2,20,1,383,3,0,0,0,3,1,0,0,1,837,62,775,12,0,12,243,6,204,5,28,
3174011007,DKI JAKARTA,JAKARTA SELATAN,TEBET,MANGGARAI,423,7,21,0,395,4,0,0,0,4,4,0,0,4,550,47,503,23,0,23,229,8,183,2,36,
3174011006,DKI JAKARTA,JAKARTA SELATAN,TEBET,MANGGARAI SELATAN,293,6,25,2,260,0,0,0,0,0,6,0,0,6,482,31,451,21,0,21,135,4,106,7,18,
3173031003,DKI JAKARTA,JAKARTA BARAT,TAMAN SARI,MAPHAR,225,1,17,1,206,0,0,0,0,0,6,0,0,6,386,14,372,39,0,39,202,2,188,2,10,
3172041003,DKI JAKARTA,JAKARTA UTARA,CILINCING,MARUNDA,282,3,14,0,265,3,0,0,0,3,0,0,0,0,357,12,345,14,0,14,126,3,93,1,29,
3174071001,DKI JAKARTA,JAKARTA SELATAN,KEBAYORAN BARU,MELAWAI,69,1,6,0,62,0,0,0,0,0,1,0,0,1,82,5,77,0,0,0,17,1,15,1,0,
3171061001,DKI JAKARTA,JAKARTA PUSAT,MENTENG,MENTENG,444,4,35,2,403,2,0,0,0,2,4,0,0,4,770,44,726,27,0,27,279,2,247,10,20,
3174021005,DKI JAKARTA,JAKARTA SELATAN,SETIA BUDI,MENTENG ATAS,379,6,36,3,334,2,0,0,0,2,55,0,1,54,1354,103,1251,37,0,37,293,6,237,7,43,
3174011003,DKI JAKARTA,JAKARTA SELATAN,TEBET,MENTENG DALAM,601,4,39,4,554,4,0,0,0,4,13,0,0,13,741,45,696,39,0,39,231,11,191,8,21,
3173081003,DKI JAKARTA,JAKARTA BARAT,KEMBANGAN,MERUYA SELATAN,385,4,36,1,344,1,1,0,0,0,5,0,0,5,792,56,736,17,0,17,223,5,189,3,26,
3173081002,DKI JAKARTA,JAKARTA BARAT,KEMBANGAN,MERUYA UTARA,577,4,47,6,520,1,0,0,1,0,7,0,0,7,988,74,914,10,0,10,284,14,214,3,53,
3175101004,DKI JAKARTA,JAKARTA TIMUR,CIPAYUNG,MUNJUL,289,8,23,0,258,0,0,0,0,0,3,0,0,3,351,21,330,24,0,24,107,3,92,1,11,
3172051002,DKI JAKARTA,JAKARTA UTARA,PADEMANGAN,PADEMANGAN BARAT,1839,9,91,5,1734,5,0,0,0,5,15,0,0,15,2451,58,2393,35,0,35,731,7,649,23,52,
3172051001,DKI JAKARTA,JAKARTA UTARA,PADEMANGAN,PADEMANGAN TIMUR,637,8,46,3,580,2,0,0,0,2,13,0,0,13,890,40,850,17,0,17,290,5,251,5,29,
3175011004,DKI JAKARTA,JAKARTA TIMUR,MATRAMAN,PAL MERIAM,259,3,9,2,245,2,0,0,0,2,3,0,0,3,646,35,611,58,0,58,237,6,186,6,39,
3173071001,DKI JAKARTA,JAKARTA BARAT,PALMERAH,PALMERAH,1250,3,108,2,1137,0,0,0,0,0,2,0,0,2,1903,123,1780,78,0,78,538,20,447,21,50,
3174081001,DKI JAKARTA,JAKARTA SELATAN,PANCORAN,PANCORAN,410,4,32,0,374,1,0,0,0,1,9,0,0,9,593,22,571,7,0,7,257,10,214,4,29,
3172021003,DKI JAKARTA,JAKARTA UTARA,TANJUNG PRIOK,PAPANGGO,475,2,64,0,409,1,0,0,0,1,7,0,0,7,865,60,805,57,0,57,288,8,258,2,20,
3171021001,DKI JAKARTA,JAKARTA PUSAT,SAWAH BESAR,PASAR BARU,235,2,6,2,225,2,0,0,0,2,8,0,0,8,471,16,455,11,0,11,174,6,154,1,13,
3174021006,DKI JAKARTA,JAKARTA SELATAN,SETIA BUDI,PASAR MANGGIS,253,1,26,3,223,4,0,0,0,4,28,0,0,28,969,60,909,17,0,17,245,6,195,8,36,
3174041001,DKI JAKARTA,JAKARTA SELATAN,PASAR MINGGU,PASAR MINGGU,429,2,27,1,399,3,0,0,0,3,7,0,0,7,619,49,570,20,0,20,241,13,205,6,17,
3171041003,DKI JAKARTA,JAKARTA PUSAT,SENEN,PASEBAN,560,6,23,1,530,3,0,0,0,3,19,0,1,18,1027,94,933,61,0,61,314,3,262,9,40,
3173061005,DKI JAKARTA,JAKARTA BARAT,KALI DERES,PEGADUNGAN,723,4,36,7,676,0,0,0,0,0,10,0,0,10,1523,111,1412,18,0,18,284,6,241,7,30,
3171061002,DKI JAKARTA,JAKARTA PUSAT,MENTENG,PEGANGSAAN,386,2,29,2,353,2,0,0,0,2,3,0,0,3,885,29,856,51,0,51,363,2,346,4,11,
3172061002,DKI JAKARTA,JAKARTA UTARA,KELAPA GADING,PEGANGSAAN DUA,856,7,70,1,778,2,0,0,0,2,42,0,1,41,1782,197,1585,163,0,163,468,6,381,11,70,
3172011004,DKI JAKARTA,JAKARTA UTARA,PENJARINGAN,PEJAGALAN,594,0,38,2,554,3,0,0,0,3,8,0,0,8,1016,98,918,31,0,31,328,8,253,6,61,
3174041006,DKI JAKARTA,JAKARTA SELATAN,PASAR MINGGU,PEJATEN BARAT,501,6,48,2,445,8,0,0,0,8,2,0,0,2,722,58,664,74,0,74,231,4,210,2,15,
3174041005,DKI JAKARTA,JAKARTA SELATAN,PASAR MINGGU,PEJATEN TIMUR,530,5,46,1,478,4,0,0,0,4,3,0,0,3,688,69,619,40,0,40,252,12,198,12,30,
3175051005,DKI JAKARTA,JAKARTA TIMUR,PASAR REBO,PEKAYON,885,7,66,1,811,2,0,0,0,2,3,0,0,3,371,48,323,13,0,13,229,8,178,3,40,
3173041009,DKI JAKARTA,JAKARTA BARAT,TAMBORA,PEKOJAN,304,3,14,2,285,0,0,0,0,0,3,0,0,3,264,11,253,18,0,18,140,5,109,4,22,
3174031003,DKI JAKARTA,JAKARTA SELATAN,MAMPANG PRAPATAN,PELA MAMPANG,405,3,31,2,369,4,0,0,0,4,15,0,0,15,1503,101,1402,6,0,6,336,4,274,6,52,
3174081005,DKI JAKARTA,JAKARTA SELATAN,PANCORAN,PENGADEGAN,215,1,11,2,201,0,0,0,0,0,8,0,0,8,408,30,378,10,0,10,112,3,100,1,8,
3175061003,DKI JAKARTA,JAKARTA TIMUR,CAKUNG,PENGGILINGAN,765,2,151,1,611,2,0,0,0,2,10,0,2,8,1868,307,1561,77,0,77,587,10,507,12,58,
3172011001,DKI JAKARTA,JAKARTA UTARA,PENJARINGAN,PENJARINGAN,1175,8,103,4,1060,2,0,0,0,2,24,0,1,23,2972,112,2860,120,0,120,675,6,568,16,85,
3174101001,DKI JAKARTA,JAKARTA SELATAN,PESANGGRAHAN,PESANGGRAHAN,453,3,33,4,413,2,0,0,1,1,0,0,0,0,941,119,822,19,0,19,177,5,145,3,24,
3171071004,DKI JAKARTA,JAKARTA PUSAT,TANAH ABANG,PETAMBURAN,590,2,27,7,554,0,0,0,0,0,7,0,0,7,931,51,880,12,0,12,426,11,393,13,9,
3174071008,DKI JAKARTA,JAKARTA SELATAN,KEBAYORAN BARU,PETOGOGAN,226,3,40,0,183,0,0,0,0,0,3,0,0,3,277,15,262,1,0,1,81,4,66,0,11,
3171011004,DKI JAKARTA,JAKARTA PUSAT,GAMBIR,PETOJO SELATAN,244,3,12,1,228,0,0,0,0,0,28,0,0,28,774,50,724,15,0,15,278,8,249,8,13,
3171011003,DKI JAKARTA,JAKARTA PUSAT,GAMBIR,PETOJO UTARA,202,0,8,3,191,1,0,0,0,1,12,0,0,12,404,24,380,25,0,25,158,3,140,3,12,
3174101004,DKI JAKARTA,JAKARTA SELATAN,PESANGGRAHAN,PETUKANGAN SELATAN,465,9,44,2,410,1,1,0,0,0,2,0,0,2,944,109,835,8,0,8,223,9,164,4,46,
3174101003,DKI JAKARTA,JAKARTA SELATAN,PESANGGRAHAN,PETUKANGAN UTARA,547,3,28,4,512,3,1,0,0,2,6,0,0,6,1675,66,1609,9,0,9,324,4,277,2,41,
3175081002,DKI JAKARTA,JAKARTA TIMUR,MAKASAR,PINANG RANTI,265,9,23,1,232,0,0,0,0,0,2,0,0,2,714,63,651,28,0,28,177,4,136,5,32,
3173031008,DKI JAKARTA,JAKARTA BARAT,TAMAN SARI,PINANGSIA,147,1,13,1,132,0,0,0,0,0,2,0,0,2,246,19,227,3,0,3,108,4,98,0,6,
3175011001,DKI JAKARTA,JAKARTA TIMUR,MATRAMAN,PISANGAN BARU,375,4,22,3,346,1,0,0,0,1,5,0,1,4,511,61,450,34,0,34,206,5,165,8,28,
3175021002,DKI JAKARTA,JAKARTA TIMUR,PULO GADUNG,PISANGAN TIMUR,366,2,28,4,332,1,0,0,0,1,10,0,0,10,798,79,719,30,0,30,240,5,196,5,34,
3172011005,DKI JAKARTA,JAKARTA UTARA,PENJARINGAN,PLUIT,445,4,61,4,376,0,0,0,0,0,13,0,1,12,1311,79,1232,17,0,17,261,10,207,9,35,
3175071002,DKI JAKARTA,JAKARTA TIMUR,DUREN SAWIT,PONDOK BAMBU,984,8,29,1,946,5,0,0,0,5,3,0,0,3,1139,105,1034,31,0,31,430,13,368,7,42,
3175071004,DKI JAKARTA,JAKARTA TIMUR,DUREN SAWIT,PONDOK KELAPA,714,7,28,0,679,0,0,0,0,0,11,0,0,11,1227,106,1121,22,0,22,395,9,334,11,41,
3175071007,DKI JAKARTA,JAKARTA TIMUR,DUREN SAWIT,PONDOK KOPI,460,2,28,1,429,0,0,0,0,0,2,0,0,2,505,41,464,13,0,13,254,6,210,13,25,
3174061003,DKI JAKARTA,JAKARTA SELATAN,CILANDAK,PONDOK LABU,544,12,67,1,464,6,0,0,0,6,73,0,0,73,1166,129,1037,37,0,37,219,2,184,3,30,
3174051002,DKI JAKARTA,JAKARTA SELATAN,KEBAYORAN LAMA,PONDOK PINANG,618,7,53,4,554,0,0,0,0,0,44,0,0,44,872,42,830,11,0,11,327,8,261,9,49,
3175101003,DKI JAKARTA,JAKARTA TIMUR,CIPAYUNG,PONDOK RANGGON,292,2,13,3,274,0,0,0,0,0,3,0,0,3,443,53,390,21,0,21,182,7,152,1,22,
PROSES UPDATE DATA,PROSES UPDATE DATA,PROSES UPDATE DATA,PROSES UPDATE DATA,PROSES UPDATE DATA,14387,228,566,1696,11897,3296,1,0,3290,5,111,0,2,109,20186,3178,17008,86,1,85,24369,926,21139,457,1847,
3101011003,DKI JAKARTA,KAB.ADM.KEP.SERIBU,KEP. SERIBU UTARA,PULAU HARAPAN,65,0,3,0,62,0,0,0,0,0,0,0,0,0,77,13,64,0,0,0,6,0,4,0,2,
3101011002,DKI JAKARTA,KAB.ADM.KEP.SERIBU,KEP. SERIBU UTARA,PULAU KELAPA,80,0,18,1,61,0,0,0,0,0,3,0,0,3,181,26,155,1,0,1,8,0,7,0,1,
3101011001,DKI JAKARTA,KAB.ADM.KEP.SERIBU,KEP. SERIBU UTARA,PULAU PANGGANG,172,9,29,1,133,0,0,0,0,0,0,0,0,0,178,7,171,4,0,4,29,0,25,0,4,
3101021003,DKI JAKARTA,KAB.ADM.KEP.SERIBU,KEP. SERIBU SELATAN,PULAU PARI,12,0,3,0,9,0,0,0,0,0,0,0,0,0,175,0,175,1,0,1,5,0,5,0,0,
3101021002,DKI JAKARTA,KAB.ADM.KEP.SERIBU,KEP. SERIBU SELATAN,PULAU TIDUNG,38,0,0,0,38,1,0,0,1,0,0,0,0,0,384,6,378,1,0,1,37,0,36,0,1,
3101021001,DKI JAKARTA,KAB.ADM.KEP.SERIBU,KEP. SERIBU SELATAN,PULAU UNTUNG JAWA,25,0,0,0,25,0,0,0,0,0,0,0,0,0,109,0,109,0,0,0,5,0,5,0,0,
3174071007,DKI JAKARTA,JAKARTA SELATAN,KEBAYORAN BARU,PULO,297,1,14,1,281,1,0,0,0,1,1,0,0,1,220,4,216,0,0,0,56,0,48,0,8,
3175021001,DKI JAKARTA,JAKARTA TIMUR,PULO GADUNG,PULO GADUNG,406,4,17,2,383,0,0,0,0,0,11,0,0,11,914,69,845,34,0,34,278,4,243,6,25,
3175061005,DKI JAKARTA,JAKARTA TIMUR,CAKUNG,PULO GEBANG,590,4,50,2,534,1,0,0,0,1,9,0,0,9,1431,129,1302,64,0,64,422,6,342,12,62,
3174041004,DKI JAKARTA,JAKARTA SELATAN,PASAR MINGGU,RAGUNAN,772,3,91,2,676,1,0,0,0,1,2,0,0,2,748,71,677,25,0,25,222,9,182,5,26,
3175091005,DKI JAKARTA,JAKARTA TIMUR,CIRACAS,RAMBUTAN,453,5,16,1,431,2,0,0,0,2,12,0,0,12,739,39,700,29,0,29,192,12,159,3,18,
3172031006,DKI JAKARTA,JAKARTA UTARA,KOJA,RAWA BADAK SELATAN,496,3,36,2,455,2,0,0,0,2,2,0,0,2,578,30,548,49,0,49,318,2,289,5,22,
3172031004,DKI JAKARTA,JAKARTA UTARA,KOJA,RAWA BADAK UTARA,481,2,53,1,425,0,0,0,0,0,2,0,0,2,524,26,498,79,0,79,247,2,224,4,17,
3174071005,DKI JAKARTA,JAKARTA SELATAN,KEBAYORAN BARU,RAWA BARAT,101,1,5,2,93,0,0,0,0,0,2,0,0,2,162,6,156,0,0,0,35,1,23,1,10,
3173011003,DKI JAKARTA,JAKARTA BARAT,CENGKARENG,RAWA BUAYA,387,6,43,2,336,1,0,0,0,1,6,0,0,6,807,73,734,6,0,6,320,13,260,11,36,
3175031004,DKI JAKARTA,JAKARTA TIMUR,JATINEGARA,RAWA BUNGA,156,2,2,1,151,0,0,0,0,0,1,0,0,1,293,37,256,15,0,15,140,3,116,3,18,
3174081003,DKI JAKARTA,JAKARTA SELATAN,PANCORAN,RAWA JATI,305,2,20,0,283,2,0,0,0,2,11,0,0,11,508,41,467,7,0,7,105,3,91,0,11,
3175061002,DKI JAKARTA,JAKARTA TIMUR,CAKUNG,RAWA TERATE,152,0,21,0,131,0,0,0,0,0,2,0,0,2,383,31,352,6,0,6,178,4,151,1,22,
3175021005,DKI JAKARTA,JAKARTA TIMUR,PULO GADUNG,RAWAMANGUN,359,7,20,0,332,1,0,0,0,1,7,0,0,7,892,63,829,31,0,31,294,3,257,9,25,
3171051003,DKI JAKARTA,JAKARTA PUSAT,CEMPAKA PUTIH,RAWASARI,722,4,26,2,690,3,0,0,1,2,10,0,0,10,1327,73,1254,33,0,33,424,5,397,5,17,
3173041010,DKI JAKARTA,JAKARTA BARAT,TAMBORA,ROA MALAKA,38,0,3,0,35,1,0,0,0,1,0,0,0,0,45,2,43,1,0,1,14,0,14,0,0,
3172041006,DKI JAKARTA,JAKARTA UTARA,CILINCING,ROROTAN,405,2,33,2,368,0,0,0,0,0,4,0,0,4,634,29,605,75,0,75,178,1,145,2,30,
3174071004,DKI JAKARTA,JAKARTA SELATAN,KEBAYORAN BARU,SELONG,89,0,11,0,78,0,0,0,0,0,3,0,0,3,128,2,126,3,0,3,24,0,22,1,1,
3173061002,DKI JAKARTA,JAKARTA BARAT,KALI DERES,SEMANAN,551,5,52,3,491,1,0,0,0,1,3,0,0,3,1114,78,1036,8,0,8,212,5,165,2,40,
3172041007,DKI JAKARTA,JAKARTA UTARA,CILINCING,SEMPER BARAT,799,11,77,1,710,3,0,0,0,3,12,0,0,12,1193,88,1105,103,0,103,473,6,417,10,40,
3172041005,DKI JAKARTA,JAKARTA UTARA,CILINCING,SEMPER TIMUR,437,9,23,1,404,1,0,0,0,1,4,0,0,4,680,18,662,48,0,48,241,4,206,4,27,
3174071006,DKI JAKARTA,JAKARTA SELATAN,KEBAYORAN BARU,SENAYAN,351,5,95,0,251,0,0,0,0,0,10,0,0,10,632,280,352,0,0,0,193,4,124,0,65,
3171041001,DKI JAKARTA,JAKARTA PUSAT,SENEN,SENEN,194,2,5,0,187,1,0,0,0,1,8,0,1,7,687,19,668,26,0,26,154,1,148,3,2,
3171031004,DKI JAKARTA,JAKARTA PUSAT,KEMAYORAN,SERDANG,459,5,33,2,419,0,0,0,0,0,5,0,0,5,759,82,677,30,0,30,278,7,234,6,31,
3174021001,DKI JAKARTA,JAKARTA SELATAN,SETIA BUDI,SETIA BUDI,99,0,8,0,91,0,0,0,0,0,4,0,0,4,353,25,328,6,0,6,46,4,29,0,13,
3175101005,DKI JAKARTA,JAKARTA TIMUR,CIPAYUNG,SETU,271,2,9,0,260,2,0,0,0,2,2,0,0,2,438,47,391,14,0,14,119,3,99,1,16,
3173071002,DKI JAKARTA,JAKARTA BARAT,PALMERAH,SLIPI,551,3,24,2,522,0,0,0,0,0,2,0,0,2,1012,59,953,40,0,40,305,11,279,3,12,
3173081004,DKI JAKARTA,JAKARTA BARAT,KEMBANGAN,SRENGSENG,567,2,59,3,503,1,0,0,0,1,6,0,0,6,1295,124,1171,25,0,25,315,14,270,4,27,
3174091002,DKI JAKARTA,JAKARTA SELATAN,JAGAKARSA,SRENGSENG SAWAH,866,12,50,0,804,8,0,0,0,8,11,0,0,11,955,118,837,26,0,26,239,4,206,8,21,
3173051003,DKI JAKARTA,JAKARTA BARAT,KEBON JERUK,SUKABUMI SELATAN,316,7,26,4,279,1,0,0,0,1,1,0,0,1,713,68,645,24,0,24,213,12,168,5,28,
3173051002,DKI JAKARTA,JAKARTA BARAT,KEBON JERUK,SUKABUMI UTARA,351,1,44,3,303,0,0,0,0,0,19,0,0,19,774,94,680,45,0,45,248,5,185,7,51,
3172041002,DKI JAKARTA,JAKARTA UTARA,CILINCING,SUKAPURA,631,7,56,2,566,0,0,0,0,0,6,0,0,6,922,52,870,93,0,93,338,2,306,6,24,
3171031007,DKI JAKARTA,JAKARTA PUSAT,KEMAYORAN,SUMUR BATU,424,6,22,1,395,1,0,0,0,1,5,0,0,5,567,42,525,29,0,29,228,2,206,3,17,
3172021004,DKI JAKARTA,JAKARTA UTARA,TANJUNG PRIOK,SUNGAI BAMBU,389,1,60,0,328,0,0,0,0,0,7,0,0,7,672,79,593,34,0,34,221,1,179,5,36,
3172021006,DKI JAKARTA,JAKARTA UTARA,TANJUNG PRIOK,SUNTER AGUNG,979,7,84,1,887,3,0,0,0,3,22,0,0,22,2007,165,1842,76,0,76,614,12,527,16,59,
3172021002,DKI JAKARTA,JAKARTA UTARA,TANJUNG PRIOK,SUNTER JAYA,927,6,111,6,804,1,0,0,0,1,10,0,0,10,1749,227,1522,167,0,167,580,9,489,19,63,
3175091004,DKI JAKARTA,JAKARTA TIMUR,CIRACAS,SUSUKAN,538,17,55,1,465,0,0,0,0,0,17,0,0,17,1306,55,1251,69,0,69,193,8,146,7,32,
3173031001,DKI JAKARTA,JAKARTA BARAT,TAMAN SARI,TAMAN SARI,280,2,13,0,265,2,0,0,0,2,1,0,0,1,421,37,384,16,0,16,187,6,159,4,18,
3173041001,DKI JAKARTA,JAKARTA BARAT,TAMBORA,TAMBORA,204,0,12,3,189,0,0,0,0,0,1,0,0,1,306,22,284,3,0,3,95,4,74,3,14,
3173041004,DKI JAKARTA,JAKARTA BARAT,TAMBORA,TANAH SEREAL,295,6,5,2,282,1,0,0,0,1,4,0,0,4,274,22,252,5,0,5,163,8,142,7,6,
3171081004,DKI JAKARTA,JAKARTA PUSAT,JOHAR BARU,TANAH TINGGI,476,4,16,3,453,4,0,0,0,4,6,0,0,6,1078,58,1020,35,0,35,396,9,356,16,15,
3173031004,DKI JAKARTA,JAKARTA BARAT,TAMAN SARI,TANGKI,245,4,7,1,233,1,0,0,0,1,3,0,0,3,310,23,287,2,0,2,126,3,107,1,15,
3174091005,DKI JAKARTA,JAKARTA SELATAN,JAGAKARSA,TANJUNG BARAT,695,3,53,1,638,1,0,0,0,1,2,0,0,2,597,47,550,11,0,11,256,2,224,6,24,
3173021005,DKI JAKARTA,JAKARTA BARAT,GROGOL PETAMBURAN,TANJUNG DUREN SELATAN,423,2,29,1,391,0,0,0,0,0,19,0,0,19,689,62,627,19,0,19,300,7,255,8,30,
3173021002,DKI JAKARTA,JAKARTA BARAT,GROGOL PETAMBURAN,TANJUNG DUREN UTARA,281,0,20,0,261,2,1,0,0,1,20,0,0,20,584,94,490,18,0,18,177,16,126,8,27,
3172021001,DKI JAKARTA,JAKARTA UTARA,TANJUNG PRIOK,TANJUNG PRIOK,535,2,53,6,474,0,0,0,0,0,11,0,0,11,783,56,727,67,0,67,359,5,313,9,32,
3174011002,DKI JAKARTA,JAKARTA SELATAN,TEBET,TEBET BARAT,472,10,24,0,438,2,0,0,0,2,8,0,0,8,649,41,608,23,0,23,313,4,274,7,28,
3174011001,DKI JAKARTA,JAKARTA SELATAN,TEBET,TEBET TIMUR,386,2,20,2,362,0,0,0,0,0,6,0,0,6,545,29,516,33,0,33,193,6,172,4,11,
3173061003,DKI JAKARTA,JAKARTA BARAT,KALI DERES,TEGAL ALUR,689,2,34,6,647,0,0,0,0,0,7,0,0,7,1241,80,1161,13,0,13,220,1,174,3,42,
3174031004,DKI JAKARTA,JAKARTA SELATAN,MAMPANG PRAPATAN,TEGAL PARANG,343,2,31,3,307,5,0,0,1,4,4,0,0,4,1023,80,943,12,0,12,297,5,254,5,33,
3173021003,DKI JAKARTA,JAKARTA BARAT,GROGOL PETAMBURAN,TOMANG,467,5,44,2,416,0,0,0,0,0,15,0,0,15,760,77,683,77,0,77,293,8,240,8,37,
3172031005,DKI JAKARTA,JAKARTA UTARA,KOJA,TUGU SELATAN,439,6,36,1,396,0,0,0,0,0,2,0,0,2,466,29,437,71,0,71,282,4,231,7,40,
3172031002,DKI JAKARTA,JAKARTA UTARA,KOJA,TUGU UTARA,898,6,53,0,839,3,0,0,0,3,7,0,0,7,863,47,816,88,0,88,447,4,367,13,63,
3175061006,DKI JAKARTA,JAKARTA TIMUR,CAKUNG,UJUNG MENTENG,171,0,15,2,154,1,0,0,0,1,1,0,0,1,469,33,436,19,0,19,131,1,117,3,10,
3174101005,DKI JAKARTA,JAKARTA SELATAN,PESANGGRAHAN,ULUJAMI,563,5,32,2,524,0,0,0,0,0,0,0,0,0,1212,71,1141,26,0,26,257,9,209,5,34,
3175011006,DKI JAKARTA,JAKARTA TIMUR,MATRAMAN,UTAN KAYU SELATAN,501,4,15,8,474,2,0,0,0,2,7,0,0,7,826,31,795,89,0,89,272,3,239,8,22,
3175011002,DKI JAKARTA,JAKARTA TIMUR,MATRAMAN,UTAN KAYU UTARA,411,3,12,0,396,2,0,0,0,2,4,0,0,4,664,38,626,45,0,45,216,5,176,12,23,
3171031008,DKI JAKARTA,JAKARTA PUSAT,KEMAYORAN,UTAN PANJANG,398,7,29,2,360,0,0,0,0,0,4,0,0,4,609,84,525,27,0,27,291,5,248,8,30,
3172021007,DKI JAKARTA,JAKARTA UTARA,TANJUNG PRIOK,WARAKAS,543,4,78,2,459,0,0,0,0,0,11,0,0,11,985,94,891,54,0,54,314,7,248,8,51,
3173021007,DKI JAKARTA,JAKARTA BARAT,GROGOL PETAMBURAN,WIJAYA KUSUMA,396,2,30,2,362,1,0,0,0,1,7,0,0,7,848,72,776,23,0,23,277,7,221,8,41,
